No.,Instance_number,author_guid,account_age,author_type,average_hashtags,average_links,average_minutes_between_posts,average_post_lenth,average_posts_per_day_active_days,average_posts_per_day_total,average_user_mentions,default_profile,default_profile_image,friends_followers_ratio,number_followers,number_friends,number_of_crawled_posts,number_of_posts,Cluster
1,1,000a580ceb6c312ead2792bff08e51df,2284,?,0,0,?,10,1,2,1,0,0,3.168831,77,244,1,4947,cluster0
2,2,00101f62ae2430778c4b047252e4925f,2677,?,0,0,?,9,1,0,1,0,0,0.660057,706,466,1,804,cluster0
3,5,0025f741f9c33638a5add046c2b43fc4,1867,?,0,0,?,10,1,6,1,1,0,6.945596,386,2681,1,13065,cluster0
4,7,002d5955503b3c48946254dfe38e91d8,2599,?,0,0,?,20,1,0,0,0,0,0.24728,1011,250,1,2235,cluster0
5,9,004d9fcfde443b79a1b87065e281d049,782,?,0,0,?,10,1,3,1,0,0,6.098765,243,1482,1,2937,cluster0
6,13,0075ac8d435635e0a68ade514c2d5798,1766,?,0,0,?,10,1,7,1,1,0,5.553672,177,983,1,13364,cluster0
7,15,00832bbbc036397a80c11d2fb75c27ac,2692,?,0,1,?,22,1,0,1,0,0,1.951807,83,162,1,2265,cluster0
8,16,0094c828a39a3b3989d4f50058d49aab,1336,?,0,0,?,21,1,10,0,0,0,0.9,560,504,1,13878,cluster0
9,17,009b3aeda23832428683287958b2369b,1455,?,0,0,?,20,1,58,0,0,0,0.362041,627,227,1,84503,cluster0
10,18,009ecb5306c93b66a0157efd70a10948,2592,?,0,0,?,0,1,1,0,1,0,4.375,248,1085,1,3815,cluster0
11,21,00c72cacb3ca34cf80ec62fb0a442ba7,191,?,0,1,?,12,1,78,1,1,1,0.548387,31,17,1,14914,cluster0
12,25,00d195dcdc09357c8fcbf1942f8c8f02,2577,?,0,1,?,18,1,15,0,0,0,0.215239,2323,500,1,38770,cluster0
13,26,00d3a918816d309aac542bc79371c1ed,1624,?,0,0,?,25,1,1,1,1,0,2.640449,89,235,1,2259,cluster0
14,30,00e34a4198e43ae9bb43914e764036f2,15,?,0,2,?,17,1,74,0,1,0,2.03125,32,65,1,1114,cluster0
15,33,00f0da9d84023a89b827b26f6e7b7e3b,1381,?,0,0,?,10,1,6,1,0,0,3.888357,627,2438,1,9057,cluster0
16,34,00f2c0eeda403b258587f56752b95897,2477,?,0,0,?,8,1,3,0,0,0,1.260204,196,247,1,9657,cluster0
17,36,010d6a7e0da23bea89d895e35500d7ce,184,?,0,0,?,6,1,66,1,1,0,0.330357,112,37,1,12163,cluster0
18,37,01138ceb65ab398b95f6b56023fe8c00,2705,?,0,0,?,22,1,1,1,0,0,0.421088,4448,1873,1,5069,cluster0
19,40,0129f703e4ed3638abb4b3f15c2f7e36,2368,?,0,0,?,10,1,3,1,1,1,11.799065,214,2525,1,9183,cluster0
20,44,012f9dcfb30d39ff856d77dceac45b8d,1688,?,0,1,?,20,1,22,1,1,0,0.626524,1312,822,1,37789,cluster0
21,45,01384d031ecb3f77a6e31c21ee7d8788,1913,?,0,0,?,8,1,1,0,0,0,0.652318,302,197,1,2516,cluster0
22,46,01393f0e7ad3318dbbed3a2592de20ab,604,?,0,2,?,16,1,32,0,0,0,1.56749,1052,1649,1,19863,cluster0
23,47,013bb5fe7c5e30539930ac4e18a3222c,2101,?,0,1,?,17,1,68,0,1,0,0,627,0,1,143525,cluster0
24,49,014eef555cea39858c757db4b4cc75ad,80,1,0,1,?,12,1,0,1,1,0,11.144928,276,3076,1,2,cluster0
25,50,0156105befb434269d27ae03835f62af,1372,?,0,1,?,13,1,5,0,1,0,0.871094,256,223,1,8181,cluster0
26,53,015d80bb7992373d89199c2e8b234de4,26,?,0,1,?,13,1,3,0,1,1,3,10,30,1,98,cluster0
27,56,017b10c03d983b8ab660d19a7bcbd07e,1463,?,0,2,?,16,1,56,0,0,0,2.264151,795,1800,1,82434,cluster0
28,60,01ae2341628e3506b307151cc797b935,2485,?,0,0,?,20,1,0,1,0,0,4.07619,210,856,1,372,cluster0
29,61,01b5059b6db33133a3a44fb2b8fc3cc2,1580,?,0,0,?,10,1,54,1,1,0,3.226891,1547,4992,1,85333,cluster0
30,62,01b560b1fb6c3761a24be35fc1739853,853,1,0,1,?,7,1,1,1,0,0,9.032258,31,280,1,983,cluster0
31,63,01b8aace8dc6326dbb1f4c09c0727d79,888,?,0,0,?,6,1,45,0,1,0,0.704682,833,587,1,40126,cluster0
32,64,01bc67e39288381bac66ad9ecefd2191,2333,?,0,0,?,23,1,8,1,0,0,2.986938,689,2058,1,19360,cluster0
33,65,01be43231f4930aaba0d54a9d6820a55,1749,?,0,0,?,12,1,21,0,0,0,1,730,730,1,37044,cluster0
34,66,01c5d29d6ff73dcdb96ee0a10fc16a82,741,?,0,0,?,13,1,5,1,1,0,1.210145,276,334,1,3721,cluster0
35,67,01cabc11d06b334e83580684e681ff29,914,?,0,1,?,22,1,11,0,1,0,0.844444,90,76,1,10529,cluster0
36,69,01cb778f42a130899a9d8a1748f16ac9,3460,?,0,0,?,27,1,19,1,0,0,1.037284,751,779,1,66922,cluster0
37,71,01cfc993a90132c48f4b0b45feb5447b,818,?,0,1,?,7,1,1,1,0,0,13.55,20,271,1,1193,cluster0
38,73,01e09d7af3f83e2db9d7ce4d561a3e1e,902,?,0,1,?,21,1,9,1,0,0,3.01,200,602,1,8989,cluster0
39,76,01f0995beacd3a548565df953387b7cd,2693,?,0,1,?,23,1,25,1,0,0,3.578,1000,3578,1,67624,cluster0
40,78,0207020cf3f2368bb295be3eac152b3d,1879,?,0,0,?,11,1,13,0,0,0,1.013274,678,687,1,25807,cluster0
41,79,020fa6e5ebe43b9c845806a2ded83392,215,1,0,1,?,7,1,5,1,0,0,9.380952,42,394,1,1102,cluster0
42,80,02146158cf923cb186b5e3ff8d8ebc5c,1769,?,0,1,?,23,1,0,1,1,0,10.343284,67,693,1,738,cluster0
43,81,021a9dc7e98a38abb52230aef44724e7,533,?,0,2,?,13,1,122,0,0,0,0.006112,6545,40,1,65084,cluster0
44,82,0222468f8e8831de8145fc1b4e285bcf,2031,?,0,1,?,20,1,0,0,0,0,1.745283,106,185,1,393,cluster0
45,86,0238db7ce6f73d5185baaceb66eee256,2063,?,0,0,?,12,1,30,0,0,0,0.829427,1536,1274,1,61914,cluster0
46,87,0243c4589b513b94ad43ca9dd349faf8,1345,?,0,0,?,5,1,6,1,0,0,2.425926,216,524,1,8126,cluster0
47,89,024ae38973d23c86907c185f11e22628,2728,?,0,0,?,10,1,24,1,0,0,2.959963,1074,3179,1,67818,cluster0
48,91,025af28c7943334dba48e5ea14f00345,1166,?,0,0,?,15,1,0,0,1,0,0.916168,167,153,1,367,cluster0
49,93,02636590a16a3d49861b3a2a5593152e,1829,?,0,0,?,12,1,50,0,1,0,0.450918,1579,712,1,92031,cluster0
50,94,0266491133fc3204aaff2a9a1ef39188,692,?,0,1,?,23,1,20,1,1,0,6.496172,653,4242,1,14299,cluster0
51,95,026bd7c9a75d3eaf83df99c2d6ba49df,1231,?,0,0,?,27,1,1,1,0,0,0.886022,465,412,1,2205,cluster0
52,97,0278b402a7f63bb7a7186a548113801a,1185,?,0,0,?,7,1,6,1,0,0,3.086957,115,355,1,7233,cluster0
53,101,02828853ec873af690da685e872f4de0,1005,?,0,2,?,17,1,1,0,1,0,0.733193,476,349,1,1540,cluster0
54,102,0282e5567ee53fd1a6a8e0dd84adf80f,1562,?,0,0,?,10,1,6,1,0,0,10.154589,207,2102,1,10011,cluster0
55,104,0293c37afeab33fbb2ce11f2e9af72a2,78,?,0,0,?,21,1,14,1,1,0,1.506849,73,110,1,1126,cluster0
56,111,02c62d15163f308c88bb3eaecae62e6c,1529,?,0,1,?,9,1,79,0,1,0,0.093333,225,21,1,121579,cluster0
57,113,02cf0734982e34c592b2402453d257be,1831,?,0,0,?,21,1,23,3,0,0,1.400717,1395,1954,1,43402,cluster0
58,114,02e130f2395e3d3eace5b7b22e19bad9,1322,?,0,1,?,20,1,21,1,1,0,0.312676,355,111,1,28095,cluster0
59,116,02ee9b4f7b60361f91773bdede176546,1999,?,0,0,?,10,1,1,1,1,0,10,125,1250,1,2006,cluster0
60,117,02fb312e6f373237ad8dd2539f8e6c1a,972,?,0,0,?,10,1,6,1,1,0,7.615702,242,1843,1,5969,cluster0
61,119,030845f3c3aa364091d8a85bc0e14613,1261,?,0,0,?,17,1,1,0,1,0,0.538043,184,99,1,1581,cluster0
62,120,03099ba1efa73e97ac2af5ff35f5302d,1609,?,0,1,?,20,1,2,1,0,0,2.428571,189,459,1,4202,cluster0
63,122,03181e4a1a0f37a0bbdfeb719ef3c532,1699,?,0,1,?,11,1,0,1,1,0,2.029851,134,272,1,688,cluster0
64,123,031c0f43ae5c30abb878e0262cfcc7eb,1316,?,0,2,?,11,1,2,0,0,0,0.641634,759,487,1,2861,cluster0
65,124,0321df82b611369a9c12833937608dae,118,?,0,1,?,7,1,24,0,0,0,0.114713,401,46,1,2889,cluster0
66,127,0328fc9ba7bf3705ad0b09e16c797968,1092,?,0,0,?,4,1,77,1,0,0,0.532519,6550,3488,1,84751,cluster0
67,128,032a1b617ca33a1c9a229abf5f0a0a00,2060,?,0,0,?,10,1,5,0,0,0,0.752427,206,155,1,11802,cluster0
68,130,0339527c949534db8a5e11d1d3523feb,1516,?,0,0,?,10,1,5,1,0,0,8.018519,270,2165,1,8925,cluster0
69,134,035663bab85f313ab2b06e6ec619a734,2135,?,0,0,?,25,1,0,0,0,0,0.270677,266,72,1,1452,cluster0
70,135,0359f152f81538118447c3767f60ee77,1947,?,0,2,?,19,1,0,1,0,0,0.861042,403,347,1,1407,cluster0
71,136,035f7506da10319ba4efef1f6f945904,1988,?,0,0,?,7,1,51,0,0,0,0.96218,4019,3867,1,102118,cluster0
72,139,036a555a3ff93ebf9b52650bfd3b1a51,1054,?,0,0,?,10,1,5,1,1,0,4.84,175,847,1,5833,cluster0
73,141,0375c9a28d1f396e926bb0f9f7cc3881,1803,?,0,0,?,10,1,9,1,0,0,7.687356,435,3344,1,16899,cluster0
74,142,03777204cb913088a53bf8cf5d83f8be,1015,?,0,1,?,15,1,62,1,1,0,0.096895,2673,259,1,63658,cluster0
75,143,03799d68b927330199c1e7be40ac53a5,21,?,0,2,?,6,1,96,0,1,0,0,16,0,1,2029,cluster0
76,144,0384918210053921bc3ff32d0acccc87,2551,?,0,0,?,7,1,9,1,0,0,0.494382,534,264,1,24847,cluster0
77,147,03a33b2522d6353ca52cf714ae157f1b,1405,?,0,0,?,10,1,20,1,1,0,4.542056,642,2916,1,29169,cluster0
78,149,03adea1a0d033a4e9c19a83cea3c2207,1053,?,0,0,?,25,1,0,1,0,0,0.121124,1032,125,1,413,cluster0
79,150,03ae08d15f08338e83fb530a40d5b7fe,1248,?,0,0,?,9,1,39,0,0,0,0.283525,2349,666,1,49267,cluster0
80,156,03e1bc7009e032f9ba06424f2aa8e570,801,1,0,1,?,7,1,1,1,0,0,6.923077,26,180,1,1114,cluster0
81,157,03efe7da18ec3eb587916161e2907195,1855,?,0,0,?,19,1,38,0,0,0,0.851603,1341,1142,1,71346,cluster0
82,158,03f792efa13133db9303806d793b51bc,1130,?,0,0,?,10,1,22,1,1,0,2.061772,858,1769,1,25056,cluster0
83,160,03fa9782b7ff334fa77c6116a3b28ec3,1714,?,0,0,?,21,1,11,0,0,0,0.835294,595,497,1,19743,cluster0
84,162,0409aca9ba8e3719bfd1fdde849cbad2,37,?,0,0,?,0,1,94,0,1,0,0,66,0,1,3508,cluster0
85,163,040c792cc59135ff8c2858644a54d072,1810,?,0,0,?,10,1,1,1,1,0,4.357414,263,1146,1,2537,cluster0
86,164,040e306d2caa346d91db431ef5971141,2028,?,0,1,?,12,1,41,0,0,0,0.512642,2729,1399,1,84769,cluster0
87,166,0412764673d03f74b7a0678dd7494920,556,?,0,1,?,7,1,2,1,0,0,10.692308,26,278,1,1271,cluster0
88,167,042763a891aa3ec4bd613f5fe34df71c,1726,1,0,1,?,12,1,0,1,0,0,10.584906,53,561,1,116,cluster0
89,172,04478f76e0fa37a4bde91f3ec936b184,2678,?,0,0,?,22,1,2,1,0,0,0.598015,403,241,1,7181,cluster0
90,173,044d6e81c16b370a9240ef32a96db7cc,409,?,0,2,?,20,1,0,1,1,0,1.08,25,27,1,38,cluster0
91,174,044ee67e397936a28075d5bf30195e34,2157,?,0,1,?,16,1,1,2,0,0,1.361446,83,113,1,3627,cluster0
92,176,046477366bc3375a8f7710cc194d0a15,838,?,0,0,?,31,1,21,0,0,0,0.541494,482,261,1,18291,cluster0
93,177,04682a6065aa3202aba1f4fabeb6c08f,2692,?,0,0,?,10,1,0,1,1,0,2.903101,258,749,1,1336,cluster0
94,178,04717e78d28d33fab77c540f1fff243a,789,?,0,1,?,7,1,1,1,0,0,8.458333,24,203,1,1245,cluster0
95,180,0473a591316e3795a4942a2375d73d89,386,?,0,2,?,22,1,0,1,1,0,6.4,20,128,1,116,cluster0
96,181,047ed04a1f1d3fdfb5279808101b0993,1190,?,0,0,?,10,1,4,1,1,0,10.144068,118,1197,1,5890,cluster0
97,183,048068d7c87236c4980e3b7e44071228,25,?,0,0,?,7,1,0,1,1,1,0,5,0,1,5,cluster0
98,184,04917a1cdf8d357fa19963567a687891,806,?,0,1,?,15,1,0,0,1,0,17.5,2,35,1,245,cluster0
99,185,049e6489b7c8301e8ecd5c111c2582a2,112,?,0,0,?,28,1,134,0,1,0,0.007634,131,1,1,15073,cluster0
100,187,04b1fb4c651b33609c3c1b5cca7a6aa0,1897,?,0,0,?,22,1,0,0,0,0,5.555556,18,100,1,13,cluster0
101,188,04b61596c2fd3f09a2a36c4fd7814fee,470,?,0,1,?,13,1,12,1,0,0,6.7,160,1072,1,6069,cluster0
102,191,04cac7fef6c93bd799b953e6e57645af,1758,?,0,0,?,24,1,12,1,0,0,0.125693,541,68,1,22120,cluster0
103,192,04cada7bddfe3f9f8eafd24a08d71b85,2376,?,0,0,?,25,1,0,5,1,0,3.71875,160,595,1,1017,cluster0
104,193,04cc121544ea39329b2c6e1d2a3b53bf,1137,?,0,0,?,12,1,0,0,0,0,8.28,25,207,1,76,cluster0
105,194,04cc48852117398c93f6dfe0c933b0ef,102,?,0,1,?,8,1,17,0,1,0,1.05,20,21,1,1765,cluster0
106,195,04cf91c03c3d3787aeb7f02e2df51826,1858,?,0,0,?,16,1,0,1,0,0,2.837838,37,105,1,1265,cluster0
107,196,04d50c0196793affae581326db17fbc1,1153,?,0,0,?,8,1,0,1,1,0,1.3125,16,21,1,36,cluster0
108,197,04dde6357a933fd28589b29dd0021af4,1932,?,0,0,?,10,1,1,1,0,0,8.755556,180,1576,1,2542,cluster0
109,199,04fa6dff1b563a0d88221995833f944a,2671,?,0,0,?,21,1,24,0,0,0,0.229102,323,74,1,65533,cluster0
110,200,04fbae4baaa136e3b9dbf195ba532cde,2324,?,0,0,?,27,1,0,1,0,0,1.703704,54,92,1,527,cluster0
111,201,051171549978304d95e8ea32bac55eb0,374,?,0,2,?,22,1,1,1,1,0,2.333333,6,14,1,652,cluster0
112,202,0516ce0d332036f39fe93a7d0ae70b37,2619,?,0,0,?,1,1,0,1,1,0,1.75,16,28,1,269,cluster0
113,203,05212806d68f35fe9408f5920b80cc68,1665,?,0,1,?,10,1,0,1,0,0,1.046154,130,136,1,460,cluster0
114,205,05411622f6ab3727b34d29ec7456dd3d,1129,?,0,0,?,10,1,10,1,0,0,3.629534,386,1401,1,12324,cluster0
115,208,05481032257e345ba38c8b12ae817f32,2484,?,0,1,?,16,1,1,0,0,0,1.178723,235,277,1,3844,cluster0
116,209,054cf6005e0039ec87aa0ec6ab783c47,1381,?,0,1,?,17,1,62,0,1,0,0.6,260,156,1,85866,cluster0
117,211,055839694f0632978a7087b5c3722255,2748,?,0,1,?,19,1,1,0,0,0,0.939108,2332,2190,1,3197,cluster0
118,212,0567a741db0f3c32a8e2b4b051f7291e,1195,?,0,0,?,21,1,11,0,0,0,0.198957,1342,267,1,14101,cluster0
119,214,0573e53f8c9d327f9075179562951c33,2345,?,0,0,?,18,1,8,1,0,0,0.234119,3904,914,1,19585,cluster0
120,217,058fe065a52136449de2660c497b64be,1633,?,0,1,?,16,1,0,0,0,0,4.439394,66,293,1,89,cluster0
121,218,0598fe9d99d636cd972c127826872836,803,?,0,0,?,10,1,3,1,1,0,13.232143,112,1482,1,3131,cluster0
122,219,059a289497bb38a3bf29b2655e30a134,2338,?,0,1,?,23,1,0,1,0,0,6.483516,91,590,1,1331,cluster0
123,222,05ab823f70df3e1ca4aac1b07981c487,1654,?,0,0,?,10,1,10,1,1,0,4.98861,439,2190,1,17047,cluster0
124,223,05b00afaed4a3756bf1ec5f9adfa3500,1394,?,0,0,?,19,1,2,1,0,0,0.933921,227,212,1,3125,cluster0
125,224,05b0dbd6df2e3f30bdd03176aa6d534e,2718,?,0,0,?,21,1,7,3,0,0,1.401818,550,771,1,21197,cluster0
126,225,05be6d61f4f13db2ba0835117f86b927,2567,?,0,0,?,8,1,0,1,1,0,1.173077,52,61,1,124,cluster0
127,229,05d5b736683138ababc6ba068b04e3cb,1989,?,0,0,?,10,1,32,1,0,0,3.020128,1093,3301,1,65222,cluster0
128,230,05d96c80ddd73601ab5a1801ecb3c8cf,1517,?,0,0,?,10,1,3,1,1,0,5.570122,656,3654,1,5462,cluster0
129,232,05ec8b5e7a1039c69976a73eefca799a,929,?,0,2,?,13,1,9,1,1,0,3.057471,435,1330,1,9216,cluster0
130,236,06030815886b34dfbe851f26b737d800,604,?,0,0,?,14,1,62,1,1,0,0.326888,1086,355,1,37464,cluster0
131,237,0609d26a55ff376584e99627fad9bcff,2173,?,0,0,?,7,1,5,0,0,0,1.122807,114,128,1,12099,cluster0
132,239,0620a6d09f3d36bd9682e1113400e58a,151,?,0,2,?,15,1,49,1,1,0,0.634259,216,137,1,7478,cluster0
133,240,0625ff81a83632e397301d908d729948,762,1,0,1,?,7,1,1,1,0,0,11.35,20,227,1,1229,cluster0
134,241,062aaea5f8ad3af6909f62c426b17f5e,22,?,0,1,?,10,1,3,1,1,0,10.678571,28,299,1,68,cluster0
135,245,065a0c5f91a0302f8c02ee6395a724b4,1902,?,0,0,?,21,1,2,1,0,0,0.053659,410,22,1,3979,cluster0
136,246,065bb92fbfc736fb9e15e5bcf7fb48de,36,?,0,0,?,0,1,157,0,0,0,0.178571,28,5,1,5659,cluster0
137,249,066f7d54f80039eb9fd9ac9c8186d947,2292,?,0,0,?,18,1,7,0,0,0,4.795455,308,1477,1,16222,cluster0
138,251,069a91ba1f8237d6afb02983d589fac8,28,?,0,0,?,10,1,361,1,0,0,0,475,0,1,10112,cluster0
139,252,069e0c73002d350e9385682c38d75880,1929,?,0,0,?,24,1,15,0,0,0,1.034733,1238,1281,1,29062,cluster0
140,256,06ca93d231d8386aa554f13ea82be33b,275,?,0,0,?,10,1,136,1,0,0,1.080502,5180,5597,1,37475,cluster0
141,258,06d2583722a7391c89ab9633d6b79fdf,1752,?,0,0,?,22,1,20,1,0,0,0.507983,689,350,1,36319,cluster0
142,259,06d3e86cc01337c3af3c52ca1fce0c24,1383,?,0,0,?,10,1,42,1,1,0,5.729947,374,2143,1,58314,cluster0
143,261,06ec673c942039a9bcc517584f586cf9,560,?,0,2,?,16,1,58,0,0,0,1.044529,1572,1642,1,32780,cluster0
144,262,06edd3fee65b38148cf63b7e7dab88b3,106,?,0,0,?,27,1,17,0,0,0,1.804721,466,841,1,1889,cluster0
145,263,06f7e42e3f6731609386fdcc947845ef,1698,?,0,1,?,10,1,0,1,0,0,2.237705,122,273,1,644,cluster0
146,264,06f8a63d32b0373789456a1bccdf70bc,2209,?,0,0,?,8,1,33,0,0,0,0.542044,1546,838,1,73915,cluster0
147,266,06ff4743049c339eacc77100e2262949,87,?,0,2,?,13,1,70,1,0,0,0.922912,467,431,1,6133,cluster0
148,267,071b2a9c52cd346cba441a09cb590122,2721,?,0,0,?,10,1,1,1,1,0,6.986175,217,1516,1,2929,cluster0
149,268,071eb8a67a4c34b2963dda834a611b25,2263,?,0,0,?,12,1,3,2,1,0,0.310844,3661,1138,1,7955,cluster0
150,271,0732291f65fd33f5b9fcce8eaa9a8e80,2591,?,0,0,?,10,1,14,1,0,0,0.925768,4459,4128,1,38757,cluster0
151,4457,7842dd0220fe3d13aca5961a05606519,3504,?,0,1,?,20,1,8,0,0,0,0.088826,21345,1896,1,30706,cluster1
152,9097,fb26ab7d23dd3c3c83a68570fe0e7f42,3404,?,0,1,?,22,1,17,1,0,0,0.199717,18351,3665,1,59022,cluster1
153,5184,8bec25001375305784bb80cfa027cbae,3403,?,0,0,?,15,1,99,1,0,0,0.398807,6201,2473,1,339325,cluster1
154,611,10c94df0782d354f93daa13e8323ef15,3366,?,0,0,?,0,1,3,0,0,0,0.086998,16713,1454,1,12478,cluster1
155,2424,417734ec6ff93e7eb9237f3951a95aa0,3345,?,0,1,?,13,1,21,0,0,0,0.131737,10984,1447,1,71174,cluster1
156,1942,339753ccd91c36119ea6d2c7b58fd281,3282,?,0,2,?,13,1,3,0,0,0,0.009137,83401,762,1,12606,cluster1
157,484,0d451f66a5af36e4b399fd6e944fd91c,3247,?,0,1.266667,4871.507143,17.866667,2.5,19,0,0,0,0,779,0,15,62084,cluster1
158,8474,e9cafc3610be3a5bb6281234a164134f,3127,?,0,2,?,11,1,4,1,0,0,0.640425,10632,6809,1,13104,cluster1
159,7621,d0378e92fcae34ceadd102ef477d946f,3107,?,0,0,?,21,1,27,0,1,0,0.059749,11816,706,1,85201,cluster1
160,4314,748ef76db9be3a049c92ee6899bf98c0,3101,?,0,0,?,16,1,7,1,0,0,0.000837,46578,39,1,23474,cluster1
161,755,1476b9f43e5438fcaedd5267d6520bd1,3078,?,0,2,?,18,1,7,1,0,0,0.007947,22020,175,1,22184,cluster1
162,6740,b7d8fe225e6d3f8eb440078f851b3e75,3076,?,0,1,?,19,1,13,0,0,0,0.145839,17341,2529,1,40477,cluster1
163,5687,9ad3cca7e6ca3a9584d86c1e38ab0a8e,3071,?,0,1,2146.763725,20.142857,3.5,102,0,0,0,1.057359,92086,97368,35,315879,cluster1
164,3385,5c6301eb52a13a1d88ef973c174ee306,3044,?,0,0.166667,3370.68,21.333333,1.5,155,1,0,0,0.833571,132723,110634,6,473883,cluster1
165,8853,f41bd8476cc83692922c27579b079712,3027,?,0,0,?,4,1,14,1,0,0,0.076851,13780,1059,1,45256,cluster1
166,335,0940b98f7a5134278ada3db1b628bbab,3006,?,0,1,?,15,1,29,3,0,0,0.124568,10990,1369,1,89626,cluster1
167,4913,84123f3a94fc3a04bcf9f6c141ec6458,3004,?,0,1,?,13,1,3,1,0,0,0.031393,13315,418,1,9916,cluster1
168,580,0fed6e7ca06e35a5a26be21df0f4b56e,2990,?,0,1,?,15,1,59,0,0,0,0.007828,28872,226,1,177152,cluster1
169,8962,f7076194d9ec30d4a5b132a60e90d8d2,2980,?,0,1,563.604444,14,3.2,25,0,0,0,0.004515,4208,19,16,75310,cluster1
170,8457,e934b2ef79c3314ab7708a8ae83c6b3d,2969,?,0,1,?,21,1,9,1,0,0,0.176883,12415,2196,1,26819,cluster1
171,1359,23dbe290279d342d95d5eb5e87299479,2962,?,0,1,838.216667,16.5,1,6,0.5,0,0,0.495666,21226,10521,2,18647,cluster1
172,5572,972dbc50e40835979adc4bc5a6d108d5,2962,?,0,0,79.933333,14,2,4,0.5,0,0,0.008076,66242,535,2,12720,cluster1
173,5419,9268b011bc733e94aa75bcf879d235f8,2948,?,0,1,?,20,1,11,1,0,0,0.941011,15308,14405,1,34940,cluster1
174,6441,b0779791b93833e3bcc74d14ef825f2f,2927,?,0,1,?,13,1,11,0,0,0,0.144173,16390,2363,1,32502,cluster1
175,1779,2f50e9f6bcbd3c98b168d4379efcdcbe,2919,?,0,1,3840.183333,15.5,1,15,0,0,0,0.07589,14600,1108,2,45624,cluster1
176,8753,f19f1daed5d135c39662b6b1177d865e,2909,?,0,1,136.15,20.5,2,30,0.5,0,0,0.09398,49149,4619,2,90038,cluster1
177,1635,2b8aeafc813631e495e069c21f05d0ed,2901,?,0,0,?,0,1,2,0,0,0,0.018075,22241,402,1,6369,cluster1
178,5317,8fb38b32c92a35f8af47408e22cdec83,2888,?,0,1,?,10,1,30,1,0,0,0.159041,11890,1891,1,88008,cluster1
179,2154,39246e240bf834278bd105c76d49d2e8,2887,?,0,1,?,16,1,18,0,0,0,0.000014,724867,10,1,52258,cluster1
180,2103,37e45a0a09ea3184b3d69c76b15f3a02,2869,?,0,2,?,16,1,8,0,0,0,0.000535,24319,13,1,23330,cluster1
181,305,08376c6cea633721be31136a66b0f576,2852,?,0,1,355.933333,2,3,6,0,0,0,0.376623,77,29,3,17115,cluster1
182,1439,267e77c4e0d83ab2b9bd129db892c8fa,2838,?,0,1,?,19,1,146,1,0,0,0.891319,19939,17772,1,416294,cluster1
183,1982,34cc82af34683c1e97c13ae8a6b4e323,2837,?,0,0.5,4801.816667,21,1.333333,76,1,0,0,0.077681,20288,1576,4,216456,cluster1
184,4321,74c2c50a3ccf3ba6af9828373aaea9a8,2837,?,0,1,?,17,1,184,0,0,0,1.038382,1928,2002,1,523490,cluster1
185,2240,3ba6cf8cdab43fed9777af1a5f253e1f,2809,?,0,1,?,14,1,104,0,0,0,1.138987,4835,5507,1,293831,cluster1
186,1758,2ecae08c4e433791895d260d7bce8aca,2800,?,0,2,?,16,1,10,0,0,0,0.003487,579929,2022,1,28026,cluster1
187,4545,7a9e6207831235428d750f7e45091d03,2790,?,0,1,?,16,1,18,0,0,0,0.872685,7399,6457,1,51095,cluster1
188,3548,6087d63504e432049047084982084ef5,2778,?,0,1,?,17,1,1,0,0,0,1.093815,7696,8418,1,4232,cluster1
189,1165,1f3d313aff433b9fb5c813951d1f47cb,2775,?,0,0.666667,6990.825,10.333333,1,9,0,0,0,0.074049,7522,557,3,26006,cluster1
190,7701,d260184a24e93b70918beecd7b54cbda,2771,?,0,0,?,23,1,8,2,0,0,0.175404,12628,2215,1,23846,cluster1
191,2720,49d65a784c8f35dbb56022693b30bd6b,2767,?,0,0,?,25,1,35,1,0,0,0.632019,11006,6956,1,99000,cluster1
192,8524,eb6b6ea99a323149a2321ecedbc07932,2750,?,0,2,?,18,1,78,0,1,0,0.86015,7744,6661,1,217019,cluster1
193,6930,bd8ec2e919133708b37ff8c352e0aa73,2747,?,0,1,?,18,1,46,0,0,0,0.547207,9183,5025,1,126925,cluster1
194,7722,d2fb8154cee9395fb5fd664bbde1691d,2746,?,0,1,113.6,12.5,2,2,0,1,0,0.040174,3908,157,2,5949,cluster1
195,4917,8434e79a2dc4300f9393db36e834dd70,2737,?,0,1,?,9,1,71,0,0,0,1.083421,7612,8247,1,196434,cluster1
196,5195,8c42b543b63b360a8f0bb262bc20fe4b,2737,?,0,0,20159.9,7.5,1,11,1.5,0,0,0.009109,43693,398,2,30126,cluster1
197,5753,9ce30724ef4b3c42af12c8cfedbd1e11,2737,?,0,1,?,12,1,8,0,0,0,0.113531,17634,2002,1,22328,cluster1
198,987,19c6273412513d7fbea2ad7456288dcd,2730,?,0,0,2.116667,19.666667,3,10,1.666667,0,0,1.895447,593,1124,3,29563,cluster1
199,75,01ecc437c24334b89cd124d6a6b68335,2725,?,0,0,?,10,1,136,1,0,0,1.574556,3152,4963,1,370905,cluster1
200,1180,1f6f82ac1d9332f8bae36b90cc062d07,2722,?,0,0,2299.395238,0,1.142857,30,0,0,0,0.837458,11234,9408,8,83699,cluster1
201,745,14332e050e0d3cb18145725bbf1d4a3a,2719,?,0,2,?,14,1,4,0,0,0,0.092776,16265,1509,1,13387,cluster1
202,5017,86d7e819486d354491554b0dc72b4af2,2719,?,0,0.666667,1430.141667,18.666667,1,156,1,0,0,0.507404,6618,3358,3,424186,cluster1
203,6778,b8e0c42694ae3e6d97b779058ddab86b,2714,?,0,1,?,17,1,38,1,0,0,0.039056,23991,937,1,104442,cluster1
204,1115,1da5fadc20423734b77f57e50ab1bfbd,2712,?,0,1,?,23,1,24,0,0,0,0.000038,78342,3,1,67329,cluster1
205,1223,20af6c4225383e0dacd04be4bd1ed9c0,2712,?,0,0,?,10,1,112,1,0,0,0.775775,14093,10933,1,305892,cluster1
206,8782,f24fc74cd0033a28aeec42fd3d1f9a01,2711,?,0,0.333333,1794.75,13.666667,1,17,1,0,0,3.633083,1330,4832,3,46423,cluster1
207,4645,7d83f6645cee335f8da718a550350641,2710,?,0,1,361.15,23,2,155,1,0,0,1.097378,4806,5274,2,422158,cluster1
208,6995,bf10d90bb45d3b3693718f3e5356b6d9,2708,?,0,1,?,16,1,3,0,1,0,0.043151,9432,407,1,8497,cluster1
209,4819,81b2c9accb66348f9d19703d163d0546,2706,?,0,1,303.016667,11,2,18,0,0,0,0.000223,58198,13,2,49260,cluster1
210,5237,8d8c638dbd0939fb88802df8116d030a,2705,?,0,1,2075.3,18,1,15,0,0,0,0.00135,130386,176,2,42407,cluster1
211,878,172a0fd0317d33bd919de062015a40b8,2703,?,0,0,?,1,1,1,0,0,0,0.104839,16740,1755,1,4660,cluster1
212,1331,2358f962c78938deba5dd1cbdc9ec055,2702,?,0,0,0.083333,9.5,2,82,1,0,0,1.023819,4912,5029,2,222123,cluster1
213,1012,1a6d7bc15a8732f798a339532cf20b9d,2699,?,0,0,10.4,16.5,2,0,1,0,0,0.012516,25887,324,2,2393,cluster1
214,8230,e2142bc6e85738e28077b9687540ced8,2699,?,0,1,?,12,1,240,0,0,0,0.058357,8945,522,1,649982,cluster1
215,4125,6fe0890ce3f13c048baffe06b9f17cda,2698,?,0,0,3016.25,10,1,110,1,0,0,1.338163,3037,4064,2,296899,cluster1
216,4348,755e2c687505373d9ce12c311735ff4d,2697,?,0,1,?,19,1,250,0,0,0,0.009158,6115,56,1,676211,cluster1
217,2767,4afe165f3cbf3dbcba5edcbd25ca3bba,2695,?,0,0.25,6033.527778,22.5,1.333333,205,1,0,0,0.037705,145364,5481,4,553282,cluster1
218,4452,782a6fc79bb73b11a74b7686452a479f,2694,?,0,1,?,19,1,102,0,0,0,0.447836,6355,2846,1,276938,cluster1
219,7493,ccab0f9c7f8f370c9d0ba92453c63d15,2691,?,0,1,6992.058333,15.333333,1,14,0,0,0,0.012928,4409,57,3,38162,cluster1
220,7442,cb22ee539c8c3181971f0f61be6e1a4b,2690,?,0,0,?,17,1,40,2,0,0,0.027248,876904,23894,1,109887,cluster1
221,2343,3ee9e4fe728a3b1eaf344131793704d5,2688,?,0,0,?,8,1,59,1,0,0,0.307858,11109,3420,1,160097,cluster1
222,598,1072cf408a2c3d4ba35b8edda7d32057,2685,?,0,0,?,11,1,91,1,0,0,0.363566,34753,12635,1,245896,cluster1
223,8860,f45468f0ec2c3f51b55a94de2202f9a6,2685,?,0,0,250.108333,9.333333,1.5,49,0.333333,0,0,0.950928,3016,2868,3,132267,cluster1
224,8569,ec5f5445c9913526ad506040573c2586,2682,?,0,1,1049.800926,16.473684,2.375,35,0,0,0,0,2456,0,19,94377,cluster1
225,3240,58447f2b279532feae0eb33e2e840e57,2680,?,0,2,46.383333,16,2,34,1,0,0,0.012338,170932,2109,2,93233,cluster1
226,6325,ad0b43fd416830dd858c7a8cd0ecdb83,2679,?,0,0,?,10,1,246,1,0,0,1.099359,4992,5488,1,659164,cluster1
227,6314,acaa499c261c3028a39e1932418c55ae,2674,?,0,1,?,13,1,113,1,0,0,0.521298,986,514,1,303176,cluster1
228,1799,2fd0f224d9453f1594d732b0651b383a,2668,?,0,2,?,19,1,8,1,0,0,0.114785,64904,7450,1,21549,cluster1
229,5016,86d75bf0ebd738d48cf2ed9bf27f4f3b,2664,?,0,0,4.35,8,2,51,0,0,0,0.296359,7032,2084,2,138000,cluster1
230,3387,5c7b42ad31b93ac18090a2d5f60e5468,2663,?,0,1,3240.016667,19,1,16,0,0,0,1.065627,2758,2939,3,44202,cluster1
231,505,0dfc3a0d480434ee9bf915aa5c4b09a6,2662,?,0,0,5672.316667,13,1,39,0.5,0,0,0.238494,2151,513,2,105753,cluster1
232,8052,dcac12e2a87e3bb78b904efbacea33e5,2662,?,0,0,2323.283333,22,1,6,1,0,0,0.064016,25759,1649,2,16186,cluster1
233,8395,e73c2959081b344cb5463293b73e79f9,2662,?,0,1,?,15,1,41,1,0,0,0.934004,71565,66842,1,110959,cluster1
234,7096,c22bdb2e3871392fb90d343ca18fd14d,2660,?,0,1,20461.06667,8.5,1,8,0,1,0,0.005027,10544,53,2,22803,cluster1
235,8580,ec9926c40ac13789a2f185b13a3a2149,2660,?,0,0,?,17,1,2,1,0,0,0.833794,13399,11172,1,6810,cluster1
236,3278,594cad3733cd3452806204fc862f7ac7,2656,?,0,2,335.75,15,2,11,0,0,0,0.009741,43014,419,2,29982,cluster1
237,400,0b35429e0af337369f08518029fb02bf,2654,?,0,1,?,19,1,298,0,1,0,0.916667,732,671,1,792146,cluster1
238,4903,8397c4d0603c3dea92326d50fecc6aa8,2654,?,0,1,6.733333,14,2,2,0,0,0,1.228571,2170,2666,2,7211,cluster1
239,3599,61f94378d8d43b4885e0805b92f678ad,2652,?,0,0,1799.326667,0,1.5,26,0,0,0,0.753056,409,308,6,69780,cluster1
240,9072,fa3114060c0f3b3fa812f886eb249e99,2650,?,0,0,?,23,1,13,1,1,0,0.169,18929,3199,1,36028,cluster1
241,7734,d33bc5b286353aa9ae48ab5514fb9d47,2649,?,0,1,?,20,1,7,1,0,0,0.10904,81878,8928,1,20551,cluster1
242,2009,35841be275a83252baa7a915c833e402,2648,?,0,0,?,3,1,20,0,0,0,0.002085,118957,248,1,55440,cluster1
243,2396,406d0f2daacb364a8ce5a9e48076a24d,2648,?,0,1,?,9,1,4,0,0,0,0.833466,21365,17807,1,11454,cluster1
244,3811,6703320e5f46388e9e26afe3a3c7e99b,2648,?,0,1,?,16,1,4,1,0,0,0.769696,10091,7767,1,12493,cluster1
245,6449,b0bd2e4705db30d6b93188042c516465,2648,?,0,1,?,23,1,117,0,0,0,0.223414,4476,1000,1,312208,cluster1
246,4367,75e0c6794f323037905492870f8531a7,2643,?,0,2,?,15,1,57,1,0,0,0.04403,1136438,50037,1,152778,cluster1
247,2054,368d95cf66593c43bc0130cfc123825d,2640,?,0,0,?,21,1,124,1,0,0,0.836492,46909,39239,1,328277,cluster1
248,3195,573e3bfac1aa3777a8527ac8a89cb307,2640,?,0,1,?,20,1,498,0,0,0,1.628338,2322,3781,1,1317070,cluster1
249,5305,8f5686d0c699355da0178a363e7b48e9,2640,?,0,0,?,13,1,3,0,0,0,0.051529,20804,1072,1,8772,cluster1
250,1889,326b458beec13b0292210126589377c4,2639,?,0,2,?,13,1,3,0,0,0,0.049391,28062,1386,1,8021,cluster1
251,6114,a720ce78075f33c3b38f092ff27543f1,2639,?,0,0,?,10,1,85,0,0,0,0.062431,10908,681,1,225286,cluster1
252,8483,ea0d85bb1dcb31e9ac06b78401e3a353,2634,?,0,2,?,14,1,62,1,0,0,0.000323,1150118,372,1,164735,cluster1
253,2827,4ccbe4cb28bf3911b5b8d40de4005a2a,2633,?,0,0,?,15,1,7,0,0,0,0.087031,10502,914,1,20867,cluster1
254,976,19740990390d3f82adf68f836ce358ae,2632,?,0,2,?,16,1,6,0,0,0,0.007019,124939,877,1,16698,cluster1
255,7222,c55dc4f6646f34d9a66c17665c09d67f,2631,?,0,1,?,19,1,44,0,0,0,0.292723,10293,3013,1,117708,cluster1
256,5057,88046937256f31a49db6238f6f742d21,2629,?,0,0,?,0,1,19,0,0,0,0.000087,218485,19,1,50384,cluster1
257,1744,2e6bc76f662932b592e7c4f01405ac60,2624,?,0,1,?,20,1,35,1,0,0,0.972113,8355,8122,1,93952,cluster1
258,7668,d164011c97a3381cac0892c43f93382a,2624,?,0,0,?,26,1,155,1,0,0,0.393371,154770,60882,1,408167,cluster1
259,7538,cdc8259c3667361aa747d70d5e45d958,2623,?,0,0,?,7,1,70,0,0,0,0.979546,17454,17097,1,185671,cluster1
260,1353,23c0a5230a933ae1b1280f72deb04b3e,2614,?,0,1,15660.06667,13.5,1,5,0,0,0,0.039607,10276,407,2,15449,cluster1
261,6379,ae8421fb3d5e3f4e84b3103d84744646,2613,?,0,1,?,10,1,94,1,0,0,0.000174,1204408,209,1,246533,cluster1
262,6747,b7e96ea3d86c3b63a47ea46e83303a5e,2613,?,0,0,?,20,1,28,0,0,0,0.116985,9685,1133,1,74752,cluster1
263,4993,8632f00088dd3e80a585e874a7779838,2612,?,0,2,?,15,1,4,1,0,0,0.194662,10192,1984,1,10756,cluster1
264,5378,915df476d82c3eb78df3b04869534964,2611,?,0,1,?,13,1,9,0,0,0,0.864908,11370,9834,1,24161,cluster1
265,6487,b1b721bdfd553ca3920ceb3dc2d00ef6,2604,?,0,1,6539.833333,14.25,1,35,0,1,0,0.209082,4008,838,4,91932,cluster1
266,6962,be69402796c03d16ac58910efd6a8540,2603,?,0,0,29.7,3.333333,3,0,0,0,0,0.827471,597,494,3,141,cluster1
267,3059,5335cc358f883bc0b086db70f1fbc573,2602,?,0,1,?,14,1,15,1,0,0,0.010955,44639,489,1,39038,cluster1
268,587,1027a90b7a15364e820bfbaac02db500,2593,?,0,0,?,1,1,6,0,1,0,0.070502,13489,951,1,16460,cluster1
269,7403,ca0d519a460f3036ab07264518673179,2591,?,0,0,?,24,1,26,2,0,0,0.001121,79408,89,1,69885,cluster1
270,7439,cb0053bc20f437b2977fa4c578edd76e,2591,?,0,0.333333,2418.65,14.333333,1.5,64,1,0,0,0.772081,17221,13296,3,166988,cluster1
271,6340,ad9ffd53cb7e3041a2cc5364d871c420,2586,?,0,2,?,14,1,137,1,0,0,0.007762,773,6,1,356368,cluster1
272,7035,c03fcc03c34a3a668adcf2a1f131256b,2584,?,0,1,?,11,1,12,1,0,0,0.906721,8823,8000,1,32873,cluster1
273,7188,c42db5406f513380adbd98832922ca26,2582,?,0,1,8124.575,16.333333,1,173,1.333333,0,0,1.649835,3030,4999,3,447443,cluster1
274,8942,f65ec0fc110839c08542dd6faecc5c55,2577,?,0,1,?,23,1,220,1,0,0,1.100249,12828,14114,1,568555,cluster1
275,1979,34be2580a5a532b4a69d4c4d43ad5df7,2576,?,0,0,790.286667,9.333333,2,44,0,0,0,0.078976,20006,1580,6,115511,cluster1
276,6237,aa8caa58e34e34ce8f084ec2046338c0,2574,?,0,0,625.183333,9.5,2,81,1,1,0,1.456218,3369,4906,2,210010,cluster1
277,7607,cfdbcb9cc9ff327aa419ee6680268563,2573,?,0,1,1878.06875,21.444444,1.8,8,1,0,0,1.392759,1823,2539,9,21551,cluster1
278,3656,634ca82d5b34332db97c658f868091da,2571,?,0,1,?,12,1,33,0,0,0,0.046272,16684,772,1,86884,cluster1
279,2349,3f11827415d03e599469881397b7ccde,2569,?,0,1,?,18,1,18,0,0,0,0.94156,9822,9248,1,47984,cluster1
280,1096,1d08f640614c3561b55914f34cb37bc3,2566,?,0,0,?,20,1,90,4,0,0,0.01563,31989,500,1,232254,cluster1
281,5538,95ead855ec733a3ab99e04d819cdd52f,2565,?,0,0,54.483333,2,2,1037,0,0,0,0.837569,2007,1681,2,2660984,cluster1
282,3764,65dc45e205d43beaae757b0b036356ae,2564,?,0,0,?,6,1,2,1,0,0,0.003051,35400,108,1,7149,cluster1
283,1718,2d9d9ef6a6b438f9aeb1ac175399ef4a,2563,?,0,0,796.816667,7.8,1.666667,2,0,0,0,0.671292,1153,774,5,5138,cluster1
284,7900,d877c55149663a1d969fcdbcfbca7fc7,2562,?,0,0.333333,6455.583333,14,1.5,30,1,0,0,3.025552,1448,4381,3,78108,cluster1
285,743,14329e018e733b90a6e52fdf8dc77b3d,2560,?,0,0.5,669.533333,12.5,2,16,0.5,0,0,0.059972,44354,2660,2,42542,cluster1
286,2225,3b3dc828683e32c0bc4959d8a25a6617,2560,?,0,0,?,1,1,0,0,0,0,0.00604,17551,106,1,2187,cluster1
287,6881,bc1fbe802fa637fb80228be22f5dc451,2559,?,0,1,?,13,1,73,0,0,0,0.028827,327890,9452,1,187806,cluster1
288,4121,6fcf1eb4acaa36f093367e9528c2bf38,2558,?,0,0.5,644.5,5,2,3,0,0,0,0.088688,6957,617,2,9631,cluster1
289,3037,52b23299ab183f5eb0333f766ca833a4,2551,?,0,1,0.016667,16.5,2,266,0,0,0,0.503488,1577,794,2,680594,cluster1
290,7894,d85e0c328c2c32329fc62fc2b3155c1f,2551,?,0,0,?,9,1,89,1,0,0,0.948657,43784,41536,1,227647,cluster1
291,4889,834ef28fa8753e1ea5658213b0b0fd18,2548,?,0,1,?,18,1,2,2,0,0,0.699782,20625,14433,1,5763,cluster1
292,8643,eeac7f5f35b73fe581aea32eb86422f2,2547,?,0,1,624.361111,23,2,170,2,1,0,1.078684,4804,5182,4,435313,cluster1
293,1065,1c27011863ac373aa1fad140874a6257,2545,?,0,1,?,23,1,70,2,0,0,0.041104,19487,801,1,179148,cluster1
294,1723,2dd218087bff399aa05c8437807cd4a8,2545,?,0,1,?,23,1,49,3,0,0,1.098969,6598,7251,1,126135,cluster1
295,9016,f8bde3b91a533b509efbe7d48b524963,2545,?,0,1,?,14,1,3,0,0,0,0.125144,14743,1845,1,8167,cluster1
296,2909,4f30aa0efbf53be0a18bc008c9c5764f,2537,?,0,1,1080.788462,14,4.666667,0,0,0,0,2.071429,112,232,14,845,cluster1
297,5363,90eacc9aaa603b69bec9c5270a49bc6a,2536,?,0,0,?,15,1,185,1,0,0,0.08109,102392,8303,1,471318,cluster1
298,2190,3a04b31968ea31369f44ba309aa1f0dd,2534,?,0,0.666667,2466.1,18.666667,1.5,204,1,1,0,1.779887,2476,4407,3,518548,cluster1
299,3046,52e1cf85ba20341bac3f51849753f640,2532,?,0,1,?,15,1,453,1,0,0,0.133051,151972,20220,1,1149334,cluster1
300,7011,bf760fc87b2f332386b0105ddf53ea77,2532,?,0,0,?,22,1,547,1,0,0,0.082189,189928,15610,1,1385465,cluster1
301,4,0016bbe905233dff875dd013c9f0509a,23,?,0,1,?,10,1,8,1,1,0,111,3,333,1,205,cluster2
302,6,0026ede6e46031aaae66ac539fa52af9,23,?,0,1,?,10,1,3,1,1,0,38.111111,9,343,1,76,cluster2
303,8,003ebcbf316c371d9b311f1f5a04ddde,16,?,0,1,?,10,1,1,1,1,0,0,1,0,1,25,cluster2
304,10,0057ca27af533594a45ef30b32cba139,15,?,0,1,?,10,1,1,1,1,0,81,1,81,1,16,cluster2
305,11,006a3b690f7132e29a9cbbe9b4aebe11,15,?,0,1,?,10,1,3,1,1,0,156.5,2,313,1,55,cluster2
306,12,006d012613f03c60bed5e3fbe7a2e3f7,16,?,0,1,?,10,1,2,1,1,0,2,1,2,1,41,cluster2
307,14,007b7c120775342e9774cb570a349f17,16,?,0,1,?,10,1,7,1,1,0,100.333333,3,301,1,122,cluster2
308,19,00c0ec5ab17e3f4d87d6c756cd563620,16,?,0,1,?,10,1,1,1,1,0,1,1,1,1,16,cluster2
309,20,00c3e2f465573739a96d6559b44f3750,15,?,0,1,?,10,1,4,1,1,0,42,2,84,1,67,cluster2
310,22,00c8bb5820b231bdb903f7127ef4d8e2,16,?,0,1,?,10,1,2,1,1,0,83.5,2,167,1,36,cluster2
311,24,00c9f4adeccf3171b1206ae8b8dfd85c,15,?,0,1,?,10,1,3,1,1,0,48,2,96,1,54,cluster2
312,28,00d93e74534f3b408aa1b42b82a057ea,23,?,0,1,12.1,12.5,2,2,1,1,0,34.875,8,279,2,48,cluster2
313,31,00e4ebddd0b631ac8368f01bec5dbf4f,16,?,0,1,?,10,1,1,1,1,0,44.5,2,89,1,17,cluster2
314,35,01053423beac3ae8a5bc57e2e63f9cc0,15,?,0,1,?,10,1,0,1,1,0,0,0,0,1,14,cluster2
315,41,012b9024a6ec3314b02a6ea8999ec4d3,23,?,0,1,81.666667,12.5,2,3,1,1,0,87.333333,3,262,2,80,cluster2
316,42,012e58a36c193ad18f82e325c9f36731,16,?,0,1,?,10,1,2,1,1,0,43,4,172,1,46,cluster2
317,43,012ed6ba269b33a28745680a3e304ba1,23,?,0,1,?,10,1,7,1,1,0,66.8,5,334,1,182,cluster2
318,48,0149ff4ba8123874a945f949e5aaa614,8,1,0,1,?,12,1,2,1,1,0,27,2,54,1,18,cluster2
319,55,0168823fa10b38878e29246949ebbea2,23,?,0,1,48.183333,12.5,2,5,1,1,0,68.6,5,343,2,137,cluster2
320,58,019c888ff8b430dca72bea9e218e473b,8,1,0,1,?,12,1,5,1,1,0,27,3,81,1,47,cluster2
321,59,019e6990251737d282812a4e60ea133e,16,?,0,1,?,10,1,3,1,1,0,0,1,0,1,50,cluster2
322,68,01cb1db3f755396c82048d79fc51f809,16,1,0,1,?,11,1,1,1,1,0,0,0,1,1,17,cluster2
323,74,01ec5da4b60b39828455efef6450d06a,23,?,0,1,?,10,1,3,1,1,0,32.5,10,325,1,89,cluster2
324,77,01f8d4a674f13c5dace0b5a3faf29a60,22,?,0,1,?,10,1,4,1,1,0,98,3,294,1,101,cluster2
325,83,02246511f0963b94acd3242379112a06,23,?,0,1,80.116667,12.5,2,6,1,1,0,54.166667,6,325,2,145,cluster2
326,84,02272ff083653fad804147046d8a8d8e,23,?,0,1,?,10,1,3,1,1,0,65.6,5,328,1,82,cluster2
327,88,02450c2af9c031b2bced3ae2f41304fb,23,?,0,1,25.55,12.5,2,2,1,1,0,124.5,2,249,2,50,cluster2
328,90,024bd2684ac1319698cc9f723045691b,16,?,0,1,28.766667,12.5,2,4,1,1,0,34.6,5,173,2,70,cluster2
329,96,026bd7cf46d337548b12ca15cea08772,15,?,0,1,?,10,1,1,1,1,0,0,0,0,1,24,cluster2
330,98,027b107b79b43007a9988fe9d66bad7e,15,1,0,1,?,10,1,0,1,1,0,0,0,0,1,13,cluster2
331,99,027dc4fa9e4734399f9a0f1e0c122876,15,1,0,1,?,10,1,0,1,1,0,87,1,87,1,12,cluster2
332,100,02814b6425043120b8f35f787a3ecde6,22,?,0,1,?,10,1,2,1,1,0,19.125,16,306,1,51,cluster2
333,103,0292d89b69e83e79a733389a4ffa1323,16,?,0,1,?,10,1,4,1,1,0,42.75,4,171,1,78,cluster2
334,107,02aff50edde03e538a045fa4c245aab1,15,?,0,1,?,10,1,2,1,1,0,53.5,2,107,1,37,cluster2
335,118,0305706682b2362caa2e7403fc82ba4f,22,?,0,1,?,10,1,5,1,1,0,94,3,282,1,121,cluster2
336,125,03224ee951e53eb2aeb68ba66d797dda,8,1,0,1,?,12,1,47,1,1,0,17.5625,16,281,1,377,cluster2
337,131,0340b8c88e0f38f28182aca314b31e73,15,?,0,1,?,10,1,6,1,1,0,48.666667,3,146,1,101,cluster2
338,132,03489fed75be3d0693c5ac9ddbef8f0e,21,?,0,1,3.883333,12.5,2,3,1,1,0,44.5,6,267,2,82,cluster2
339,133,0349ac83cc153f2a989ba7c2b5446632,16,?,0,1,?,10,1,3,1,1,0,167,1,167,1,53,cluster2
340,137,03634e8434ed3bf7a7af556a320b47cc,22,?,0,1,19.35,12.5,2,4,1,1,0,84,4,336,2,96,cluster2
341,138,03644c95653e33b7bf566a8f71bb8d8a,15,?,0,1,?,10,1,1,1,1,0,0,0,114,1,17,cluster2
342,140,03726d90d98f33b5be940f58f0baa641,23,?,0,1,24.95,12.5,2,6,1,1,0,65.142857,7,456,2,147,cluster2
343,145,039a9d142a0032b99ab6e3929d86681f,16,1,0,1,?,15,1,1,1,1,0,55,2,110,1,17,cluster2
344,146,03a23483ccfc3edd89337c3e351afc2a,23,?,0,1,?,10,1,5,1,1,0,28.083333,12,337,1,135,cluster2
345,151,03b8f0179c1a3e83819f67b9296eb807,16,?,0,1,26.1,12.5,2,5,1,1,0,56,3,168,2,80,cluster2
346,153,03c62ebd25e837069472cded6264ada3,15,?,0,1,?,10,1,2,1,1,0,144,1,144,1,36,cluster2
347,154,03c987864a153c3f9270097f24bf0df1,15,?,0,1,?,10,1,2,1,1,0,99.5,2,199,1,31,cluster2
348,161,0408101be21730a9bb1cbc2230bbdb50,23,?,0,1,51.933333,12.5,2,3,1,1,0,55,6,330,2,80,cluster2
349,170,042972fa8d3038dab5bb71d358610afc,15,?,0,1,?,10,1,2,1,1,0,92,2,184,1,34,cluster2
350,171,0441b2071639333d978b663b60202a44,16,?,0,1,?,10,1,4,1,1,0,55.333333,3,166,1,67,cluster2
351,175,0460a84e4e8a3ac1b8c41831747b9408,22,?,0,1,?,10,1,2,1,1,0,30.7,10,307,1,52,cluster2
352,179,04738d6c3b7b34eaadedce073b2cc7a7,15,?,0,1,?,10,1,3,1,1,0,44,2,88,1,56,cluster2
353,182,047f1e68235138d284ebadb1fba9e844,16,?,0,1,?,10,1,1,1,1,0,29.4,5,147,1,23,cluster2
354,186,04b1c2f5a6433da59d72e56bcca4b59e,15,?,0,1,?,10,1,4,1,1,0,41,8,328,1,74,cluster2
355,189,04b9d517ecd63761ba8b1371dddb1a50,15,?,0,1,?,10,1,1,1,1,0,38.5,2,77,1,28,cluster2
356,190,04c4db91784e3d478a24ac29339ac3b3,15,?,0,1,?,10,1,6,1,1,0,32.166667,6,193,1,98,cluster2
357,204,0533a85ea41032258382a33386e3129f,15,?,0,1,?,10,1,2,1,1,0,112.5,2,225,1,36,cluster2
358,206,0545376ab8a33c43a7e6bffd0e61b84c,15,?,0,1,?,10,1,5,1,1,0,14.285714,7,100,1,77,cluster2
359,207,054590ce87df3cc28c5573caaa5497bf,22,?,0,1,?,10,1,6,1,1,0,14.818182,22,326,1,146,cluster2
360,210,0551f6a6945334d0a2a4bc60b6c0b6b3,16,?,0,1,?,15,1,2,1,1,0,0,0,1,1,33,cluster2
361,215,05749b810e503d2f977774dcc86ac2db,16,?,0,1,?,10,1,2,1,1,0,17.8,5,89,1,47,cluster2
362,216,05763f97397439b081a0a294dd02b0c2,15,?,0,1,?,10,1,4,1,1,0,17.833333,6,107,1,65,cluster2
363,220,059a8816a9803b1b96d3eb32cacf17b3,16,?,0,1,?,10,1,0,1,1,0,0,0,62,1,7,cluster2
364,221,05ab0830039d3ab98cd9b43f17a31d78,16,?,0,1,?,11,1,1,1,1,0,0,1,0,1,26,cluster2
365,226,05c0fc7512e438319641f99f8c82bbe5,22,?,0,1,?,10,1,1,1,1,0,64.666667,6,388,1,41,cluster2
366,227,05c400456d483d3c846ed3afb52dbbe2,22,?,0,1,?,10,1,1,1,1,0,37.125,8,297,1,22,cluster2
367,233,05f48f7a4f893982a2b4aea2acf0841d,15,?,0,1,?,10,1,6,1,1,0,150.5,2,301,1,101,cluster2
368,234,05f9de0bb18630019ca65f73ea3b544d,16,?,0,1,?,10,1,0,1,1,0,45,1,45,1,13,cluster2
369,235,05fab8c0ef4837e99a9d579f7958cb17,16,?,0,1,?,15,1,2,1,1,0,22,1,22,1,33,cluster2
370,238,06107de8a1a631278b76c30e3978aede,15,?,0,1,?,10,1,1,1,1,0,44,2,88,1,19,cluster2
371,242,062f59eb02fb3011a8b5764bba26cea4,24,1,0,1,0.333333,12.5,2,4,1,1,0,148.5,2,297,2,111,cluster2
372,243,0639119e874f3b41b41c278294674207,16,?,0,1,?,10,1,3,1,1,0,22,9,198,1,50,cluster2
373,244,064425c1bd5f37f0bc8a90e944f55dff,23,?,0,1,?,10,1,4,1,1,0,39.555556,9,356,1,113,cluster2
374,247,0660f5bb17353783be55af42260df325,22,?,0,1,?,10,1,2,1,1,0,27.5,12,330,1,48,cluster2
375,248,066e00b532133c1e9cee151bb2000a10,15,?,0,1,?,10,1,5,1,1,0,27.875,8,223,1,84,cluster2
376,253,069e10abcf4335ebb1a639dc1f1613ab,23,?,0,1,21.15,12.5,2,5,1,1,0,28.9,10,289,2,127,cluster2
377,254,06a3e9027e333f9bac481f1c7bd21835,16,?,0,1,?,11,1,3,1,1,0,30.666667,3,92,1,48,cluster2
378,255,06b078e7ce2837dfb527942fdde48288,15,?,0,1,?,10,1,3,1,1,0,15.833333,6,95,1,59,cluster2
379,260,06e9a43ddd5b39f78e832114c8be5556,8,?,0,1,?,12,1,2,1,1,0,0,0,5,1,23,cluster2
380,265,06f9ae354de43839a1b941f073a5b3e1,16,?,0,1,?,15,1,0,1,1,0,0,1,0,1,12,cluster2
381,270,0722ab2e4ff83cc0a9932ba1905216a8,26,?,0,1,?,10,1,3,1,1,0,45.714286,7,320,1,85,cluster2
382,276,075b46721cda3cc387a5cf906a8597fe,16,?,0,1,?,10,1,3,1,1,0,34.4,5,172,1,49,cluster2
383,283,07b00f0c06943e7aabed2709564496d4,23,?,0,1,?,10,1,4,1,1,0,42.428571,7,297,1,94,cluster2
384,287,07c861ee42e03fe8b885e8865436cfd1,23,?,0,1,?,10,1,2,1,1,0,68.4,5,342,1,64,cluster2
385,295,07ee4886e14232a8a70a86413e2adef1,16,?,0,1,?,10,1,1,1,1,0,1,1,1,1,16,cluster2
386,300,080987efc62d37f7af784b0560f001ec,15,?,0,1,?,10,1,5,1,1,0,81.5,2,163,1,82,cluster2
387,301,080d56e86c4f3a5cae7e7e49fbc35faf,22,?,0,1,49.05,12.5,2,7,1,1,0,52.666667,6,316,2,160,cluster2
388,309,0869f412f44d3ac88717cc02401c2807,23,?,0,1,?,10,1,2,1,1,0,67.2,5,336,1,54,cluster2
389,311,086c0eb53c8133cea418eb01686a64e6,23,?,0,1,30.166667,12.5,2,2,1,1,0,42.142857,7,295,2,57,cluster2
390,314,0871dae246273d7fb421ee64c87e2bee,15,?,0,1,?,10,1,4,1,1,0,72,2,144,1,61,cluster2
391,315,087ecc84d303300f8598cee106955ce0,22,?,0,1,?,10,1,2,1,1,0,308,1,308,1,46,cluster2
392,323,08b1811ac3b834a4a7d931931e12b503,16,?,0,1,4.7,12.5,2,2,1,1,0,18.25,8,146,2,41,cluster2
393,329,08fef745ace33aa3823b0b9a9edb9f39,16,?,0,1,?,10,1,2,1,1,0,35,3,105,1,33,cluster2
394,330,08ff91bbfb2d30a2b304bc4f93aaf76b,23,?,0,1,?,10,1,6,1,1,0,51,7,357,1,146,cluster2
395,334,093380c70a90324da02929602778b399,15,?,0,1,?,10,1,1,1,1,0,0,0,124,1,18,cluster2
396,339,094e65a6f7963620aba9d58dda75fd2f,16,?,0,1,?,10,1,1,1,1,0,73,1,73,1,18,cluster2
397,340,094effb0a991305d8a708b6a0f850295,23,1,0,1,46.8,12.5,2,4,1,1,0,28.181818,11,310,2,107,cluster2
398,342,0959a32f332131d3b66fa2372cfe50eb,21,?,0,1,14.383333,12.5,2,5,1,1,0,48,7,336,2,125,cluster2
399,343,0960e2ea855036c586dc7499f3e135e4,23,?,0,1,?,10,1,7,1,1,0,86.75,4,347,1,173,cluster2
400,345,0964225b232b3f9dafa81bc25ecbec28,16,?,0,1,?,10,1,0,1,1,0,84,1,84,1,10,cluster2
401,346,0970e6901a4c317ab7bb50aad204a903,15,?,0,1,?,10,1,1,1,1,0,0,1,0,1,18,cluster2
402,347,098f6e1951093545ac7527c58fdf2566,22,?,0,1,?,10,1,2,1,1,0,31.8,10,318,1,58,cluster2
403,348,099d5a78e9603cf2839c1e2d04544b2b,15,?,0,1,?,10,1,5,1,1,0,33,6,198,1,81,cluster2
404,349,099de8b94f0c3974a504e1bec7dda560,22,?,0,1,?,10,1,1,1,1,0,114,2,228,1,33,cluster2
405,351,09b78818bf3c3e8bb45ce677bc0daca5,15,?,0,1,?,10,1,1,1,1,0,0,0,6,1,16,cluster2
406,352,09c4b9d14a023566ada0a133be426115,15,?,0,1,?,10,1,1,1,1,0,115,1,115,1,28,cluster2
407,357,09da238076b63b7c97f59cde6aaacbce,24,?,0,1,46.95,12.5,2,5,1,1,0,37.333333,9,336,2,129,cluster2
408,358,09db1da297e335ad958314a56650c410,23,?,0,1,9.95,12.5,2,5,1,1,0,50.166667,6,301,2,119,cluster2
409,361,09f73c4ad57d3932a12a944620e8e658,23,?,0,1,?,15,1,1,1,1,0,55.333333,3,166,1,40,cluster2
410,365,0a04d89be85a34b0b549a839d1ed075d,16,?,0,1,?,10,1,3,1,1,1,13,2,26,1,63,cluster2
411,372,0a1f42f69e523f1f945bf075789c58a1,15,?,0,1,?,10,1,1,1,1,0,48,2,96,1,17,cluster2
412,374,0a31ea826451359eab28c81e106de13e,23,?,0,1,30.733333,12.5,2,6,1,1,0,42.875,8,343,2,147,cluster2
413,377,0a338a2b97f03c82bc1c44a0c056fa35,16,?,0,1,12.433333,12.5,2,3,1,1,0,55.333333,3,166,2,56,cluster2
414,379,0a4a68efb7ab365d9a13a36c9484a1b7,15,?,0,1,?,10,1,1,1,1,0,6.6875,16,107,1,21,cluster2
415,382,0a83d74935353d2fa2c218a34876c4a1,23,?,0,1,?,10,1,2,1,1,0,102,2,204,1,63,cluster2
416,386,0aa07076e36838f984854dd0a2a78de6,15,?,0,1,?,10,1,3,1,1,0,51.25,4,205,1,58,cluster2
417,389,0aa6851d41a33b7eaa6f65288e6c08cc,16,1,0,1,23.7,12.5,2,4,1,1,0,95,1,95,2,69,cluster2
418,390,0aa97688e66c363ebd5f194ec73653e5,16,?,0,1,?,10,1,0,1,1,0,30,3,90,1,10,cluster2
419,391,0ab000b1274e341d9bb8f3d500c876ae,26,?,0,1,?,10,1,3,1,1,0,183,2,366,1,91,cluster2
420,396,0b058ad90b2336038c844cfb76ac9130,8,1,0,1,?,12,1,9,1,1,0,27.5,4,110,1,79,cluster2
421,401,0b40e0b0f343309dbd1a0af8606cca93,21,?,0,1,?,10,1,2,1,1,0,313,1,313,1,54,cluster2
422,407,0b4f553abb7d306e928e7be381d5e6f9,15,?,0,1,?,10,1,4,1,1,0,167,2,334,1,74,cluster2
423,409,0b6235b52019361ea45bdc3c08a81730,23,1,0,1,93.3,12.5,2,4,1,1,0,55.5,6,333,2,99,cluster2
424,411,0b6739bbf5f23757a95e7699b1d5f704,16,?,0,1,?,10,1,2,1,1,0,0,0,180,1,39,cluster2
425,412,0b689370a0d9307b99f4bd2ef9262aa2,23,?,0,1,?,10,1,7,1,1,0,69.4,5,347,1,165,cluster2
426,416,0b823576d47f3e189bed6915b44efeae,16,?,0,1,?,10,1,2,1,1,0,160,1,160,1,44,cluster2
427,422,0ba62baeec373a3f8e1edfffbf8fc325,16,?,0,1,?,10,1,1,1,1,0,0,0,1,1,17,cluster2
428,426,0bc82d864df3327988893a2f4adc3e62,15,?,0,1,?,10,1,3,1,1,0,13,14,182,1,46,cluster2
429,428,0bd617c5b5c13f8d9be6f29fd47fdbf9,16,?,0,1,?,10,1,1,1,1,0,143,1,143,1,21,cluster2
430,429,0be6ec115af334829e13a0936b0b831a,15,?,0,1,?,10,1,5,1,1,0,27,11,297,1,80,cluster2
431,430,0beac682e6203c1fa6e70422605fb09f,15,1,0,1,?,10,1,1,1,1,0,32.333333,3,97,1,29,cluster2
432,434,0c0ba58873a437d292b2617bd10e3bda,15,?,0,1,?,10,1,3,1,1,0,45.5,2,91,1,52,cluster2
433,436,0c0e503ba97b3732bb1de8cf37838499,22,?,0,1,?,10,1,4,1,1,0,48.857143,7,342,1,95,cluster2
434,438,0c0fe8b4c363381293497bee0c710e0d,21,?,0,1,23.833333,12.5,2,5,1,1,0,75.75,4,303,2,116,cluster2
435,443,0c269bfb3b3832378deefe3ffd6e3581,15,?,0,1,?,10,1,5,1,1,0,96.5,2,193,1,84,cluster2
436,444,0c2927ffee683926ae8861a456c9864b,16,1,0,1,17.1,12.5,2,6,1,1,0,285,1,285,2,99,cluster2
437,445,0c2bdfd3a7f7318bb5ae2b0ec1acf061,16,?,0,1,?,10,1,4,1,1,0,33.75,4,135,1,67,cluster2
438,449,0c45b960e54b30048f2a7d2493a9588f,22,?,0,1,?,10,1,2,1,1,0,41.714286,7,292,1,51,cluster2
439,451,0c4c2d663be73a51af02c1fe04c4abc2,16,?,0,1,?,10,1,3,1,1,0,35,3,105,1,56,cluster2
440,452,0c4e92d9cb443fc0a3456d21040589e2,16,?,0,1,?,10,1,3,1,1,0,100,2,200,1,52,cluster2
441,455,0c6ba756bdd2390f8d82a35de8daba0c,20,?,0,1,18.566667,12.5,2,5,1,1,0,45,7,315,2,108,cluster2
442,464,0cb04fc54b2f3ae89527ece198528670,8,1,0,1,?,12,1,9,1,1,0,112,1,112,1,78,cluster2
443,468,0ce3ea1a3dc03c5ebe806205231248ac,15,?,0,1,?,10,1,2,1,1,0,23.5,8,188,1,40,cluster2
444,469,0cfd9133596d307da698cfe212b681fd,16,?,0,1,1.183333,10.5,2,2,1,1,0,26,4,104,2,44,cluster2
445,470,0d02e1b321083961836c168925fb33d7,15,?,0,1,?,10,1,4,1,1,0,17.6,5,88,1,69,cluster2
446,471,0d0e0a4a07213ec68f8397d7e95a0535,16,?,0,1,?,10,1,3,1,1,0,75.5,2,151,1,53,cluster2
447,474,0d1666eda4d6312da090b3f60f3563b6,16,?,0,1,?,10,1,7,1,1,0,104,3,312,1,126,cluster2
448,485,0d45d687a22337c8bd58b430efbf4106,16,?,0,1,?,10,1,1,1,1,0,10,1,10,1,24,cluster2
449,488,0d7045a470e63175b690d8b0ceede780,16,?,0,1,?,15,1,1,1,1,0,20.8,5,104,1,17,cluster2
450,489,0d78f84edbce3f30bf1239429c740de5,15,?,0,1,?,10,1,1,1,1,0,101,1,101,1,18,cluster2
451,1278,21ef362a2f2e37798c13d1a9648f3a61,1474,?,0,0,?,29,1,0,2,0,0,168.571429,7,1180,1,7,cluster3
452,6713,b742d98cc4f432e28a4f3c0efeacf89b,86,?,0,1,?,23,1,26,1,1,0,91.285714,7,639,1,2276,cluster3
453,4241,72c04dff48c13e13a0b56d6a60ac7cb0,1646,?,0,0,?,27,1,0,1,0,0,78.16,25,1954,1,8,cluster3
454,5810,9e4f81aecd763de2a6853efbe02808d8,11,?,0,1,?,14,1,0,0,1,1,63,1,63,1,1,cluster3
455,9020,f8d44522233b32358225bf9152ec7e22,495,?,0,1,?,20,1,0,2,1,0,61.066667,15,916,1,176,cluster3
456,5111,899a398d77d336539c62b4029c712655,496,?,0,0,?,29,1,0,2,1,0,53.03125,32,1697,1,193,cluster3
457,6836,baba455190303751a1ea036344e18f82,497,?,0,0,?,29,1,0,2,1,0,48.911765,34,1663,1,215,cluster3
458,873,1720278e33653d2c936e9f82645ed08d,200,?,0,0.5,5016.366667,16.5,1,27,1,1,0,47.52381,21,998,2,5401,cluster3
459,155,03d999b8435f3d429337aa2ce2a14341,339,?,0,1,?,23,1,28,1,1,0,43.366667,30,1301,1,9759,cluster3
460,5833,9ef8a7dcea793d08bf9ec6dd53a06de0,1820,?,0,0,?,10,1,0,1,1,1,39.636364,22,872,1,777,cluster3
461,2267,3c797ecd10b43212a2063fbe57f145ea,1931,?,0,0,?,25,1,0,1,1,1,39,1,39,1,6,cluster3
462,4990,861790b626393f928cbe363edfda8513,475,?,0,0,?,19,1,8,0,0,0,38.8,60,2328,1,3908,cluster3
463,4950,851e60af93e9378a842a2e89ce51087f,606,?,0,0.5,4888.383333,16.5,1,28,1,1,0,37.604167,48,1805,2,17098,cluster3
464,2693,491cc416f4dd3149aaad505d48ae2a03,821,?,0,1,?,23,1,36,1,1,0,37.238095,63,2346,1,30068,cluster3
465,9216,fee847757ebd3e6c89059e629ea5cefc,2251,?,0,0.5,4874.383333,16.5,1,9,1,1,0,37.160714,56,2081,2,21003,cluster3
466,7996,db6a55c83cb13c5e864c457b71df1e91,1671,?,0,0,?,22,1,0,1,0,0,35.474576,59,2093,1,149,cluster3
467,54,015dfe2fd0eb3522af265652cc6dc476,497,?,0,1,?,20,1,0,2,1,0,34.961538,26,909,1,210,cluster3
468,7132,c2e4219b678f3c489e3f94271dc25821,454,1,0,1,?,7,1,2,1,0,0,33.965517,29,985,1,1254,cluster3
469,888,175d3c2732f931c38bf0738a195eb8ff,20,?,0,0,?,10,1,5,1,1,1,33.333333,3,100,1,111,cluster3
470,2866,4dd73572758834359b2ffff29a790999,348,?,0,0,?,10,1,0,1,1,1,31.333333,3,94,1,98,cluster3
471,2158,393ec7088bfd30148044b97045a72569,478,1,0,1,?,7,1,3,1,0,0,29.64,25,741,1,1593,cluster3
472,3489,5ef7833244fe325f9ed7e3fa034d1f9c,434,1,0,1,?,7,1,2,1,0,0,29,19,551,1,1105,cluster3
473,6274,ab79e0434a8b31ef8df91095739021a9,7,?,0,0,?,10,1,24,1,1,1,27.833333,6,167,1,171,cluster3
474,2647,47c124dba89c37e1b8b2589d0a38a6c9,378,?,0,1,?,7,1,3,1,0,0,26.807692,26,697,1,1187,cluster3
475,2322,3e73262ae3f83a5ab1a5cff01925fea7,837,1,0,1,?,7,1,1,1,0,0,26.647059,34,906,1,1288,cluster3
476,902,179db0734f6c3d729d19d311042765cb,213,?,0,1,?,18,1,1,0,1,0,25.666667,6,154,1,355,cluster3
477,2633,47643056375a37b496ceae8a3bf0eb4c,15,?,0,0,?,11,1,?,0,1,1,25.6,5,128,1,0,cluster3
478,8628,ee4925a59c183026be4ad6a353d322f6,1132,?,0,0,?,10,1,0,1,1,1,25.529412,17,434,1,656,cluster3
479,521,0e7cc9848c8332f5ae0354acd45833c9,382,1,0,1,?,7,1,3,1,1,0,25.5,24,612,1,1174,cluster3
480,2830,4cd553f7e297305eb51bcf9d673c22ea,57,?,0,1,?,20,1,0,0,1,1,25,2,50,1,2,cluster3
481,6144,a7c63309dfcd363bad4010604750bd82,928,?,0,0,?,22,1,0,1,1,0,25,1,25,1,53,cluster3
482,6898,bcaf1926a77137128c9ec7196529daea,680,?,0,0,4.6,25.5,2,4,0,0,0,22.5,12,270,2,3104,cluster3
483,8887,f52025f88bde331bac85ac48439cbca7,737,?,0,0,?,10,1,6,1,0,1,21.754098,61,1327,1,4906,cluster3
484,8564,ec34a0c0bc7f3e22a81d891babb0cd54,15,?,0,0,?,10,1,18,1,1,1,21.4,15,321,1,282,cluster3
485,6840,bad88ff1d5513cb7a1940dd751be0e23,23,?,0,0,?,10,1,3,1,1,1,21.333333,3,64,1,71,cluster3
486,6493,b1c93d93855e37d3bf589e593c85bcc3,332,1,0,1,?,7,1,3,1,1,1,21.076923,13,274,1,1260,cluster3
487,3012,51f47bcc7bc8302cb72a214789726b18,611,?,0,0,?,10,1,2,1,1,1,19.723404,47,927,1,1505,cluster3
488,2270,3c875a7447dd32898a4ca710e9834b24,815,?,0,0,?,10,1,1,1,1,1,19.309524,42,811,1,1336,cluster3
489,6850,bb2fb2297bbe3e2ea51047de48694708,1394,?,0,0,?,10,1,3,1,1,1,19.008333,120,2281,1,4594,cluster3
490,6858,bb94f010c5ea3e868441703352a60b7f,5,?,0,0,?,10,1,1,1,1,1,19,1,19,1,5,cluster3
491,4530,7a458d33e4c832b28c2d26644724894e,2350,?,0,0,?,10,1,1,1,0,1,18.977273,44,835,1,2635,cluster3
492,6342,adaeeae205e03f45bc9f4bc93cac0273,26,?,0,0,?,10,1,15,1,1,1,18.785714,14,263,1,390,cluster3
493,5848,9f57759547e8367696cf4fa600f2140e,1125,?,0,0,?,10,1,8,1,1,1,18.758065,186,3489,1,9629,cluster3
494,8361,e65b9310cef33251bbd55f4a2dd3632c,626,?,0,0,?,10,1,4,1,1,1,18.520548,73,1352,1,2944,cluster3
495,3386,5c79bf4601593461b3e2710309c3be0f,148,?,0,1,?,6,1,0,1,1,1,18.333333,6,110,1,2,cluster3
496,2536,44905efa3d6f3f6990142cc8ef2d8e9c,2776,?,0,1,3.205556,14,4,0,0,1,0,18,5,90,4,30,cluster3
497,7190,c455f5805c5d356ab121c68482baeb93,765,?,0,0,?,26,1,0,0,1,1,18,1,18,1,113,cluster3
498,5224,8d41e94c72b133e6a18db0e416145430,1707,?,0,0,?,10,1,7,1,1,1,17.877301,163,2914,1,12441,cluster3
499,8288,e3de40700fb43223a66ae3da264c4919,1373,?,0,0,?,10,1,2,1,1,1,17.672566,113,1997,1,3972,cluster3
500,4343,7553e3c3eb3537308620f49960da89cb,983,?,0,0,?,10,1,1,1,1,1,17.089552,67,1145,1,1514,cluster3
501,5447,935ba7f9510e338e8d928f19428f94a7,102,?,0,0,?,3,1,0,0,1,1,17,1,17,1,3,cluster3
502,2456,427de55d4e9f3c3f95e5cad1591e39c0,567,?,0,0,?,10,1,5,1,1,1,16.865854,82,1383,1,2838,cluster3
503,1409,2594fb1a8489363fa1bb61b6f40bc4a2,1268,?,0,1,5665.941667,19.666667,1.5,0,0,0,0,16.844444,90,1516,3,725,cluster3
504,7227,c57177dc4b6f30aeb4d5e1c9a952df75,2697,?,0,0,?,10,1,3,1,1,1,16.822034,118,1985,1,9766,cluster3
505,4619,7cc068223abe3c589ab6dd5afeac00c7,1827,?,0,0,?,10,1,4,1,1,1,16.772277,101,1694,1,8619,cluster3
506,1576,29fd2367b13e3800bf5bf09bd4f7ef29,6,?,0,1,?,13,1,0,0,1,1,16.666667,6,100,1,1,cluster3
507,2779,4b5999a5e336396984f4271c67c113de,820,?,0,0,?,10,1,5,1,1,1,16.285714,133,2166,1,4694,cluster3
508,8382,e704280d50b23f5382cc03aabd48fbab,1619,?,0,0,?,10,1,0,1,1,1,16.125,8,129,1,322,cluster3
509,1715,2d9029792d9738f4b634fc6b1334fb8b,2342,?,0,0,?,10,1,1,1,1,1,15.676923,130,2038,1,4147,cluster3
510,3643,63101a3edf843815b1e73e1528a3d6a2,1435,?,0,1,?,18,1,0,0,1,1,15.478261,23,356,1,1432,cluster3
511,8481,e9e9544a22423aedb34d1ed62c257adc,269,?,0,0,?,10,1,8,1,1,1,15.359375,64,983,1,2349,cluster3
512,3606,62338a784f28317ba352adef2ea65f98,185,?,0,1,3192.85,14,1.666667,0,0,1,0,15.222222,27,411,5,140,cluster3
513,9099,fb362cb761a63729bb95d119293d9bf2,113,?,0,0,?,10,1,1,1,1,1,15.2,5,76,1,129,cluster3
514,7703,d2683d8b25a7306a860ecd4dab9aa20e,887,?,0,0,?,10,1,0,1,1,1,15.076923,26,392,1,722,cluster3
515,5684,9ac3215567773c01a3d81215abf54089,87,?,0,1,1823.533333,20.5,1,0,0,1,1,15,3,45,2,43,cluster3
516,5089,88c4dec88bb83da9bc5b60e12d323313,2388,?,0,0,?,10,1,1,1,1,1,14.336634,101,1448,1,2552,cluster3
517,6725,b77b7c8e5bf33511a3451198042a28e5,2392,?,0,0,?,10,1,1,1,1,1,14.254098,122,1739,1,4760,cluster3
518,7086,c1e5d564d33632268e1b3089a15623fd,2520,?,0,0,?,10,1,2,1,1,1,14.068493,146,2054,1,5469,cluster3
519,5295,8eeb3d5966b63173975b3be449a21158,1398,?,0,0,?,10,1,0,1,1,1,14,21,294,1,352,cluster3
520,3178,56f04297d1ea3d8d8100b10b2d7e97d8,269,?,0,0,?,10,1,19,1,1,1,13.731481,108,1483,1,5255,cluster3
521,6306,ac71dfac72743d7cb97ccbcde58ca847,1478,?,0,0,?,10,1,2,1,1,1,13.383929,112,1499,1,3519,cluster3
522,7987,db34c2acde333eebb9fa2c1dccec296c,1657,?,0,0,?,10,1,1,1,1,1,13.353659,82,1095,1,2385,cluster3
523,3031,527e6b6c4eec3d77bb76d1fa15af50d6,952,?,0,0,?,10,1,0,1,1,1,13.3125,16,213,1,235,cluster3
524,5569,970acda2411137e3a89452ae31df19eb,17,?,0,1,17.391667,12.666667,3,10,1.333333,1,0,13.136364,66,867,3,173,cluster3
525,617,10f2d021227f33dd81b6231e942ff300,1633,?,0,0,?,10,1,3,1,1,1,13.126582,158,2074,1,5008,cluster3
526,3955,6b4d276c20cc3bd1a92ced52192d978b,2388,?,0,0,?,10,1,2,1,1,1,13.096774,155,2030,1,5331,cluster3
527,5108,89837e5aa4c8306aab71c3f1721d8567,47,?,0,0,?,25,1,0,1,1,1,13,1,13,1,9,cluster3
528,6392,aee795f9556c350982c33175be320ed7,486,?,0,1,?,23,1,2,1,1,1,13,47,611,1,1042,cluster3
529,4483,791222007cde3d79a8602cf28f9ab304,1798,?,0,0,?,10,1,1,1,1,1,12.964286,140,1815,1,3430,cluster3
530,1340,2385ae94b2503b3c835303a90b9aabec,1640,?,0,0,?,10,1,1,1,1,1,12.846154,130,1670,1,2381,cluster3
531,9232,ff5764c8717d3b5592f32a6b08556b1a,295,?,0,0,?,10,1,8,1,1,1,12.772727,44,562,1,2432,cluster3
532,3155,5620d701315630a99db157790df8341e,873,?,0,0,?,10,1,10,1,1,1,12.678161,174,2206,1,9535,cluster3
533,5715,9b626a06f9ee3a4194cc140d52c57bdb,1053,?,0,0,?,10,1,16,1,1,1,12.579399,233,2931,1,17362,cluster3
534,3097,5447c0d9cd3d3dbba123ae74e9ac0c9d,61,?,0,1,?,14,1,1,0,1,1,12.5,2,25,1,76,cluster3
535,3053,531cd60258f23f59892b25de5d63dc49,475,?,0,0.5,0.133333,8.5,2,14,0.5,0,0,12.161677,167,2031,2,6810,cluster3
536,5717,9b89b1ad68f43af2baad4e472f217ed8,1283,?,0,1,?,23,1,1,1,1,1,12.08642,81,979,1,2115,cluster3
537,1320,22edf743c5133fe1ac02ce9416d973f3,1943,?,0,0,?,27,1,0,1,1,1,12.033333,30,361,1,890,cluster3
538,4514,7a0304a9ba1639b898fc65b226c1a0b7,6,?,0,0.5,810.9,22,2,19,0,1,1,12,2,24,2,117,cluster3
539,7791,d544760beb473d5e8b8f55bdcfd196a0,142,?,0,1,?,21,1,1,0,1,1,12,1,12,1,163,cluster3
540,936,1883707834cc33b0aa998f0c23e1cd44,464,?,0,0,?,10,1,3,1,1,1,11.962264,53,634,1,1573,cluster3
541,6948,be0b876fec173f37b7d5cf9e4b4fe21e,87,?,0,1,20840.05,6,1,49,0,1,0,11.933014,418,4988,2,4303,cluster3
542,2975,50db01f8171d3a3d8b01cd20bca583a7,145,?,0,1,?,19,1,0,0,1,1,11.8,25,295,1,38,cluster3
543,152,03ba3a5ff86e3ef0988fb3d97c1169aa,133,?,0,1,?,12,1,0,0,1,1,11.25,4,45,1,6,cluster3
544,3646,63211e83ce263ef78f76c27fea7d8a82,672,?,0,1,3644.12,20.333333,1.2,96,0,1,0,11.08,125,1385,6,65104,cluster3
545,4876,8309f16fc2173a23b769dbe039bbe48a,1230,?,0,0,?,10,1,0,1,1,1,11,13,143,1,181,cluster3
546,8859,f449b8695e7539a29c6d38b3a735b9a1,522,?,0,0,?,10,1,0,1,1,1,10.833333,6,65,1,85,cluster3
547,2380,3ff2008e0c90384f853f27bfd3177508,1547,?,0,1,?,23,1,2,1,1,1,10.575,80,846,1,3220,cluster3
548,2458,428157488e1b34b0bc64009ad5caf481,100,?,0,1,?,23,1,29,1,1,1,10.333333,180,1860,1,2980,cluster3
549,4114,6fa15326ae23336d8f6a13ddd0714f7d,5,?,0,1,?,18,1,6,0,1,1,10.333333,3,31,1,32,cluster3
550,8993,f81b307b2b0032f88ae1982514b05f18,1267,?,0,0,?,27,1,0,0,1,1,10.333333,15,155,1,207,cluster3
551,691,12d3e045d6ab304eb85d9def4239c0e7,19,?,0,2,16777.33333,14,1,2,0,0,0,10.2,20,204,2,48,cluster3
552,324,08b859e81ac830aba26b93ad0d523b3a,204,?,0,0,?,14,1,0,1,1,1,10,1,10,1,18,cluster3
553,1630,2b65e931ae65333885bc8adc167ed16b,154,?,0,2,?,16,1,1,0,1,1,10,4,40,1,238,cluster3
554,5500,950bbeb0861a3adb95fae0ae3a8902d0,317,?,0,0.5,2001.366667,16.5,2,4,1,1,0,9.806452,31,304,4,1487,cluster3
555,4034,6d2de0fccfe6318ca13a93f240f562b4,2351,?,0,1,26.383333,14,2,0,0,0,0,9.709091,55,534,2,539,cluster3
556,4398,76d9952cd2583cb4aff40586397d93a3,24,?,0,0,2669.85,6.5,1,0,0,0,0,9.625,24,231,2,18,cluster3
557,9239,ff7bca8ee0fc3dae80146ad1792c29df,243,?,0,0,?,10,1,2,1,1,1,9.519685,127,1209,1,598,cluster3
558,7090,c1fdf7e4cbe93227a2f3b055878bf412,59,?,0,2,?,14,1,130,0,1,1,9.476839,367,3478,1,7676,cluster3
559,5987,a3ceae5a35e03a4e9ed102711209b9d5,1424,?,0,1,2183.491667,14,1.5,0,0,1,0,9.358209,67,627,3,40,cluster3
560,896,177dc18c767938119953bbebba995153,260,?,0,0,91.92963,15.5,5,6,0,1,1,9.342466,73,682,10,1719,cluster3
561,2818,4c5007b879b134dbb0cacef2372a397e,2433,?,0,2,?,18,1,0,1,1,1,9,4,36,1,40,cluster3
562,3953,6b449e82c10035e1a876275ec079a34e,856,?,0,1,5792.733333,14,1,0,0,1,0,8.909091,11,98,2,25,cluster3
563,72,01dd78d8d2a734aa8699d00788739d80,613,?,0,0.5,12727.3,16.5,1,18,1,0,0,8.751553,322,2818,2,11533,cluster3
564,4635,7d22b686654639a1a784d00de89a32c1,151,?,0,0.5,0.3,22,2,2,0.5,1,0,8.705426,129,1123,2,376,cluster3
565,5371,9114070c521934aa93a108e0b16e8781,545,?,0,0,6.516667,15,2,0,2.5,1,0,8.666667,9,78,2,345,cluster3
566,1446,26a5a35e5b33351aa4a0e97c465c55ce,180,?,0,1,?,23,1,11,1,1,1,8.492308,65,552,1,2032,cluster3
567,397,0b29258ac8063c83a5be0abe24e4c888,38,?,0,1,3167.8,15.5,1,942,0,1,0,8.384615,26,218,2,35820,cluster3
568,2628,473e5663666730b499c6e2fecdc49962,18,?,0,1,3.391667,20,3,0,0,1,0,8.3,10,83,3,13,cluster3
569,7889,d827d9e8e2633fc98d46efa3652416b3,1278,?,0,1,2.575,18,3,2,0,1,0,8.148148,54,440,3,3624,cluster3
570,1341,2386e23616ca3bc48a801cf2b4d2d974,103,?,0,1,6119.425,6,1,123,0,1,0,8.144681,470,3828,3,12759,cluster3
571,3951,6b3d9c200e473f57aee26fac49be5765,22,?,0,1,2006.333333,20,1,1,0,1,0,8.076923,13,105,2,37,cluster3
572,7896,d86cc91143ef38d19680f0c529feec60,63,?,0,1,?,20,1,0,0,1,1,7.833333,6,47,1,11,cluster3
573,1000,1a13a7bebf5b3766bf97a656a94464bc,292,?,0,1.5,0.216667,21,2,43,1,0,0,7.802597,385,3004,2,12698,cluster3
574,1158,1efd163c1d5a3a4c8fdd78a9c2f1d416,11,?,0,1,?,21,1,2,0,1,1,7.692308,13,100,1,27,cluster3
575,3363,5bf775fd6b643ad0a501df0c36b2ed45,11,?,0,1,189.55,18.5,1,4,0,0,0,7.4,5,37,2,54,cluster3
576,6859,bb9b9e5b8d50344c960f613b6b4ffacc,1396,?,0,1,22.383333,17,2,45,0,0,0,7.396226,265,1960,2,63374,cluster3
577,4832,8220e734b13934c48a12e0c0fc9a793a,913,?,0,0.5,16331.5,16.5,1,0,1,1,0,7.285714,21,153,2,291,cluster3
578,4492,79661c76fae53119a477b6fa77057e2b,520,?,0,1.5,0.033333,20.5,2,24,1,1,0,7.190184,326,2344,2,12886,cluster3
579,4226,7268fab539693e4aa2999b5d4bde739c,298,?,0,0,0.166667,9.5,2,48,1,1,0,7.187867,511,3673,2,14436,cluster3
580,2635,476ab1d157d23f9c8fb14a2db1e83265,85,?,0,1,242.922222,14,4,0,0,0,0,7,9,63,4,10,cluster3
581,7583,cf088712459732cf8b85ab9969d5d1ad,464,?,0,0.25,0.2,4,4,7,0,0,0,6.752137,117,790,4,3425,cluster3
582,7322,c815d622e314352c9b7e66c04ed6d9be,237,?,0,0.5,4841.683333,16.5,1,20,1,0,0,6.751908,262,1769,2,4801,cluster3
583,4554,7ae0179f681635059be7139543c7bce1,2672,?,0,0,8.433333,22.5,2,0,1,0,0,6.567568,222,1458,2,1696,cluster3
584,7101,c23e67ff421b336bb127960806070bfd,1861,?,0,1,1762.716667,15,1,0,0,1,0,6.358025,81,515,2,670,cluster3
585,6821,ba390d4a60cf3082baa3a1bc6dfbf1d8,32,?,0,1,20229.96667,23,1,74,1,1,0,6.356643,143,909,2,2374,cluster3
586,974,196d7a9f62ba3f48bcab2e0823f02ab8,2440,?,0,0.5,0.266667,4.5,2,4,0.5,0,0,6.288288,333,2094,2,10173,cluster3
587,6427,b01b78f835963e70ae4d69c0b2a693de,213,?,0,1,1221.847222,16.571429,1.75,1,0.285714,1,0,6.236842,38,237,7,343,cluster3
588,6924,bd7a43c7f71036ae815a4adde02fe7a3,1068,?,0,0,0.033333,9.5,2,5,1,0,0,6.228495,372,2317,2,5457,cluster3
589,4274,7371c1762f3b37428d9924ca6ba9990b,52,?,0,2,16047.5,20.5,1,0,0,0,0,6.108108,37,226,2,23,cluster3
590,2327,3e7b1257e52739bfa5ebf3412e40bcd8,400,?,0,0,5.85,17,2,0,1.5,1,0,6.083333,12,73,2,16,cluster3
591,4633,7d1850a732eb3d21b271e1db6295ad8c,19,?,0,1,0.916667,15.5,2,8,0,0,0,5.873171,205,1204,2,156,cluster3
592,9192,fde89c9a7d9b3ffab4945531e3917e87,1400,?,0,0,1.3,8.5,2,8,1,0,0,5.763761,436,2513,2,11594,cluster3
593,5664,9a0f13ad152b38adac54a36e2d3ace4b,31,?,0,1,?,23,1,564,1,1,0,5.692068,643,3660,1,17513,cluster3
594,1224,20afd1cd960331aba306a657b0f6eaac,498,?,0,0,17158.66667,5,1,49,0,0,0,5.626087,115,647,2,24568,cluster3
595,3514,5f94f67086b23728ad00817d8b383f85,1215,?,0,0.5,5829.816667,16.5,1,26,1,0,0,5.600677,591,3310,2,32415,cluster3
596,2531,44799a6465f339d68ac07adac27ee774,285,?,0,2,?,15,1,4,1,1,1,5.6,25,140,1,1223,cluster3
597,437,0c0f4b85232f32caa576d7fac319f871,1432,?,0,0.5,1.616667,16.5,2,1,1,1,0,5.533708,178,985,2,2696,cluster3
598,8570,ec616aba640d3b1ea63991b45b02cc3c,1825,?,0,0.5,7331.8,16.5,1,14,1,0,0,5.485265,509,2792,2,27307,cluster3
599,2474,42ff4ab62c07368ca15cd92fc6434b00,103,?,0,1,33080.25833,6,1,123,0,1,0,5.441573,890,4843,3,12724,cluster3
600,3357,5bbec8b388f83a4ca2ec0d344f7b7484,132,?,0,0,0.2,9.5,2,272,1,1,0,5.419173,532,2883,2,36011,cluster3
