No,Instance_number,author_guid,account_age,author_type,average_post_lenth,average_posts_per_day_total,average_user_mentions,boosting_timeslots_count,friends_followers_ratio,number_followers,number_friends,number_of_posts,number_pointers,Cluster
1,1673,4ea1a9602b353933a2ffcd3777f4a183,83,?,6,44,0,0,2.48062,387,960,3720,1,cluster2
2,5096,f014f8a81676384286383ea81770fd3d,1649,?,14,0,0,?,2.459016,61,150,164,?,cluster2
3,2065,608a4308720e3d5f84ef73ec4dde6766,239,?,16,58,0,0,2.371773,581,1378,14077,1,cluster2
4,4558,d617ad56a63e3ca281122456cbe548e2,1651,?,16,3,0,?,2.323572,683,1587,5230,?,cluster2
5,494,16ca2f10cd5f3f1da0952a3147dc86ec,145,?,14,9,0,0,2.214976,414,917,1331,1,cluster2
6,4260,c8bffec4972f3de7877fd2afeab5a649,109,?,4,33,0,0,2.134,1000,2134,3664,1,cluster2
7,2485,72d1b1843fa635b9893f1cc6697eb868,106,?,14,106,0,?,2.105263,19,40,11337,?,cluster2
8,831,266c3da891df3c078d0a61fb2f4e6db2,92,?,15.5,124,0,?,2.105263,19,40,11475,?,cluster2
9,4846,e3df822e41503d52bf7611f98022c2bb,109,?,5,34,0,0,2.092387,1353,2831,3716,1,cluster2
10,1052,300b6b2bc0213e48a53b94be2c88eae6,118,?,1,20,0,0,2.043973,1319,2696,2447,1,cluster2
11,3006,8a8a0724dd253a9391a1f8bd5ecf80fe,196,?,5,4,0,?,2,11,22,826,?,cluster2
12,2297,6abdd51ea8a731ffa18efcd3f50c1f4f,108,?,17.666667,79,0,?,2,20,40,8533,?,cluster2
13,2743,7deafe7ff3f23693bdb009399e2805ad,208,?,18,152,0,0,1.941176,680,1320,31736,1,cluster2
14,2621,782a577a03933f3fa3ee4a39f9036976,108,?,15,86,0,?,1.904762,21,40,9347,?,cluster2
15,3777,b18afb2aa09e3ce6bf37de78499b659d,89,?,16.8,122,0,?,1.904762,21,40,10872,?,cluster2
16,562,19b0ba65dfef3a36bdaeb1c8933dd5b8,526,?,20,3,0,0,1.833333,72,132,2102,1,cluster2
17,143,06edd3fee65b38148cf63b7e7dab88b3,102,?,27,18,0,?,1.804721,466,841,1889,?,cluster2
18,4696,dccdd90c10bb3eb5971e74d40731bc02,1866,?,20,0,0,?,1.785882,425,759,1623,?,cluster2
19,3471,a2c4e025e86330f386f5cfb74d46be35,2282,?,12,5,0,?,1.771898,548,971,11886,?,cluster2
20,1461,440b4fb5b7dd36a194c82de590c7352f,1675,?,11,3,0,?,1.751256,398,697,5371,?,cluster2
21,5233,f68e250edc6531788d8915d2202230fe,108,?,18,93,0,?,1.73913,23,40,10099,?,cluster2
22,1843,571e306e6e3831c0aa7cde5eb59c71c3,2652,?,11,1,0,0,1.709261,1393,2381,2831,1,cluster2
23,4855,e4586f32a7863f5791b70fb34322bf81,1681,?,17,1,0,?,1.660952,525,872,3201,?,cluster2
24,171,08964b54b7df3b4798ee2629d987f76b,99,?,6,129,0,0,1.656033,1442,2388,12781,1,cluster2
25,3758,b0f7b162a799377aa3755e7b1fe9c6fb,969,?,18,6,0,0,1.654321,567,938,6000,1,cluster2
26,5301,f9e8102ca0f63b00a018608d0a13f0af,119,?,9,316,0,?,1.64532,406,668,37681,?,cluster2
27,281,0dddb15f34a43fc7873195da06270508,2429,?,20,3,0,0,1.600334,1196,1914,7669,1,cluster2
28,2460,7199b0930a3b3ed996d0b6303c3bfdd5,70,?,14,86,0,?,1.55,20,31,6049,?,cluster2
29,4182,c518b9f84d233f40a2015003d5c1ac79,1622,?,10,5,0,?,1.549296,355,550,8292,?,cluster2
30,1211,374b91073f323841b2b8c9e3f20c464c,889,?,14,129,0,?,1.536789,598,919,115411,?,cluster2
31,367,1227a24136c835aab5d005c61dbfc491,595,?,8,0,0,0,1.512195,41,62,89,1,cluster2
32,2657,7a2918e08c0b3c22b5c04aab58c04028,2087,?,9,0,0,?,1.508048,994,1499,731,?,cluster2
33,4313,cae41da2c1c13266a06c16b9de7dd489,2364,?,14,0,0,?,1.497006,334,500,373,?,cluster2
34,1390,4032d78e69fa37a18d114fdc92c88167,1812,?,9,3,0,?,1.478659,328,485,5532,?,cluster2
35,3771,b14e76bbe3503ea98466fd7fd4c01a8c,1202,?,17,0,0,0,1.478528,163,241,653,1,cluster2
36,4440,d077b726f58c36d7a621fe3d2b5e03a0,827,?,15,0,0,?,1.468571,175,257,804,?,cluster2
37,1965,5c502314904433ffa9dff492a2c6b21a,1393,?,10,9,0,?,1.385965,342,474,12551,?,cluster2
38,4800,e1cd5d9516703f9aa42c23e642e77092,1389,?,5,1,0,?,1.377049,122,168,1764,?,cluster2
39,3003,8a601303eede3354b033912874cef9bc,1903,?,16,0,0,0,1.338742,493,660,813,1,cluster2
40,817,25be20c843c1307bad655292eeb09bdc,36,?,8,5,0,?,1.25,44,55,215,?,cluster2
41,800,24b4146e5d7835ad97cbbce2bdd5507a,89,?,18,44,0,?,1.25,16,20,3987,?,cluster2
42,954,2bbfe1860c7b31a3ab78780f5bedffd0,89,?,17.086957,116,0,?,1.25,16,20,10348,?,cluster2
43,4271,c923cf5553fc3be99933d505a791a053,109,?,16,99,0,?,1.25,16,20,10806,?,cluster2
44,1581,4a044b61e0c0327aab94e14a2ff0137f,96,?,15,112,0,?,1.25,16,20,10806,?,cluster2
45,5007,ebe41bf9038d3ef1b7676109b0341f2a,959,?,9,0,0,0,1.195402,87,104,347,1,cluster2
46,1838,56ffbeb41ef63da9870591dbadc4f2b4,434,?,8,47,0,?,1.176471,34,40,20576,?,cluster2
47,990,2d44f15a22623caeb6be7501da4ca23c,1013,?,25,202,0,?,1.175075,2319,2725,205254,?,cluster2
48,2979,8916d161f0f235eba4a7033b58c317b6,1705,?,16,31,0,?,1.166142,1589,1853,54192,?,cluster2
49,2906,85b340dba7f13401b92a3bc57b477aba,1419,?,22,0,0,?,1.119898,392,439,500,?,cluster2
50,5181,f41dc48f13e23b4eabe8327cb3ddbd58,2174,?,17,136,0,?,1.095972,5189,5687,297444,?,cluster2
51,277,0db2b25a46203c589db61818cb3bac49,1199,?,14,11,0,?,1.09061,607,662,13202,?,cluster2
52,2519,741b5dd59d553b93a757a2bdd92ee7dc,78,?,15,13,0,0,1.089678,3691,4022,1090,1,cluster2
53,583,1a8347af28b23072a6c8196e596eba54,903,?,8,173,0,0,1.067198,1756,1874,156616,1,cluster2
54,4017,bd446330600531269483fa7a3e992c02,61,?,8,103,0,?,1.052632,19,20,6301,?,cluster2
55,2457,71755dd3cfc33264b9ad1ecfc41e23e6,2264,?,7,27,0,0,1.039715,6320,6571,61901,1,cluster2
56,2061,60640924f35b3240b5c1b2dd32ca93ba,1630,?,16,67,0,0,1.038276,26570,27587,110366,1,cluster2
57,1216,37876146e16d3d5da6776a09adc43a18,111,?,16,109,0,?,1.025641,39,40,12146,?,cluster2
58,531,186c62aba1c6329db27a7a50a324eaf6,1869,?,10,7,0,0,1.013197,13488,13666,14026,1,cluster2
59,4630,d99ba373296135d8b589982734e0dd6d,992,?,18,4,0,?,1.010293,1263,1276,4090,?,cluster2
60,5052,ee2356ff720e30608aa61fb44f462451,108,?,19,119,0,?,1,40,40,12959,?,cluster2
61,1643,4d53b50d58443c31a800d6204d5054d8,806,?,10,7,0,?,0.998229,2259,2255,5849,?,cluster2
62,4383,cdc8259c3667361aa747d70d5e45d958,2619,?,7,70,0,0,0.979546,17454,17097,185671,1,cluster2
63,3664,ab57832992ca38fbac61b18be6c3dc45,546,?,14,12,0,0,0.974227,194,189,7060,1,cluster2
64,3903,b6bacd46963b37259c9b1501a6c6af8a,1691,?,4,7,0,?,0.971047,449,436,11977,?,cluster2
65,4481,d2498a518e7831da804ab53ff152e4b2,2672,?,7,10,0,?,0.970588,476,462,26990,?,cluster2
66,741,2218bc774816332289e7c7906374d500,1662,?,2,38,0,?,0.964809,341,329,64398,?,cluster2
67,490,16a3a9bd786f31caa7ffb82a3a2d9651,184,1,11,0,0,0,0.949791,478,454,14,1,cluster2
68,3542,a5aa75a9379d320d8e0e11481522bd42,1729,?,25,8,0,?,0.936572,741,694,14025,?,cluster2
69,4115,c242226455913781a842a9d8485625e9,2717,?,9,1,0,0,0.933884,605,565,4875,1,cluster2
70,1213,375fff1dc2cb3092a7e654daefdeaa8a,1646,?,15,2,0,?,0.932039,103,96,3729,?,cluster2
71,1578,49e4a68a268235c89035beb77d27cd64,1568,?,0,22,0,0,0.925298,134387,124348,34671,1,cluster2
72,455,15584169f64a37a1bcabdb50e02d9e6f,1687,?,19,56,0,0,0.912802,3968,3622,94500,1,cluster2
73,829,265647c89cfc3ba983bdcd9cf19769f2,760,?,9,124,0,?,0.904181,574,519,94975,?,cluster2
74,501,170f42757b683adcaeca66eaba8b9f57,1452,?,16,53,0,0,0.894759,7155,6402,77709,1,cluster2
75,4639,da22cc56bae63de0b21427a1a5ef0043,71,?,6,12,0,?,0.877395,261,229,907,?,cluster2
76,2671,7a9e6207831235428d750f7e45091d03,2786,?,16,18,0,?,0.872685,7399,6457,51095,?,cluster2
77,4544,d5864ee0543931d0ba10c9977b7fc9ee,1915,?,4,26,0,0,0.855218,2597,2221,50389,1,cluster2
78,1975,5cbe2faaa0ae3d76ab13b220f6ec8a70,2402,?,14,3,0,?,0.850529,756,643,8542,?,cluster2
79,3666,ab6750be2dba32e2b7e753a9b15be17b,1599,?,0,184,0,?,0.848301,2973,2522,295447,?,cluster2
80,5201,f4f77c2f23a930aaafe286485f289e42,2091,?,13,2,0,0,0.846835,1580,1338,4906,1,cluster2
81,642,1dbdc517b5c936e3954dae7a46dd7d5d,1985,?,17,3,0,?,0.846478,3081,2608,7698,?,cluster2
82,4291,ca05bc9b13d630088073a9f889e8d250,2678,?,11,3,0,?,0.837754,6447,5401,9847,?,cluster2
83,4257,c898bed1f06e399a8b9d635f3b115bd8,1500,?,13,136,0,?,0.834123,422,352,205416,?,cluster2
84,4205,c61b0564a4ad3d319ec1390c0167fc24,517,?,9,12,0,?,0.818182,66,54,6638,?,cluster2
85,3168,925e370887573b20acd4d3850797fef6,2113,?,1,5,0,?,0.818008,522,427,11246,?,cluster2
86,746,22492909c01e351897052a8dd7806b06,1594,?,12,337,0,0,0.80518,67298,54187,537512,2,cluster2
87,3091,8e70bf19c7223a54a66b6a0497e004d0,1836,?,26,20,0,?,0.803957,556,447,38506,?,cluster2
88,2168,64ce778891ec34fc855f7118ab3e4dcb,93,?,17,113,0,?,0.8,25,20,10561,?,cluster2
89,5317,fa5c06534e363038be6cd8448ee2462c,2371,?,9,2,0,?,0.793952,5489,4358,5554,?,cluster2
90,3140,911299f3b043383ca775662f72441c65,2139,?,18,34,0,0,0.792593,135,107,74118,1,cluster2
91,156,07e8f97797113f20a6d3a121d1ad3f38,1103,?,19,45,0,?,0.786806,1440,1133,49666,?,cluster2
92,2664,7a6d9e1e65a0318e981ac3d4b3681d3c,2270,?,0,236,0,0,0.786047,645,507,536419,1,cluster2
93,330,10aabc5b84bf34eab148355c1f6fc85f,175,?,15.666667,197,0,0,0.769231,52,40,34528,2,cluster2
94,3581,a75df22b2734307f80fae86bd0e563b2,1500,?,6,17,0,?,0.753644,686,517,26728,?,cluster2
95,4790,e123b1ad52693570bdfdbb4758ea7045,2638,?,7,5,0,0,0.752818,4968,3740,13709,1,cluster2
96,5319,fa9128e7db763a908a38c4d81597eac3,1615,?,12.5,25,0,0,0.751983,1387,1043,41150,2,cluster2
97,1219,37e0df45b746342c9c7d80a49e565354,1269,?,1.5,67,0,0,0.745808,62028,46261,85105,2,cluster2
98,3460,a2152976aa2d3037995f8fcdd37ede11,184,?,12,212,0,?,0.735849,53,39,39074,?,cluster2
99,966,2c693b3233b031d8b0bd4c7bacd71569,128,?,19,177,0,?,0.709091,55,39,22737,?,cluster2
100,388,12b83043db51374283e67c9e8b75cb20,93,?,19,84,0,?,0.689655,29,20,7841,?,cluster2
101,1040,2f79c6d158653f9b918be74fa09651f4,1665,?,14,3,0,?,0.67234,235,158,5591,?,cluster2
102,1608,4b3a0132a1203d698f648a57bba7d115,890,?,7,35,0,0,0.67,1300,871,31488,1,cluster2
103,290,0eab9a92b04e341fa91914f0f63b7b07,509,?,6,36,0,?,0.651786,336,219,18662,?,cluster2
104,4470,d1d6dc5d29bf3becb5889f12817a784d,1012,?,11,28,0,?,0.646849,46238,29909,28837,?,cluster2
105,2185,65816803786d3c88aae077e57b91d233,2647,?,7,48,0,0,0.633972,7412,4699,128687,1,cluster2
106,1716,50802371beea3085aa42e5a693e08b85,396,?,18,18,0,0,0.627451,306,192,7263,1,cluster2
107,410,13a9f5bd9bb03ed2a2cc02b4725dc784,251,?,17.666667,227,0,?,0.625,64,40,57181,?,cluster2
108,882,284a4ef901d639128003a2a4a3d01f77,1692,?,0,168,0,?,0.615215,3628,2232,285156,?,cluster2
109,318,0fe59ce40ed9347c879014af9f9cfaac,559,?,7,16,0,?,0.602941,476,287,9247,?,cluster2
110,2887,84c52bb5fddc3e3eadd9db2841412469,1748,?,19,10,0,?,0.597924,1445,864,18948,?,cluster2
111,1866,57e3f5b86a2f378bbc4fb94e19261c13,184,?,13,192,0,?,0.57971,69,40,35357,?,cluster2
112,2319,6b632c49f7883fbe91355dfd250e8e42,988,?,10,36,0,?,0.56982,1332,759,36140,?,cluster2
113,3663,ab5705ddb913355cb653a14468f76930,1317,?,19,20,0,0,0.534413,247,132,26683,1,cluster2
114,734,21be3c7871af3546b2f18ddf8fd30858,2623,?,20,0,0,?,0.507519,266,135,1548,?,cluster2
115,3011,8ab7cc9fd955368b9d11c2fc2be04287,864,?,4,4,0,?,0.506329,474,240,3797,?,cluster2
116,1948,5b6e8a0f9eec34c4b5b318a0dd0b912d,2796,?,18,5,0,?,0.482629,4001,1931,15703,?,cluster2
117,1243,38babc9f7c433b8982076a9113ea925c,1692,?,0,217,0,?,0.48127,3684,1773,368578,?,cluster2
118,1048,2fe297bf3458333786f48fc5039f15ff,1904,?,27,9,0,?,0.467153,548,256,17519,?,cluster2
119,373,1241884ae2143c8eae720ff52773eb0f,571,?,0,26,0,?,0.452135,679,307,15006,?,cluster2
120,4223,c6f626b6258a36839ecaee7ee8ac6827,1846,?,15,6,0,?,0.452055,73,33,12689,?,cluster2
121,4328,cb946427f12437fbbd937019451d6804,959,?,22,17,0,?,0.436929,547,239,17122,?,cluster2
122,4262,c8d8950ffae6379bb0692daa21f52e1e,1699,?,18,39,0,?,0.411437,717,295,67458,?,cluster2
123,3297,990023259eb3335194b9649b3f751526,1840,?,14,20,0,?,0.405575,10511,4263,38569,?,cluster2
124,3788,b206235e0726364f85f343bebf4ddc11,179,?,15,199,0,?,0.392157,102,40,35679,?,cluster2
125,2430,70aff3c62e8f341e9ab7fecb75ba7068,179,?,13,196,0,0,0.39,100,39,35232,4,cluster2
126,547,193b421216cf3ae5abeb44f5ad184aae,2010,?,9,5,0,?,0.389254,912,355,11310,?,cluster2
127,5409,ffbe2328231e368ba9a0ea263659943b,1692,?,0,188,0,?,0.386181,3734,1442,319172,?,cluster2
128,1008,2e2f451db76e3073882d72445fa6e346,488,?,15.5,226,0,0,0.373832,107,40,110399,1,cluster2
129,4181,c4cccbb8e4ab3cabafc44e70023f160c,371,?,11,78,0,0,0.372177,1948,725,28985,1,cluster2
130,3783,b1b90df45e023837b85302a77f9baddf,269,?,18,278,0,0,0.37037,108,40,74849,2,cluster2
131,3300,995afba5736835ea97ef0b88320dd0ed,1467,?,12,5,0,?,0.361921,583,211,7476,?,cluster2
132,599,1b67c4b1af2d3c4e998ceceeea8195ad,313,?,23,4,0,0,0.347855,4499,1565,1492,2,cluster2
133,2975,88def6dde26f3325a028e45f106fb334,45,?,19,?,0,?,0.339623,53,18,0,?,cluster2
134,2608,77aa8afe0219318cac1dcf6a74746884,174,?,17,210,0,0,0.333333,120,40,36654,1,cluster2
135,1793,544585aa64ab394cb09f1db0b8b26aff,270,?,16.5,296,0,0,0.296296,135,40,80167,5,cluster2
136,676,1f64dbe1ec453e0984f2803c72fc8e6a,676,?,13,65,0,?,0.29,300,87,44462,?,cluster2
137,375,1243f923cf5d32b081d82f0aee8a2f3d,265,?,16,78,0,?,0.285068,221,63,20917,?,cluster2
138,1497,45b77b3c34eb3afbb28034e89a61ae77,53,?,14,233,0,?,0.277778,54,15,12374,?,cluster2
139,1756,52b300f8345e3c9cb5d0f181643042bf,2069,?,10,6,0,?,0.223982,884,198,12806,?,cluster2
140,3674,abb95c1f371d3c09bdc24699b723cadb,2040,?,12,13,0,?,0.212047,2042,433,27312,?,cluster2
141,279,0dd336a330fd364789987f630b87883f,531,?,13,17,0,?,0.199115,226,45,9277,?,cluster2
142,4339,cc4519b522a73cf88a5979db91550c71,454,?,16.666667,359,0,0,0.188679,212,40,163392,2,cluster2
143,5164,f365b9e738083756a3cd75d49c8f00f8,1748,?,5,19,0,?,0.182259,2063,376,33814,?,cluster2
144,2550,7558d6173eaf3006b06ddeea581adabb,1678,?,14,110,0,0,0.170877,12787,2185,186031,1,cluster2
145,3045,8cd1b56a479d359e814c5e7374a0fdb3,2396,?,11,2,0,?,0.163051,1521,248,4857,?,cluster2
146,1675,4edff01b92ae348cba05f0ddd5d961c1,2738,?,27,3,0,?,0.160726,1487,239,9843,?,cluster2
147,4154,c3ace75e6edb3324b73c6788ac3fde2a,1436,?,10,0,0,0,0.141543,7503,1062,705,1,cluster2
148,3488,a3b52da07d17323e857c62768ae782bf,766,?,0,6,0,?,0.136986,292,40,4652,?,cluster2
149,4008,bccf837d414e3218bc71740324abc570,723,?,12,4,0,?,0.132786,11206,1488,3375,?,cluster2
150,2410,6fcf1eb4acaa36f093367e9528c2bf38,2554,?,5,3,0,0,0.088688,6957,617,9631,2,cluster2
151,5339,fbbd6985a1363bf4ad70d92159d98bca,1111,?,0,239,0,?,0.071705,516,37,266151,?,cluster2
152,323,1027a90b7a15364e820bfbaac02db500,2589,?,1,6,0,0,0.070502,13489,951,16460,2,cluster2
153,1098,326b458beec13b0292210126589377c4,2635,?,13,3,0,?,0.049391,28062,1386,8021,?,cluster2
154,4761,dff756cf3c7e3210887e816bdb1d7db9,2693,?,9,0,0,?,0.022099,181,4,1336,?,cluster2
155,33,0196f3b9f42433a9b200fc64f7b3b32c,798,?,13,64,0,?,0.017739,31118,552,51286,?,cluster2
156,751,2271499e7b633553ad61997b842d7368,2730,?,7,3,0,?,0.017074,4744,81,8703,?,cluster2
157,4030,be01a0a1eafa3bc488a39e0a0495b884,1124,?,10,76,0,?,0.016475,8012,132,86010,?,cluster2
158,2192,65b882251259379892e95df14de326c6,1224,?,6,88,0,?,0.01626,123,2,108209,?,cluster2
159,924,2a7de2cad4ea31b3b96b60e74a5f1f6e,2020,?,0,76,0,?,0.010905,917,10,154451,?,cluster2
160,3629,a9782debf7d13b7ca5267376c4c3a17a,1226,?,9,153,0,?,0.006135,163,1,188496,?,cluster2
161,46,021a9dc7e98a38abb52230aef44724e7,529,?,13,123,0,?,0.006112,6545,40,65084,?,cluster2
162,4109,c22bdb2e3871392fb90d343ca18fd14d,2656,?,9,8,0,0,0.005027,10544,53,22803,1,cluster2
163,3772,b14f653450a931508f26871b967900e0,1216,?,13,1,0,?,0,33,0,2103,?,cluster2
164,4522,d4314004daf135f29a31b2668ed04840,164,?,9,14,0,?,0,2,0,2381,?,cluster2
165,846,26f8d3f9c24e3000be09bc0b81dcbea0,52,?,18.6,188,0,0,0,28,0,9812,4,cluster2
166,4409,cf164decd6533983ba4eaa6b5a1cb20b,94,?,0,200,0,?,0,66,0,18800,?,cluster2
167,1030,2f0485496a4d3f42b7858d8fa50d9a71,?,?,32,?,0,?,0,?,?,?,?,cluster2
168,1512,46ac4c2129a13759bddd9066fdd43d87,?,?,32,?,0,?,0,?,?,?,?,cluster2
169,5335,fb7333d4decf3d069a88fa4dc8a33696,?,?,31,?,0,?,0,?,?,?,?,cluster2
170,2760,7ee3727243df3b51a0a953872d82ed4f,?,?,29,?,0,?,0,?,?,?,?,cluster2
171,104,049e6489b7c8301e8ecd5c111c2582a2,?,?,28,?,0,?,0,?,?,?,?,cluster2
172,200,09f79711568e3806b481a310ad5952ea,?,?,28,?,0,?,0,?,?,?,?,cluster2
173,1594,4aa66afb0f8532beb8b61d28cf142d3c,?,?,28,?,0,?,0,?,?,?,?,cluster2
174,3541,a597b8b6cbda36bda9ccb9df6c110bc1,?,?,28,?,0,?,0,?,?,?,?,cluster2
175,3731,aefd4a50c599349186cd3690e771ec9e,?,?,28,?,0,?,0,?,?,?,?,cluster2
176,4680,dc20225d9e6035fa94329eea7dcaaadb,?,?,28,?,0,?,0,?,?,?,?,cluster2
177,4687,dc6f9e7b7fca3ee1ba58b6b84248f1a9,?,?,28,?,0,?,0,?,?,?,?,cluster2
178,365,12172dbd4aa53ddb9a169311ce285765,?,?,27,?,0,?,0,?,?,?,?,cluster2
179,2253,688cfb4efe86308e86aa01651eae9d10,?,?,27,?,0,?,0,?,?,?,?,cluster2
180,4340,cc4d2aefe3db3f31b09701f4cef47d5b,?,?,27,?,0,?,0,?,?,?,?,cluster2
181,4683,dc4a361d31733c2180f0f7713fe8b54d,?,?,27,?,0,?,0,?,?,?,?,cluster2
182,4690,dc9f441bb52e300e9774c347993143db,?,?,27,?,0,?,0,?,?,?,?,cluster2
183,4742,df25f4b33ad43d54a3077843a5cce71d,?,?,27,?,0,?,0,?,?,?,?,cluster2
184,485,166bb7d38e273fda914b9c46165dfe71,?,?,26,?,0,?,0,?,?,?,?,cluster2
185,1075,315fe929e31931bca87eb53d35b47919,?,?,26,?,0,?,0,?,?,?,?,cluster2
186,1605,4b29c100f02835748a4c97d8cc2062ec,?,?,26,?,0,?,0,?,?,?,?,cluster2
187,3931,b7e6c3698a2036dc94ea8d69accc4b30,?,?,26,?,0,?,0,?,?,?,?,cluster2
188,4495,d3084a58c0c2389aabd3d546ea603412,?,?,26,?,0,?,0,?,?,?,?,cluster2
189,4566,d66af32cac133ce7ae01b3b502aefbc9,?,?,26,?,0,?,0,?,?,?,?,cluster2
190,5248,f7545bb3c837349f94d36d26102c0d16,?,?,26,?,0,?,0,?,?,?,?,cluster2
191,765,2346f8d25ab63a5c8b1afdc1dfeb92d3,?,?,25,?,0,?,0,?,?,?,?,cluster2
192,2698,7be092de77d33cf19815b3bb30585f8b,?,?,25,?,0,?,0,?,?,?,?,cluster2
193,3159,91d56325005433e1abd890f19e56393f,?,?,25,?,0,?,0,?,?,?,?,cluster2
194,3696,ad11267c5a7b32a49e4de3901ad40c45,?,?,25,?,0,?,0,?,?,?,?,cluster2
195,4270,c9223a724d9f3b1fb330c4ac6fa96a48,?,?,25,?,0,?,0,?,?,?,?,cluster2
196,4695,dccc6003dea33712a6253d48f388d9d7,?,?,25,?,0,?,0,?,?,?,?,cluster2
197,362,11fd392790f53bb4aef05132e9b2703c,?,?,24,?,0,?,0,?,?,?,?,cluster2
198,1151,349296533f1e39a99f73998b7f30a8ed,?,?,24,?,0,?,0,?,?,?,?,cluster2
199,1678,4ef7d8b0a711345f805bec565af12dc8,?,?,24,?,0,?,0,?,?,?,?,cluster2
200,2089,61d1a826c4ab38ada0b42115267bb359,?,?,24,?,0,?,0,?,?,?,?,cluster2
201,3490,a3c81bd586c639a0b2099d41303dd977,?,?,24,?,0,?,0,?,?,?,?,cluster2
202,5031,eccaab7a7351349f9983d5380f985ca2,?,?,24,?,0,?,0,?,?,?,?,cluster2
203,669,1f203782832d39b49400961e610903ac,?,?,23,?,0,?,0,?,?,?,?,cluster2
204,1237,387e6164357d36868ea7932b77564c9b,?,?,23,?,0,?,0,?,?,?,?,cluster2
205,1307,3bc14dba3fdc3742a721e3e13f3ce816,?,?,23,?,0,?,0,?,?,?,?,cluster2
206,1454,43d9d7ae3c74311580000d0dd3415a04,?,?,23,?,0,?,0,?,?,?,?,cluster2
207,1684,4f36c31c772f324cb81451884b8abeef,?,?,23,?,0,?,0,?,?,?,?,cluster2
208,1862,57c8dc1ac1883f83a39527e9b54ab39b,?,?,23,?,0,?,0,?,?,?,?,cluster2
209,2619,780286a2f1b6337a978afad7f1b5328f,?,?,23,?,0,?,0,?,?,?,?,cluster2
210,3178,92c9ca5dba45346fb42b55749b4cfeb0,?,?,23,?,0,?,0,?,?,?,?,cluster2
211,4079,c0351e15453a30419dbe695af4eacaad,?,?,23,?,0,?,0,?,?,?,?,cluster2
212,4412,cf5a60738c1137b886052a271dfd2d5f,?,?,23,?,0,?,0,?,?,?,?,cluster2
213,4549,d593e57a91563ca1ac9a7f8495a7ff8d,?,?,23,?,0,?,0,?,?,?,?,cluster2
214,4985,eaf6ead338de353c8c09f9b2fa463df9,?,?,23,?,0,?,0,?,?,?,?,cluster2
215,5113,f11fc29530153e89af89e90998dd68e1,?,?,23,?,0,?,0,?,?,?,?,cluster2
216,86,03fa7ee8e18a35029ecee240f59f451e,?,?,22,?,0,?,0,?,?,?,?,cluster2
217,1025,2ed78303f87a39e4b61230d77f2076ea,?,?,22,?,0,?,0,?,?,?,?,cluster2
218,2984,895cca3d61f73ccba778311fb0a265db,?,?,22,?,0,?,0,?,?,?,?,cluster2
219,3151,91b2c19eea2932b1957e734e335624ce,?,?,22,?,0,?,0,?,?,?,?,cluster2
220,3184,933a57028e813673a6d1ec6a780147f0,?,?,22,?,0,?,0,?,?,?,?,cluster2
221,3222,9519e91e983f37e8b5c735c1cbda4976,?,?,22,?,0,?,0,?,?,?,?,cluster2
222,3413,9ef3436c09ed3a18b97c20c40be81673,?,?,22,?,0,?,0,?,?,?,?,cluster2
223,3708,adc2d3b98e4e31f0b86db1d27633e6bd,?,?,22,?,0,?,0,?,?,?,?,cluster2
224,3910,b719adb63fd93eff8a0645378b96a6ac,?,?,22,?,0,?,0,?,?,?,?,cluster2
225,3940,b8cd978334883ce2a95bbef4fc93f31f,?,?,22,?,0,?,0,?,?,?,?,cluster2
226,4020,bd772eb5b2ce316c96fb620ddb02a01d,?,?,22,?,0,?,0,?,?,?,?,cluster2
227,4280,c9906814b31e309dba2e69d950b6c80f,?,?,22,?,0,?,0,?,?,?,?,cluster2
228,4493,d2da440a53cc39dca2f2a48d1b846d95,?,?,22,?,0,?,0,?,?,?,?,cluster2
229,591,1af15814e7b2310f904a4518ef10c148,?,?,21.5,?,0,?,0,?,?,?,?,cluster2
230,9,0094c828a39a3b3989d4f50058d49aab,?,?,21,?,0,?,0,?,?,?,?,cluster2
231,87,03fa9782b7ff334fa77c6116a3b28ec3,?,?,21,?,0,?,0,?,?,?,?,cluster2
232,700,204c9f529ce13bd59ae1f5af00328b5a,?,?,21,?,0,?,0,?,?,?,?,cluster2
233,808,2542bee2e93a392b9ecdbbb499a76c8e,?,?,21,?,0,?,0,?,?,?,?,cluster2
234,820,25e3c8f89cbd39da891538e454bb78aa,?,?,21,?,0,?,0,?,?,?,?,cluster2
235,1074,3156df64ca7b3b36b617fc341b51e10c,?,?,21,?,0,?,0,?,?,?,?,cluster2
236,1543,48081cdbc93a3129be8079063e73788d,?,?,21,?,0,?,0,?,?,?,?,cluster2
237,1552,48877e271bad36d6ba8695e65bd73a36,?,?,21,?,0,?,0,?,?,?,?,cluster2
238,1588,4a4a0440d6c1383d8157d1d284b60a85,?,?,21,?,0,?,0,?,?,?,?,cluster2
239,1801,547d76701ba035cea8c1f78a296e284b,?,?,21,?,0,?,0,?,?,?,?,cluster2
240,1816,55a80519041b39e18660ad94ab5c4500,?,?,21,?,0,?,0,?,?,?,?,cluster2
241,3266,972aaf1dce2631a4a0dc2a25d67b64bb,?,?,21,?,0,?,0,?,?,?,?,cluster2
242,3685,ac8927c53e82379b8b40ab32e28a3e3d,?,?,21,?,0,?,0,?,?,?,?,cluster2
243,3770,b14c9c433e7b3230a8547c560bc7a1f7,?,?,21,?,0,?,0,?,?,?,?,cluster2
244,4144,c335e41c687a3eb2a2343cc32ee8f3ac,?,?,21,?,0,?,0,?,?,?,?,cluster2
245,4189,c544777005813d29bedca528beaef63b,?,?,21,?,0,?,0,?,?,?,?,cluster2
246,4230,c74f557e129b30be977c19745ffd5386,?,?,21,?,0,?,0,?,?,?,?,cluster2
247,4289,c9dd8f4dab0e39f8b883557fee4893e9,?,?,21,?,0,?,0,?,?,?,?,cluster2
248,4120,c283676957eb3b6b9b954180e6cb92f1,?,?,20.5,?,0,?,0,?,?,?,?,cluster2
249,566,19cb481dda2f3482a0070aaaefe96074,?,?,20,?,0,?,0,?,?,?,?,cluster2
250,714,21175e877a7738c5b9d4cdc15297dda8,?,?,20,?,0,?,0,?,?,?,?,cluster2
251,830,265d143c21f13465827b3108561db26e,?,?,20,?,0,?,0,?,?,?,?,cluster2
252,1234,38581e69e3f03b939d574a27176cd3bc,?,?,20,?,0,?,0,?,?,?,?,cluster2
253,1415,41955cda8a11315b83c9214c3149cc33,?,?,20,?,0,?,0,?,?,?,?,cluster2
254,1768,532f066c2de93b2d94f06659d6e84d49,?,?,20,?,0,?,0,?,?,?,?,cluster2
255,3555,a661afdcd1003adbb9ff1c0a2ec1a524,?,?,20,?,0,?,0,?,?,?,?,cluster2
256,3702,ad7d7c5dfe01373bb90d128f3e3bd7d8,?,?,20,?,0,?,0,?,?,?,?,cluster2
257,3844,b49bebbd08e3304392d1ccf9c5f92f22,?,?,20,?,0,?,0,?,?,?,?,cluster2
258,4833,e35eec94d7fa3534b4e438045ec4471e,?,?,20,?,0,?,0,?,?,?,?,cluster2
259,4835,e37c71559f103214b3cfa6c7fcbcf106,?,?,20,?,0,?,0,?,?,?,?,cluster2
260,4997,ebb0da288f6a34329d2c04ae1dcc430d,?,?,20,?,0,?,0,?,?,?,?,cluster2
261,5041,ed2ddcf1e0a5379c8394cf1d14ed96ad,?,?,20,?,0,?,0,?,?,?,?,cluster2
262,5383,fde892293fe435d09b6723c9763eec26,?,?,20,?,0,?,0,?,?,?,?,cluster2
263,85,03efe7da18ec3eb587916161e2907195,?,?,19,?,0,?,0,?,?,?,?,cluster2
264,174,08f4bf45e20c303aac0424906b55c183,?,?,19,?,0,?,0,?,?,?,?,cluster2
265,2243,67c5112d94693d3cb12e1a3018825ffa,?,?,19,?,0,?,0,?,?,?,?,cluster2
266,3081,8e353b63b4c83300906c15af01340b43,?,?,19,?,0,?,0,?,?,?,?,cluster2
267,3466,a2765083ff563f46a2c852c11843dab8,?,?,19,?,0,?,0,?,?,?,?,cluster2
268,4435,d06a684c666433c891d4cdbf0c002497,?,?,19,?,0,?,0,?,?,?,?,cluster2
269,4515,d3f6999fc77b3e389632c9a332ef6b80,?,?,19,?,0,?,0,?,?,?,?,cluster2
270,4631,d9bfaa20a02d32bbbb5370a28eca3452,?,?,19,?,0,?,0,?,?,?,?,cluster2
271,4652,db0fede780363b6594c517e95b171498,?,?,19,?,0,?,0,?,?,?,?,cluster2
272,4899,e6ce8b8881063a6b9ca0bf30af5f7e76,?,?,19,?,0,?,0,?,?,?,?,cluster2
273,5112,f11f74dd3f413085903e4c8f816a0c31,?,?,19,?,0,?,0,?,?,?,?,cluster2
274,5215,f5bc6cb8629e3b90b96c51056cf4aeff,?,?,19,?,0,?,0,?,?,?,?,cluster2
275,472,15ffda24d9963646af455134acd351c4,?,?,18,?,0,?,0,?,?,?,?,cluster2
276,877,2829c4163f9f30ffabd5c41806b7f948,?,?,18,?,0,?,0,?,?,?,?,cluster2
277,999,2d928d8d86e231a181f682e254198575,?,?,18,?,0,?,0,?,?,?,?,cluster2
278,1054,3039c8cbf5d5392abd4ef55137f9be42,?,?,18,?,0,?,0,?,?,?,?,cluster2
279,1448,43571b5812613d658d2bd0c559ff5d30,?,?,18,?,0,?,0,?,?,?,?,cluster2
280,2145,63e70e0449533181b54eff033e54af92,?,?,18,?,0,?,0,?,?,?,?,cluster2
281,2570,765534b48e563ce19d1045025eedb5bd,?,?,18,?,0,?,0,?,?,?,?,cluster2
282,2617,77eeecd62cfa3ff4ae779ce674b860ec,?,?,18,?,0,?,0,?,?,?,?,cluster2
283,2641,79615986bc0f325994518ee93cb09ca8,?,?,18,?,0,?,0,?,?,?,?,cluster2
284,2958,882db808f58237b098a07cce49738914,?,?,18,?,0,?,0,?,?,?,?,cluster2
285,3100,8ed4816f9f3d302bba0e23ba6f282ee0,?,?,18,?,0,?,0,?,?,?,?,cluster2
286,3478,a3395634c1fb367893db356ab4f1a8bb,?,?,18,?,0,?,0,?,?,?,?,cluster2
287,4022,bd8ec2e919133708b37ff8c352e0aa73,?,?,18,?,0,?,0,?,?,?,?,cluster2
288,4117,c25df68ec5cf3113aa50732e5b281fb0,?,?,18,?,0,?,0,?,?,?,?,cluster2
289,5129,f1cf6e6d1c9632d6a35b5026967bbdd8,?,?,18,?,0,?,0,?,?,?,?,cluster2
290,2914,85f5760649373242bb25e24c70500f58,?,?,17.5,?,0,?,0,?,?,?,?,cluster2
291,4629,d99ba3193cca3c4ca9246aa8287dcb40,?,?,17.5,?,0,?,0,?,?,?,?,cluster2
292,64,030845f3c3aa364091d8a85bc0e14613,?,?,17,?,0,?,0,?,?,?,?,cluster2
293,559,198855afe670375797ee3528bc42baa5,?,?,17,?,0,?,0,?,?,?,?,cluster2
294,1191,36336dab97f7339eb6687e69a69453a3,?,?,17,?,0,?,0,?,?,?,?,cluster2
295,1452,43b9c436358b3af69bb416cab633af59,?,?,17,?,0,?,0,?,?,?,?,cluster2
296,1967,5c56c8d67a0630a2ada53c83703f654d,?,?,17,?,0,?,0,?,?,?,?,cluster2
297,2139,63ad162883103de98b3ae9044abcda0c,?,?,17,?,0,?,0,?,?,?,?,cluster2
298,2787,805bf301201b39db8be2b40912d89b59,?,?,17,?,0,?,0,?,?,?,?,cluster2
299,4165,c414cbfd94373e168c983d641190e2d5,?,?,17,?,0,?,0,?,?,?,?,cluster2
300,4407,ceedd59a41bb3d27b3d9d45688279993,?,?,17,?,0,?,0,?,?,?,?,cluster2
301,4528,d4aa1eee99f239ca928b1b33eafc5e76,?,?,17,?,0,?,0,?,?,?,?,cluster2
302,4736,ded887e2c69435168d482e43238d1e5d,?,?,17,?,0,?,0,?,?,?,?,cluster2
303,209,0a32560c5bae39d5bb6bd89063fcc456,?,?,16,?,0,?,0,?,?,?,?,cluster2
304,326,10462dfc8d53319d998f33d1e8a81fe0,?,?,16,?,0,?,0,?,?,?,?,cluster2
305,520,17f43e93b42a3d9b9310890d833662bb,?,?,16,?,0,?,0,?,?,?,?,cluster2
306,1203,3708f6fe38b13228994251f79dc3c8bc,?,?,16,?,0,?,0,?,?,?,?,cluster2
307,1650,4d84710e920339128ba72d3000769bbb,?,?,16,?,0,?,0,?,?,?,?,cluster2
308,2153,641fca93924e321184068ee736850358,?,?,16,?,0,?,0,?,?,?,?,cluster2
309,2599,774ef8a3f3b73d3e9389795fdee997d5,?,?,16,?,0,?,0,?,?,?,?,cluster2
310,2885,84bbd7734d9f3ef6accb8951d9c6c26c,?,?,16,?,0,?,0,?,?,?,?,cluster2
311,3278,97bf77f0f9ad3bd6b2a749a6d73a6054,?,?,16,?,0,?,0,?,?,?,?,cluster2
312,3422,9f54c0da790c3f19b8f4e46411091b30,?,?,16,?,0,?,0,?,?,?,?,cluster2
313,3429,9fbf5b3bf2993afba30cab7f659404d2,?,?,16,?,0,?,0,?,?,?,?,cluster2
314,3549,a6034c59ee1c36718757a9fe420885e1,?,?,16,?,0,?,0,?,?,?,?,cluster2
315,3825,b3d44bbd6da23522bb4e2a41136200fb,?,?,16,?,0,?,0,?,?,?,?,cluster2
316,4251,c83812b4c9f13508bbcd5c4d7bf3d288,?,?,16,?,0,?,0,?,?,?,?,cluster2
317,4580,d748ac6777993eb69633d25db6ea4d12,?,?,16,?,0,?,0,?,?,?,?,cluster2
318,4595,d7dcf617978f3382b91323d6937080d2,?,?,16,?,0,?,0,?,?,?,?,cluster2
319,5114,f1301cb1fe1a3249843cb07f275b6c3f,?,?,16,?,0,?,0,?,?,?,?,cluster2
320,513,177dc18c767938119953bbebba995153,?,?,15.5,?,0,?,0,?,?,?,?,cluster2
321,165,086b0446a5753234a6f416e795ea9abb,?,?,15,?,0,?,0,?,?,?,?,cluster2
322,510,176f5bae390f3ad5bb17e7a447f815ed,?,?,15,?,0,?,0,?,?,?,?,cluster2
323,663,1ef901e182ce3a7382059cb3c043773d,?,?,15,?,0,?,0,?,?,?,?,cluster2
324,798,2486dfcb23053067b83b947ea8171a15,?,?,15,?,0,?,0,?,?,?,?,cluster2
325,1268,39ca7594e8c03b0bb4bfcc21e3cc5bfb,?,?,15,?,0,?,0,?,?,?,?,cluster2
326,1635,4ccbe4cb28bf3911b5b8d40de4005a2a,?,?,15,?,0,?,0,?,?,?,?,cluster2
327,2394,6ee6596c00e43feca22a3ebc0cec58eb,?,?,15,?,0,?,0,?,?,?,?,cluster2
328,2752,7e7819b33b5e34f4bab982013585026a,?,?,15,?,0,?,0,?,?,?,?,cluster2
329,3262,96e967ad80c83ac4a6bc26446b5d4add,?,?,15,?,0,?,0,?,?,?,?,cluster2
330,3387,9d9b0be4081d36fbbb1f657bad5b6a73,?,?,15,?,0,?,0,?,?,?,?,cluster2
331,4066,bf9f0d7831973d4aa7981321a79a128b,?,?,15,?,0,?,0,?,?,?,?,cluster2
332,4200,c5aa61e4c8783094b808baa398ea4746,?,?,15,?,0,?,0,?,?,?,?,cluster2
333,4351,cc960fb42c003216b09bc4e5df242bdb,?,?,15,?,0,?,0,?,?,?,?,cluster2
334,4461,d153b923c7f43b25b71ada07da6b1830,?,?,15,?,0,?,0,?,?,?,?,cluster2
335,4711,de054ad1796332c686c8096d1e78f3c9,?,?,15,?,0,?,0,?,?,?,?,cluster2
336,4958,e9d737f4a744362cb3466acf542ebe7a,?,?,15,?,0,?,0,?,?,?,?,cluster2
337,491,16a999ed1f9a38c3aae317801e885910,?,?,14,?,0,?,0,?,?,?,?,cluster2
338,791,24106da8ddc3362a88c3ecdb0a1177fd,?,?,14,?,0,?,0,?,?,?,?,cluster2
339,864,27adfc1fe8853a4b8404c0af3bf0dedd,?,?,14,?,0,?,0,?,?,?,?,cluster2
340,1198,36b6e5b8845d31c4bf2a001997ed000f,?,?,14,?,0,?,0,?,?,?,?,cluster2
341,1741,51d6cc50353f37a9926f5aba81bf7072,?,?,14,?,0,?,0,?,?,?,?,cluster2
342,1973,5cacf2be3a2e3e8096c073cbd685dbbc,?,?,14,?,0,?,0,?,?,?,?,cluster2
343,2710,7c6c7756c3c53f649a1cc6969ee54290,?,?,14,?,0,?,0,?,?,?,?,cluster2
344,4320,cb23929257993130bbd2e714b25db0a9,?,?,14,?,0,?,0,?,?,?,?,cluster2
345,4897,e6b4c37bb9373b5798941a3cb0bfa3be,?,?,14,?,0,?,0,?,?,?,?,cluster2
346,381,1276f438a0633bc0a5670a8f69684f49,?,?,13,?,0,?,0,?,?,?,?,cluster2
347,719,2139aa9f7e8a3c7fb7c6cbcdfa4f28e7,?,?,13,?,0,?,0,?,?,?,?,cluster2
348,747,225a20bb8e7a34db9cddc73f61624456,?,?,13,?,0,?,0,?,?,?,?,cluster2
349,934,2ae137cdeb9c3c0f8bfb8effadae4237,?,?,13,?,0,?,0,?,?,?,?,cluster2
350,985,2d046ade26a131389c3f6387f380fdc0,?,?,13,?,0,?,0,?,?,?,?,cluster2
351,1041,2f7adc84be1035b6b703e62bd6f25c17,?,?,13,?,0,?,0,?,?,?,?,cluster2
352,1540,47f144df93a539bc95d471b377d497a4,?,?,13,?,0,?,0,?,?,?,?,cluster2
353,1700,4fc603e0057b31de8dac6705e69ba650,?,?,13,?,0,?,0,?,?,?,?,cluster2
354,2113,62d0bfc882263e9f99437cec23dad462,?,?,13,?,0,?,0,?,?,?,?,cluster2
355,2397,6f0c2c3886f7304abac766b56cc3c318,?,?,13,?,0,?,0,?,?,?,?,cluster2
356,3027,8b89bbb4b630378b8d2b5010c548e99d,?,?,13,?,0,?,0,?,?,?,?,cluster2
357,3395,9e2656aad09d3c66a6c632d10452cace,?,?,13,?,0,?,0,?,?,?,?,cluster2
358,3780,b1adf7cc5ab63d1dbc01ea6fc3c41697,?,?,13,?,0,?,0,?,?,?,?,cluster2
359,4018,bd5673d7e35335bba21970eb3e6a81bc,?,?,13,?,0,?,0,?,?,?,?,cluster2
360,4421,cfde9e8f17653647918d4925c116cb92,?,?,13,?,0,?,0,?,?,?,?,cluster2
361,4422,cfe524829b903b66b95313fc8e573683,?,?,13,?,0,?,0,?,?,?,?,cluster2
362,4666,dbcf7498c43139b4a4d75bfed99d8f4f,?,?,13,?,0,?,0,?,?,?,?,cluster2
363,5067,eec5c31b2826341abc9a271d2d08fb7b,?,?,13,?,0,?,0,?,?,?,?,cluster2
364,268,0d342cc4f4063c8f8d2b2a5720580f7c,?,?,12.333333,?,0,?,0,?,?,?,?,cluster2
365,36,01be43231f4930aaba0d54a9d6820a55,?,?,12,?,0,?,0,?,?,?,?,cluster2
366,731,21b1f1a031ce3bfba91204d47764ba70,?,?,12,?,0,?,0,?,?,?,?,cluster2
367,794,24416324c2733c5596e9ccaa116c243c,?,?,12,?,0,?,0,?,?,?,?,cluster2
368,973,2ca582b744823230928f64b6fff7a468,?,?,12,?,0,?,0,?,?,?,?,cluster2
369,1792,54318caa677837cc80431b068486586f,?,?,12,?,0,?,0,?,?,?,?,cluster2
370,1917,59b0c047a8b9347bbad67c75b711169f,?,?,12,?,0,?,0,?,?,?,?,cluster2
371,2002,5dc0d2dfddb533e199bc69e9318987d2,?,?,12,?,0,?,0,?,?,?,?,cluster2
372,2028,5ef2c449999c3d3da00842584216ef2f,?,?,12,?,0,?,0,?,?,?,?,cluster2
373,2388,6e540c8809a93b919ee34a7805e93fa9,?,?,12,?,0,?,0,?,?,?,?,cluster2
374,3152,91c1aeb428f73bf4ac0eb1cbfdc18976,?,?,12,?,0,?,0,?,?,?,?,cluster2
375,3232,95a25ca8520439b1b57ec0e58bd2be22,?,?,12,?,0,?,0,?,?,?,?,cluster2
376,3511,a4850ddddfd7301c9ed9c5d3628b72ab,?,?,12,?,0,?,0,?,?,?,?,cluster2
377,3554,a6580f90223e3a43b194eb398a897d54,?,?,12,?,0,?,0,?,?,?,?,cluster2
378,3564,a6bfdf5615b83713aa68f971750bef90,?,?,12,?,0,?,0,?,?,?,?,cluster2
379,4210,c654b5c925d4370aa2b34296c304a347,?,?,12,?,0,?,0,?,?,?,?,cluster2
380,4297,ca31df7eaa4a34399c76f206f67c94bc,?,?,12,?,0,?,0,?,?,?,?,cluster2
381,4637,da1d33ce7efc3f6488882083f4a32c38,?,?,12,?,0,?,0,?,?,?,?,cluster2
382,1505,465c0ac8a2033778bf7dcde726c87ac3,?,?,11.461538,?,0,?,0,?,?,?,?,cluster2
383,62,02e60cf1775c3a9ebbc96cec2b578eec,?,?,11,?,0,?,0,?,?,?,?,cluster2
384,875,2819ffa29e2338fe9af722fb17810aa4,?,?,11,?,0,?,0,?,?,?,?,cluster2
385,1093,32316ce4ad22378fbd7856eaca412ce1,?,?,11,?,0,?,0,?,?,?,?,cluster2
386,1604,4b1dd4c9830b3df1a3aade7f2b9f53af,?,?,11,?,0,?,0,?,?,?,?,cluster2
387,1962,5c3230cb24a433a5b15cb7671fac95f0,?,?,11,?,0,?,0,?,?,?,?,cluster2
388,2655,7a0ecb388dc235edaa9a8ea182177c04,?,?,11,?,0,?,0,?,?,?,?,cluster2
389,2863,83931f9520b13e3999f07acb7f0ec536,?,?,11,?,0,?,0,?,?,?,?,cluster2
390,2985,89924993666e306d9df608451df59687,?,?,11,?,0,?,0,?,?,?,?,cluster2
391,3540,a58e084eac5a3b2c9c56d505a4467e45,?,?,11,?,0,?,0,?,?,?,?,cluster2
392,3690,acb4f883031c3b639f49556e81ec1dcd,?,?,11,?,0,?,0,?,?,?,?,cluster2
393,3972,ba5dd4266421339e80c6ea911b17ff84,?,?,11,?,0,?,0,?,?,?,?,cluster2
394,4211,c662e3c0a4193684bdfba1d478415ac4,?,?,11,?,0,?,0,?,?,?,?,cluster2
395,4406,cee653fefa953d21825cd1a3cf642c23,?,?,11,?,0,?,0,?,?,?,?,cluster2
396,4589,d7a9201cc80a3052a5eafa87cac36440,?,?,11,?,0,?,0,?,?,?,?,cluster2
397,4927,e82d96ffc3ed3d97bfb7a2809fb09e9f,?,?,11,?,0,?,0,?,?,?,?,cluster2
398,5050,ee09c03d501331739fba50a33154c621,?,?,11,?,0,?,0,?,?,?,?,cluster2
399,5071,eef6f6dab0ef3f9ea8ea212193957cf3,?,?,11,?,0,?,0,?,?,?,?,cluster2
400,5130,f1dd2570ee053d16a85bf27b8258463c,?,?,11,?,0,?,0,?,?,?,?,cluster2
401,5296,f9bb1faf72023408b1fc281c8fc89b2f,?,?,11,?,0,?,0,?,?,?,?,cluster2
402,5407,ffaa03f642e83a1cb476b5cdc4727ffa,?,?,11,?,0,?,0,?,?,?,?,cluster2
403,163,083807a8b62c31fab9d3bec353e803fd,?,?,10,?,0,?,0,?,?,?,?,cluster2
404,585,1aa8f87ddc263e5caab58be06bdbfab8,?,?,10,?,0,?,0,?,?,?,?,cluster2
405,1122,33550babfecc37ae9a502da374a59ae9,?,?,10,?,0,?,0,?,?,?,?,cluster2
406,1192,363c9e794b3637cabb0e8909fff19311,?,?,10,?,0,?,0,?,?,?,?,cluster2
407,1232,384be3c2ef39324a9f84cf15a3a222dd,?,?,10,?,0,?,0,?,?,?,?,cluster2
408,1493,45882f955ffd3bb7b79d0edffefea5cb,?,?,10,?,0,?,0,?,?,?,?,cluster2
409,1571,4998132fc9e33fcd97f0df89afc3bd17,?,?,10,?,0,?,0,?,?,?,?,cluster2
410,2247,67ee2df24e0e39b6b43316ef58c73897,?,?,10,?,0,?,0,?,?,?,?,cluster2
411,2389,6eae151602a33310b014e3cc2415a898,?,?,10,?,0,?,0,?,?,?,?,cluster2
412,2486,72eb8defb85332f3921e37911207f993,?,?,10,?,0,?,0,?,?,?,?,cluster2
413,2654,7a058ca486be3d648fae3569182b2108,?,?,10,?,0,?,0,?,?,?,?,cluster2
414,3097,8ebd394bd96e3b60b5d77db8cdd8e3ed,?,?,10,?,0,?,0,?,?,?,?,cluster2
415,3571,a720ce78075f33c3b38f092ff27543f1,?,?,10,?,0,?,0,?,?,?,?,cluster2
416,4042,be92beb9069433a09e9e6f8794116b00,?,?,10,?,0,?,0,?,?,?,?,cluster2
417,4228,c73a261bccb5369fbd003cfecf4e72e5,?,?,10,?,0,?,0,?,?,?,?,cluster2
418,4807,e21ed8b5e8ce3d06972753347ba47526,?,?,10,?,0,?,0,?,?,?,?,cluster2
419,5158,f330ce20cb5d37d6b4586cc09c6a5922,?,?,10,?,0,?,0,?,?,?,?,cluster2
420,5396,fe6a684c343c3f1dabeb4714cb44d748,?,?,10,?,0,?,0,?,?,?,?,cluster2
421,1546,4848bc263af53c788660c48a52711e32,?,?,9,?,0,?,0,?,?,?,?,cluster2
422,2117,62f8e4338089313b89538d0a9d85bde2,?,?,9,?,0,?,0,?,?,?,?,cluster2
423,2136,636a3736b56d33ad92f91a19d64a0f82,?,?,9,?,0,?,0,?,?,?,?,cluster2
424,2355,6ce56a795e7c3d10ad211d7dadb51c45,?,?,9,?,0,?,0,?,?,?,?,cluster2
425,2424,70818080a0c3340fbcd56996b5a5ed4e,?,?,9,?,0,?,0,?,?,?,?,cluster2
426,2629,7888fcc2c5453051bad401dc8649075d,?,?,9,?,0,?,0,?,?,?,?,cluster2
427,2908,85ce5fbbd2c93029816cd4498f2c7dcf,?,?,9,?,0,?,0,?,?,?,?,cluster2
428,3071,8dcbd651be753a95b73c7883b8b07831,?,?,9,?,0,?,0,?,?,?,?,cluster2
429,4418,cfb5b5a4a6f23eb59b7a0b4eec6d6f30,?,?,9,?,0,?,0,?,?,?,?,cluster2
430,4553,d5d9106e6d303b198529bb4066ec5542,?,?,9,?,0,?,0,?,?,?,?,cluster2
431,4565,d6695b854e2034fb8098f0ab4c98ad95,?,?,9,?,0,?,0,?,?,?,?,cluster2
432,1813,5572b5a918363fbebf37c9b1e00a8024,?,?,8.5,?,0,?,0,?,?,?,?,cluster2
433,26,01384d031ecb3f77a6e31c21ee7d8788,?,?,8,?,0,?,0,?,?,?,?,cluster2
434,575,1a1cfbc2aaf435659c50d84ecd77a1b6,?,?,8,?,0,?,0,?,?,?,?,cluster2
435,1094,3250d6446e87321eaf83023e64e10122,?,?,8,?,0,?,0,?,?,?,?,cluster2
436,1532,47b523961a0d32ff88ac62581ea2dd52,?,?,8,?,0,?,0,?,?,?,?,cluster2
437,1669,4e428558122233639c7bc7bccb352b8f,?,?,8,?,0,?,0,?,?,?,?,cluster2
438,2023,5ec3717dbd6d30058c5eb9aabedb65d4,?,?,8,?,0,?,0,?,?,?,?,cluster2
439,2564,75f01020720935a4a3801abb1e78980a,?,?,8,?,0,?,0,?,?,?,?,cluster2
440,3243,961166b6c32130dd82e4203cac0c67a5,?,?,8,?,0,?,0,?,?,?,?,cluster2
441,3398,9e3ea06a0444360a93fd78d49d4ab712,?,?,8,?,0,?,0,?,?,?,?,cluster2
442,3686,ac918b26304233eb87fc4a7f88b7cbaa,?,?,8,?,0,?,0,?,?,?,?,cluster2
443,3892,b64e0c2c1705361f866a61ff739890ca,?,?,8,?,0,?,0,?,?,?,?,cluster2
444,4359,cce4d738c84d36539ea89d31791271eb,?,?,8,?,0,?,0,?,?,?,?,cluster2
445,5275,f8b11bb3fb0430d7b4ef2f54ec11bfe6,?,?,8,?,0,?,0,?,?,?,?,cluster2
446,5295,f9b9ef5e41e03f72be5296aeadfa2b06,?,?,8,?,0,?,0,?,?,?,?,cluster2
447,1039,2f792fef61ce3aea83129e2352e5bfa2,?,?,7,?,0,?,0,?,?,?,?,cluster2
448,1159,3505deff5a283b828866be552b0d8373,?,?,7,?,0,?,0,?,?,?,?,cluster2
449,1665,4e0161437e5431e5bed9fed63fc6a5dc,?,?,7,?,0,?,0,?,?,?,?,cluster2
450,1847,573994c0dc6c3039b08f50f4a6b0fe65,?,?,7,?,0,?,0,?,?,?,?,cluster2
