No.,Instance_number,author_guid,account_age,author_type,average_hashtags,average_links,average_minutes_between_posts,average_post_lenth,average_posts_per_day_active_days,average_posts_per_day_total,average_user_mentions,default_profile,default_profile_image,friends_followers_ratio,number_followers,number_friends,number_of_crawled_posts,number_of_posts,Cluster,Cluster
1,4457,7842dd0220fe3d13aca5961a05606519,3504,?,0,1,?,20,1,8,0,0,0,0.088826,21345,1896,1,30706,cluster1,cluster1
2,9097,fb26ab7d23dd3c3c83a68570fe0e7f42,3404,?,0,1,?,22,1,17,1,0,0,0.199717,18351,3665,1,59022,cluster1,cluster1
3,5184,8bec25001375305784bb80cfa027cbae,3403,?,0,0,?,15,1,99,1,0,0,0.398807,6201,2473,1,339325,cluster1,cluster1
4,611,10c94df0782d354f93daa13e8323ef15,3366,?,0,0,?,0,1,3,0,0,0,0.086998,16713,1454,1,12478,cluster1,cluster1
5,2424,417734ec6ff93e7eb9237f3951a95aa0,3345,?,0,1,?,13,1,21,0,0,0,0.131737,10984,1447,1,71174,cluster1,cluster1
6,1942,339753ccd91c36119ea6d2c7b58fd281,3282,?,0,2,?,13,1,3,0,0,0,0.009137,83401,762,1,12606,cluster1,cluster1
7,484,0d451f66a5af36e4b399fd6e944fd91c,3247,?,0,1.266667,4871.507143,17.866667,2.5,19,0,0,0,0,779,0,15,62084,cluster1,cluster1
8,8474,e9cafc3610be3a5bb6281234a164134f,3127,?,0,2,?,11,1,4,1,0,0,0.640425,10632,6809,1,13104,cluster1,cluster1
9,7621,d0378e92fcae34ceadd102ef477d946f,3107,?,0,0,?,21,1,27,0,1,0,0.059749,11816,706,1,85201,cluster1,cluster1
10,4314,748ef76db9be3a049c92ee6899bf98c0,3101,?,0,0,?,16,1,7,1,0,0,0.000837,46578,39,1,23474,cluster1,cluster1
11,755,1476b9f43e5438fcaedd5267d6520bd1,3078,?,0,2,?,18,1,7,1,0,0,0.007947,22020,175,1,22184,cluster1,cluster1
12,6740,b7d8fe225e6d3f8eb440078f851b3e75,3076,?,0,1,?,19,1,13,0,0,0,0.145839,17341,2529,1,40477,cluster1,cluster1
13,5687,9ad3cca7e6ca3a9584d86c1e38ab0a8e,3071,?,0,1,2146.763725,20.142857,3.5,102,0,0,0,1.057359,92086,97368,35,315879,cluster1,cluster1
14,3385,5c6301eb52a13a1d88ef973c174ee306,3044,?,0,0.166667,3370.68,21.333333,1.5,155,1,0,0,0.833571,132723,110634,6,473883,cluster1,cluster1
15,8853,f41bd8476cc83692922c27579b079712,3027,?,0,0,?,4,1,14,1,0,0,0.076851,13780,1059,1,45256,cluster1,cluster1
16,335,0940b98f7a5134278ada3db1b628bbab,3006,?,0,1,?,15,1,29,3,0,0,0.124568,10990,1369,1,89626,cluster1,cluster1
17,4913,84123f3a94fc3a04bcf9f6c141ec6458,3004,?,0,1,?,13,1,3,1,0,0,0.031393,13315,418,1,9916,cluster1,cluster1
18,580,0fed6e7ca06e35a5a26be21df0f4b56e,2990,?,0,1,?,15,1,59,0,0,0,0.007828,28872,226,1,177152,cluster1,cluster1
19,8962,f7076194d9ec30d4a5b132a60e90d8d2,2980,?,0,1,563.604444,14,3.2,25,0,0,0,0.004515,4208,19,16,75310,cluster1,cluster1
20,8457,e934b2ef79c3314ab7708a8ae83c6b3d,2969,?,0,1,?,21,1,9,1,0,0,0.176883,12415,2196,1,26819,cluster1,cluster1
21,1359,23dbe290279d342d95d5eb5e87299479,2962,?,0,1,838.216667,16.5,1,6,0.5,0,0,0.495666,21226,10521,2,18647,cluster1,cluster1
22,5572,972dbc50e40835979adc4bc5a6d108d5,2962,?,0,0,79.933333,14,2,4,0.5,0,0,0.008076,66242,535,2,12720,cluster1,cluster1
23,5419,9268b011bc733e94aa75bcf879d235f8,2948,?,0,1,?,20,1,11,1,0,0,0.941011,15308,14405,1,34940,cluster1,cluster1
24,6441,b0779791b93833e3bcc74d14ef825f2f,2927,?,0,1,?,13,1,11,0,0,0,0.144173,16390,2363,1,32502,cluster1,cluster1
25,1779,2f50e9f6bcbd3c98b168d4379efcdcbe,2919,?,0,1,3840.183333,15.5,1,15,0,0,0,0.07589,14600,1108,2,45624,cluster1,cluster1
26,8753,f19f1daed5d135c39662b6b1177d865e,2909,?,0,1,136.15,20.5,2,30,0.5,0,0,0.09398,49149,4619,2,90038,cluster1,cluster1
27,1635,2b8aeafc813631e495e069c21f05d0ed,2901,?,0,0,?,0,1,2,0,0,0,0.018075,22241,402,1,6369,cluster1,cluster1
28,5317,8fb38b32c92a35f8af47408e22cdec83,2888,?,0,1,?,10,1,30,1,0,0,0.159041,11890,1891,1,88008,cluster1,cluster1
29,2154,39246e240bf834278bd105c76d49d2e8,2887,?,0,1,?,16,1,18,0,0,0,0.000014,724867,10,1,52258,cluster1,cluster1
30,2103,37e45a0a09ea3184b3d69c76b15f3a02,2869,?,0,2,?,16,1,8,0,0,0,0.000535,24319,13,1,23330,cluster1,cluster1
31,305,08376c6cea633721be31136a66b0f576,2852,?,0,1,355.933333,2,3,6,0,0,0,0.376623,77,29,3,17115,cluster1,cluster1
32,1439,267e77c4e0d83ab2b9bd129db892c8fa,2838,?,0,1,?,19,1,146,1,0,0,0.891319,19939,17772,1,416294,cluster1,cluster1
33,1982,34cc82af34683c1e97c13ae8a6b4e323,2837,?,0,0.5,4801.816667,21,1.333333,76,1,0,0,0.077681,20288,1576,4,216456,cluster1,cluster1
34,4321,74c2c50a3ccf3ba6af9828373aaea9a8,2837,?,0,1,?,17,1,184,0,0,0,1.038382,1928,2002,1,523490,cluster1,cluster1
35,2240,3ba6cf8cdab43fed9777af1a5f253e1f,2809,?,0,1,?,14,1,104,0,0,0,1.138987,4835,5507,1,293831,cluster1,cluster1
36,1758,2ecae08c4e433791895d260d7bce8aca,2800,?,0,2,?,16,1,10,0,0,0,0.003487,579929,2022,1,28026,cluster1,cluster1
37,4545,7a9e6207831235428d750f7e45091d03,2790,?,0,1,?,16,1,18,0,0,0,0.872685,7399,6457,1,51095,cluster1,cluster1
38,3548,6087d63504e432049047084982084ef5,2778,?,0,1,?,17,1,1,0,0,0,1.093815,7696,8418,1,4232,cluster1,cluster1
39,1165,1f3d313aff433b9fb5c813951d1f47cb,2775,?,0,0.666667,6990.825,10.333333,1,9,0,0,0,0.074049,7522,557,3,26006,cluster1,cluster1
40,7701,d260184a24e93b70918beecd7b54cbda,2771,?,0,0,?,23,1,8,2,0,0,0.175404,12628,2215,1,23846,cluster1,cluster1
41,2720,49d65a784c8f35dbb56022693b30bd6b,2767,?,0,0,?,25,1,35,1,0,0,0.632019,11006,6956,1,99000,cluster1,cluster1
42,8524,eb6b6ea99a323149a2321ecedbc07932,2750,?,0,2,?,18,1,78,0,1,0,0.86015,7744,6661,1,217019,cluster1,cluster1
43,6930,bd8ec2e919133708b37ff8c352e0aa73,2747,?,0,1,?,18,1,46,0,0,0,0.547207,9183,5025,1,126925,cluster1,cluster1
44,7722,d2fb8154cee9395fb5fd664bbde1691d,2746,?,0,1,113.6,12.5,2,2,0,1,0,0.040174,3908,157,2,5949,cluster1,cluster1
45,4917,8434e79a2dc4300f9393db36e834dd70,2737,?,0,1,?,9,1,71,0,0,0,1.083421,7612,8247,1,196434,cluster1,cluster1
46,5195,8c42b543b63b360a8f0bb262bc20fe4b,2737,?,0,0,20159.9,7.5,1,11,1.5,0,0,0.009109,43693,398,2,30126,cluster1,cluster1
47,5753,9ce30724ef4b3c42af12c8cfedbd1e11,2737,?,0,1,?,12,1,8,0,0,0,0.113531,17634,2002,1,22328,cluster1,cluster1
48,987,19c6273412513d7fbea2ad7456288dcd,2730,?,0,0,2.116667,19.666667,3,10,1.666667,0,0,1.895447,593,1124,3,29563,cluster1,cluster1
49,75,01ecc437c24334b89cd124d6a6b68335,2725,?,0,0,?,10,1,136,1,0,0,1.574556,3152,4963,1,370905,cluster1,cluster1
50,1180,1f6f82ac1d9332f8bae36b90cc062d07,2722,?,0,0,2299.395238,0,1.142857,30,0,0,0,0.837458,11234,9408,8,83699,cluster1,cluster1
51,745,14332e050e0d3cb18145725bbf1d4a3a,2719,?,0,2,?,14,1,4,0,0,0,0.092776,16265,1509,1,13387,cluster1,cluster1
52,5017,86d7e819486d354491554b0dc72b4af2,2719,?,0,0.666667,1430.141667,18.666667,1,156,1,0,0,0.507404,6618,3358,3,424186,cluster1,cluster1
53,6778,b8e0c42694ae3e6d97b779058ddab86b,2714,?,0,1,?,17,1,38,1,0,0,0.039056,23991,937,1,104442,cluster1,cluster1
54,1115,1da5fadc20423734b77f57e50ab1bfbd,2712,?,0,1,?,23,1,24,0,0,0,0.000038,78342,3,1,67329,cluster1,cluster1
55,1223,20af6c4225383e0dacd04be4bd1ed9c0,2712,?,0,0,?,10,1,112,1,0,0,0.775775,14093,10933,1,305892,cluster1,cluster1
56,8782,f24fc74cd0033a28aeec42fd3d1f9a01,2711,?,0,0.333333,1794.75,13.666667,1,17,1,0,0,3.633083,1330,4832,3,46423,cluster1,cluster1
57,4645,7d83f6645cee335f8da718a550350641,2710,?,0,1,361.15,23,2,155,1,0,0,1.097378,4806,5274,2,422158,cluster1,cluster1
58,6995,bf10d90bb45d3b3693718f3e5356b6d9,2708,?,0,1,?,16,1,3,0,1,0,0.043151,9432,407,1,8497,cluster1,cluster1
59,4819,81b2c9accb66348f9d19703d163d0546,2706,?,0,1,303.016667,11,2,18,0,0,0,0.000223,58198,13,2,49260,cluster1,cluster1
60,5237,8d8c638dbd0939fb88802df8116d030a,2705,?,0,1,2075.3,18,1,15,0,0,0,0.00135,130386,176,2,42407,cluster1,cluster1
61,878,172a0fd0317d33bd919de062015a40b8,2703,?,0,0,?,1,1,1,0,0,0,0.104839,16740,1755,1,4660,cluster1,cluster1
62,1331,2358f962c78938deba5dd1cbdc9ec055,2702,?,0,0,0.083333,9.5,2,82,1,0,0,1.023819,4912,5029,2,222123,cluster1,cluster1
63,1012,1a6d7bc15a8732f798a339532cf20b9d,2699,?,0,0,10.4,16.5,2,0,1,0,0,0.012516,25887,324,2,2393,cluster1,cluster1
64,8230,e2142bc6e85738e28077b9687540ced8,2699,?,0,1,?,12,1,240,0,0,0,0.058357,8945,522,1,649982,cluster1,cluster1
65,4125,6fe0890ce3f13c048baffe06b9f17cda,2698,?,0,0,3016.25,10,1,110,1,0,0,1.338163,3037,4064,2,296899,cluster1,cluster1
66,4348,755e2c687505373d9ce12c311735ff4d,2697,?,0,1,?,19,1,250,0,0,0,0.009158,6115,56,1,676211,cluster1,cluster1
67,2767,4afe165f3cbf3dbcba5edcbd25ca3bba,2695,?,0,0.25,6033.527778,22.5,1.333333,205,1,0,0,0.037705,145364,5481,4,553282,cluster1,cluster1
68,4452,782a6fc79bb73b11a74b7686452a479f,2694,?,0,1,?,19,1,102,0,0,0,0.447836,6355,2846,1,276938,cluster1,cluster1
69,7493,ccab0f9c7f8f370c9d0ba92453c63d15,2691,?,0,1,6992.058333,15.333333,1,14,0,0,0,0.012928,4409,57,3,38162,cluster1,cluster1
70,7442,cb22ee539c8c3181971f0f61be6e1a4b,2690,?,0,0,?,17,1,40,2,0,0,0.027248,876904,23894,1,109887,cluster1,cluster1
71,2343,3ee9e4fe728a3b1eaf344131793704d5,2688,?,0,0,?,8,1,59,1,0,0,0.307858,11109,3420,1,160097,cluster1,cluster1
72,598,1072cf408a2c3d4ba35b8edda7d32057,2685,?,0,0,?,11,1,91,1,0,0,0.363566,34753,12635,1,245896,cluster1,cluster1
73,8860,f45468f0ec2c3f51b55a94de2202f9a6,2685,?,0,0,250.108333,9.333333,1.5,49,0.333333,0,0,0.950928,3016,2868,3,132267,cluster1,cluster1
74,8569,ec5f5445c9913526ad506040573c2586,2682,?,0,1,1049.800926,16.473684,2.375,35,0,0,0,0,2456,0,19,94377,cluster1,cluster1
75,3240,58447f2b279532feae0eb33e2e840e57,2680,?,0,2,46.383333,16,2,34,1,0,0,0.012338,170932,2109,2,93233,cluster1,cluster1
76,6325,ad0b43fd416830dd858c7a8cd0ecdb83,2679,?,0,0,?,10,1,246,1,0,0,1.099359,4992,5488,1,659164,cluster1,cluster1
77,6314,acaa499c261c3028a39e1932418c55ae,2674,?,0,1,?,13,1,113,1,0,0,0.521298,986,514,1,303176,cluster1,cluster1
78,1799,2fd0f224d9453f1594d732b0651b383a,2668,?,0,2,?,19,1,8,1,0,0,0.114785,64904,7450,1,21549,cluster1,cluster1
79,5016,86d75bf0ebd738d48cf2ed9bf27f4f3b,2664,?,0,0,4.35,8,2,51,0,0,0,0.296359,7032,2084,2,138000,cluster1,cluster1
80,3387,5c7b42ad31b93ac18090a2d5f60e5468,2663,?,0,1,3240.016667,19,1,16,0,0,0,1.065627,2758,2939,3,44202,cluster1,cluster1
81,505,0dfc3a0d480434ee9bf915aa5c4b09a6,2662,?,0,0,5672.316667,13,1,39,0.5,0,0,0.238494,2151,513,2,105753,cluster1,cluster1
82,8052,dcac12e2a87e3bb78b904efbacea33e5,2662,?,0,0,2323.283333,22,1,6,1,0,0,0.064016,25759,1649,2,16186,cluster1,cluster1
83,8395,e73c2959081b344cb5463293b73e79f9,2662,?,0,1,?,15,1,41,1,0,0,0.934004,71565,66842,1,110959,cluster1,cluster1
84,7096,c22bdb2e3871392fb90d343ca18fd14d,2660,?,0,1,20461.06667,8.5,1,8,0,1,0,0.005027,10544,53,2,22803,cluster1,cluster1
85,8580,ec9926c40ac13789a2f185b13a3a2149,2660,?,0,0,?,17,1,2,1,0,0,0.833794,13399,11172,1,6810,cluster1,cluster1
86,3278,594cad3733cd3452806204fc862f7ac7,2656,?,0,2,335.75,15,2,11,0,0,0,0.009741,43014,419,2,29982,cluster1,cluster1
87,400,0b35429e0af337369f08518029fb02bf,2654,?,0,1,?,19,1,298,0,1,0,0.916667,732,671,1,792146,cluster1,cluster1
88,4903,8397c4d0603c3dea92326d50fecc6aa8,2654,?,0,1,6.733333,14,2,2,0,0,0,1.228571,2170,2666,2,7211,cluster1,cluster1
89,3599,61f94378d8d43b4885e0805b92f678ad,2652,?,0,0,1799.326667,0,1.5,26,0,0,0,0.753056,409,308,6,69780,cluster1,cluster1
90,9072,fa3114060c0f3b3fa812f886eb249e99,2650,?,0,0,?,23,1,13,1,1,0,0.169,18929,3199,1,36028,cluster1,cluster1
91,7734,d33bc5b286353aa9ae48ab5514fb9d47,2649,?,0,1,?,20,1,7,1,0,0,0.10904,81878,8928,1,20551,cluster1,cluster1
92,2009,35841be275a83252baa7a915c833e402,2648,?,0,0,?,3,1,20,0,0,0,0.002085,118957,248,1,55440,cluster1,cluster1
93,2396,406d0f2daacb364a8ce5a9e48076a24d,2648,?,0,1,?,9,1,4,0,0,0,0.833466,21365,17807,1,11454,cluster1,cluster1
94,3811,6703320e5f46388e9e26afe3a3c7e99b,2648,?,0,1,?,16,1,4,1,0,0,0.769696,10091,7767,1,12493,cluster1,cluster1
95,6449,b0bd2e4705db30d6b93188042c516465,2648,?,0,1,?,23,1,117,0,0,0,0.223414,4476,1000,1,312208,cluster1,cluster1
96,4367,75e0c6794f323037905492870f8531a7,2643,?,0,2,?,15,1,57,1,0,0,0.04403,1136438,50037,1,152778,cluster1,cluster1
97,2054,368d95cf66593c43bc0130cfc123825d,2640,?,0,0,?,21,1,124,1,0,0,0.836492,46909,39239,1,328277,cluster1,cluster1
98,3195,573e3bfac1aa3777a8527ac8a89cb307,2640,?,0,1,?,20,1,498,0,0,0,1.628338,2322,3781,1,1317070,cluster1,cluster1
99,5305,8f5686d0c699355da0178a363e7b48e9,2640,?,0,0,?,13,1,3,0,0,0,0.051529,20804,1072,1,8772,cluster1,cluster1
100,1889,326b458beec13b0292210126589377c4,2639,?,0,2,?,13,1,3,0,0,0,0.049391,28062,1386,1,8021,cluster1,cluster1
101,6114,a720ce78075f33c3b38f092ff27543f1,2639,?,0,0,?,10,1,85,0,0,0,0.062431,10908,681,1,225286,cluster1,cluster1
102,8483,ea0d85bb1dcb31e9ac06b78401e3a353,2634,?,0,2,?,14,1,62,1,0,0,0.000323,1150118,372,1,164735,cluster1,cluster1
103,2827,4ccbe4cb28bf3911b5b8d40de4005a2a,2633,?,0,0,?,15,1,7,0,0,0,0.087031,10502,914,1,20867,cluster1,cluster1
104,976,19740990390d3f82adf68f836ce358ae,2632,?,0,2,?,16,1,6,0,0,0,0.007019,124939,877,1,16698,cluster1,cluster1
105,7222,c55dc4f6646f34d9a66c17665c09d67f,2631,?,0,1,?,19,1,44,0,0,0,0.292723,10293,3013,1,117708,cluster1,cluster1
106,5057,88046937256f31a49db6238f6f742d21,2629,?,0,0,?,0,1,19,0,0,0,0.000087,218485,19,1,50384,cluster1,cluster1
107,1744,2e6bc76f662932b592e7c4f01405ac60,2624,?,0,1,?,20,1,35,1,0,0,0.972113,8355,8122,1,93952,cluster1,cluster1
108,7668,d164011c97a3381cac0892c43f93382a,2624,?,0,0,?,26,1,155,1,0,0,0.393371,154770,60882,1,408167,cluster1,cluster1
109,7538,cdc8259c3667361aa747d70d5e45d958,2623,?,0,0,?,7,1,70,0,0,0,0.979546,17454,17097,1,185671,cluster1,cluster1
110,1353,23c0a5230a933ae1b1280f72deb04b3e,2614,?,0,1,15660.06667,13.5,1,5,0,0,0,0.039607,10276,407,2,15449,cluster1,cluster1
111,6379,ae8421fb3d5e3f4e84b3103d84744646,2613,?,0,1,?,10,1,94,1,0,0,0.000174,1204408,209,1,246533,cluster1,cluster1
112,6747,b7e96ea3d86c3b63a47ea46e83303a5e,2613,?,0,0,?,20,1,28,0,0,0,0.116985,9685,1133,1,74752,cluster1,cluster1
113,4993,8632f00088dd3e80a585e874a7779838,2612,?,0,2,?,15,1,4,1,0,0,0.194662,10192,1984,1,10756,cluster1,cluster1
114,5378,915df476d82c3eb78df3b04869534964,2611,?,0,1,?,13,1,9,0,0,0,0.864908,11370,9834,1,24161,cluster1,cluster1
115,6487,b1b721bdfd553ca3920ceb3dc2d00ef6,2604,?,0,1,6539.833333,14.25,1,35,0,1,0,0.209082,4008,838,4,91932,cluster1,cluster1
116,6962,be69402796c03d16ac58910efd6a8540,2603,?,0,0,29.7,3.333333,3,0,0,0,0,0.827471,597,494,3,141,cluster1,cluster1
117,3059,5335cc358f883bc0b086db70f1fbc573,2602,?,0,1,?,14,1,15,1,0,0,0.010955,44639,489,1,39038,cluster1,cluster1
118,587,1027a90b7a15364e820bfbaac02db500,2593,?,0,0,?,1,1,6,0,1,0,0.070502,13489,951,1,16460,cluster1,cluster1
119,7403,ca0d519a460f3036ab07264518673179,2591,?,0,0,?,24,1,26,2,0,0,0.001121,79408,89,1,69885,cluster1,cluster1
120,7439,cb0053bc20f437b2977fa4c578edd76e,2591,?,0,0.333333,2418.65,14.333333,1.5,64,1,0,0,0.772081,17221,13296,3,166988,cluster1,cluster1
121,6340,ad9ffd53cb7e3041a2cc5364d871c420,2586,?,0,2,?,14,1,137,1,0,0,0.007762,773,6,1,356368,cluster1,cluster1
122,7035,c03fcc03c34a3a668adcf2a1f131256b,2584,?,0,1,?,11,1,12,1,0,0,0.906721,8823,8000,1,32873,cluster1,cluster1
123,7188,c42db5406f513380adbd98832922ca26,2582,?,0,1,8124.575,16.333333,1,173,1.333333,0,0,1.649835,3030,4999,3,447443,cluster1,cluster1
124,8942,f65ec0fc110839c08542dd6faecc5c55,2577,?,0,1,?,23,1,220,1,0,0,1.100249,12828,14114,1,568555,cluster1,cluster1
125,1979,34be2580a5a532b4a69d4c4d43ad5df7,2576,?,0,0,790.286667,9.333333,2,44,0,0,0,0.078976,20006,1580,6,115511,cluster1,cluster1
126,6237,aa8caa58e34e34ce8f084ec2046338c0,2574,?,0,0,625.183333,9.5,2,81,1,1,0,1.456218,3369,4906,2,210010,cluster1,cluster1
127,7607,cfdbcb9cc9ff327aa419ee6680268563,2573,?,0,1,1878.06875,21.444444,1.8,8,1,0,0,1.392759,1823,2539,9,21551,cluster1,cluster1
128,3656,634ca82d5b34332db97c658f868091da,2571,?,0,1,?,12,1,33,0,0,0,0.046272,16684,772,1,86884,cluster1,cluster1
129,2349,3f11827415d03e599469881397b7ccde,2569,?,0,1,?,18,1,18,0,0,0,0.94156,9822,9248,1,47984,cluster1,cluster1
130,1096,1d08f640614c3561b55914f34cb37bc3,2566,?,0,0,?,20,1,90,4,0,0,0.01563,31989,500,1,232254,cluster1,cluster1
131,5538,95ead855ec733a3ab99e04d819cdd52f,2565,?,0,0,54.483333,2,2,1037,0,0,0,0.837569,2007,1681,2,2660984,cluster1,cluster1
132,3764,65dc45e205d43beaae757b0b036356ae,2564,?,0,0,?,6,1,2,1,0,0,0.003051,35400,108,1,7149,cluster1,cluster1
133,1718,2d9d9ef6a6b438f9aeb1ac175399ef4a,2563,?,0,0,796.816667,7.8,1.666667,2,0,0,0,0.671292,1153,774,5,5138,cluster1,cluster1
134,7900,d877c55149663a1d969fcdbcfbca7fc7,2562,?,0,0.333333,6455.583333,14,1.5,30,1,0,0,3.025552,1448,4381,3,78108,cluster1,cluster1
135,743,14329e018e733b90a6e52fdf8dc77b3d,2560,?,0,0.5,669.533333,12.5,2,16,0.5,0,0,0.059972,44354,2660,2,42542,cluster1,cluster1
136,2225,3b3dc828683e32c0bc4959d8a25a6617,2560,?,0,0,?,1,1,0,0,0,0,0.00604,17551,106,1,2187,cluster1,cluster1
137,6881,bc1fbe802fa637fb80228be22f5dc451,2559,?,0,1,?,13,1,73,0,0,0,0.028827,327890,9452,1,187806,cluster1,cluster1
138,4121,6fcf1eb4acaa36f093367e9528c2bf38,2558,?,0,0.5,644.5,5,2,3,0,0,0,0.088688,6957,617,2,9631,cluster1,cluster1
139,3037,52b23299ab183f5eb0333f766ca833a4,2551,?,0,1,0.016667,16.5,2,266,0,0,0,0.503488,1577,794,2,680594,cluster1,cluster1
140,7894,d85e0c328c2c32329fc62fc2b3155c1f,2551,?,0,0,?,9,1,89,1,0,0,0.948657,43784,41536,1,227647,cluster1,cluster1
141,4889,834ef28fa8753e1ea5658213b0b0fd18,2548,?,0,1,?,18,1,2,2,0,0,0.699782,20625,14433,1,5763,cluster1,cluster1
142,8643,eeac7f5f35b73fe581aea32eb86422f2,2547,?,0,1,624.361111,23,2,170,2,1,0,1.078684,4804,5182,4,435313,cluster1,cluster1
143,1065,1c27011863ac373aa1fad140874a6257,2545,?,0,1,?,23,1,70,2,0,0,0.041104,19487,801,1,179148,cluster1,cluster1
144,1723,2dd218087bff399aa05c8437807cd4a8,2545,?,0,1,?,23,1,49,3,0,0,1.098969,6598,7251,1,126135,cluster1,cluster1
145,9016,f8bde3b91a533b509efbe7d48b524963,2545,?,0,1,?,14,1,3,0,0,0,0.125144,14743,1845,1,8167,cluster1,cluster1
146,2909,4f30aa0efbf53be0a18bc008c9c5764f,2537,?,0,1,1080.788462,14,4.666667,0,0,0,0,2.071429,112,232,14,845,cluster1,cluster1
147,5363,90eacc9aaa603b69bec9c5270a49bc6a,2536,?,0,0,?,15,1,185,1,0,0,0.08109,102392,8303,1,471318,cluster1,cluster1
148,2190,3a04b31968ea31369f44ba309aa1f0dd,2534,?,0,0.666667,2466.1,18.666667,1.5,204,1,1,0,1.779887,2476,4407,3,518548,cluster1,cluster1
149,3046,52e1cf85ba20341bac3f51849753f640,2532,?,0,1,?,15,1,453,1,0,0,0.133051,151972,20220,1,1149334,cluster1,cluster1
150,7011,bf760fc87b2f332386b0105ddf53ea77,2532,?,0,0,?,22,1,547,1,0,0,0.082189,189928,15610,1,1385465,cluster1,cluster1
151,2485,43382481067f37389de209e244952657,2529,?,0,1,?,14,1,7,0,0,0,0.001961,99457,195,1,18329,cluster1,cluster1
152,4002,6c69a930db7532c59c5b0fdd70ea7c2d,2528,?,0,1,?,14,1,25,0,0,0,0.03445,17968,619,1,64208,cluster1,cluster1
153,2594,4625431ac52538c9961815a21627b6c8,2525,?,0,1,118.777778,15.5,4,4,0,0,0,0.040093,1297,52,4,11966,cluster1,cluster1
154,2653,47d5ae9b4aab32d8ab17941b7e83f1ef,2523,?,0,1,?,25,1,121,0,0,0,1.171151,1747,2046,1,305297,cluster1,cluster1
155,3360,5bd5d9590ae63eddad861395accb863b,2521,?,0,2,0.083333,16,3,43,1,0,0,0.255615,1870,478,3,108751,cluster1,cluster1
156,8381,e703cd409dd737918759e6708157cde3,2521,?,0,0,?,5,1,118,1,0,0,1.499042,2088,3130,1,298195,cluster1,cluster1
157,4150,7096d75cd5273ce4b956c3364d6bf626,2517,?,0,1,3242.886667,11.833333,1.2,4,0,0,0,1.244444,180,224,6,12312,cluster1,cluster1
158,6363,ae31d510df4832ab9db8b2ef6d0bafb3,2516,?,0,2,2.146154,14.357143,14,19,0,0,0,1.635965,1140,1865,14,50293,cluster1,cluster1
159,8420,e8490c462d143d5c8ee71ae2e1d01395,2515,?,0,1,2278.575926,20.3,2.5,325,1,0,0,0.002225,3596,8,10,817754,cluster1,cluster1
160,2077,3736927850243db78a67ec3dfb3c288a,2507,?,0,2,?,18,1,13,1,0,0,0.004628,215234,996,1,34441,cluster1,cluster1
161,8493,ea2e0d1e6ee63c5b974f50b9d156ce8d,2506,?,0,2,0.058333,16,3,59,1,0,0,0.477436,2637,1259,3,149889,cluster1,cluster1
162,8019,dbd27363f58b317e89c056d08ab7c5c3,2496,?,0,0,?,16,1,11,1,0,0,0.066591,15843,1055,1,27729,cluster1,cluster1
163,7625,d04ce5c9716a321fbee24354f6e33aec,2491,?,0,1,?,23,1,3,0,0,0,0.057146,32058,1832,1,8771,cluster1,cluster1
164,2768,4b08ae0a94f637adbf2479e911265867,2486,?,0,1,1500.288889,20,2,41,0,0,0,0.852562,2557,2180,4,102426,cluster1,cluster1
165,7508,cd0cd42b57443415a3b29a92d6e55a56,2486,?,0,2,0.127778,15.75,4,24,1,0,0,1.343075,1574,2114,4,61538,cluster1,cluster1
166,1953,33dd468681113bada94fc0f9da33308b,2466,?,0,1,?,18,1,11,0,1,0,0.004068,18929,77,1,28246,cluster1,cluster1
167,8097,de5ebe3ae5473ecb908f9f9e8be18650,2460,?,0,0.6,4736.883333,17.2,1.666667,163,1,1,0,1.314736,3047,4006,5,401147,cluster1,cluster1
168,2407,40b3d40a4b383ef4960c89e0eb27cc90,2454,?,0,1,452.981852,16.217391,4.181818,234,0,0,0,0,3600,0,46,575177,cluster1,cluster1
169,3744,657fa37b177f39218a01c72a067de77c,2452,?,0,2,?,16,1,86,0,0,0,0.904211,10544,9534,1,211924,cluster1,cluster1
170,8594,ed0aa541a365314bbf41eefec7ac3810,2452,?,0,0,0.15,10.5,2,51,1.5,0,0,0.810888,3876,3143,2,125058,cluster1,cluster1
171,1710,2d6b5a16122f304ab0dc91d0a7433334,2446,?,0,0,?,16,1,305,1,0,0,0.000755,59591,45,1,746517,cluster1,cluster1
172,9056,f9dc130b306d307b8f8b106912c122f7,2446,?,0,0,4498.4,19.5,1,8,0,0,0,1.078975,2849,3074,2,20074,cluster1,cluster1
173,472,0d10005a287236ef8f8562a865d73a0a,2440,?,0,0.666667,2913.016667,18.666667,1,39,1,0,0,3.539927,1365,4832,3,95356,cluster1,cluster1
174,3616,627f2b688c5e39e8bf726c1f59bb002d,2437,?,0,2,4297.85,15.5,1,280,0,0,0,0.948803,16251,15419,2,683497,cluster1,cluster1
175,1795,2fb67ada4d203d75bc5b688a77e8fc44,2434,?,0,0,?,22,1,230,0,0,0,0.339678,2049,696,1,560480,cluster1,cluster1
176,5035,8741b8eb0b04372fad2d7ad8c8bd0245,2433,?,0,0.5,1550.2,16.5,1,44,1,0,0,2.105724,1712,3605,2,108228,cluster1,cluster1
177,3948,6b2806a4102b3d0680269a77f146f2fa,2427,?,0,1,3784.683333,21,1.25,10,0,0,0,0.972713,1979,1925,5,26255,cluster1,cluster1
178,1643,2bbc0de5f9a73334862a382b08b8e0f3,2426,?,0,0.5,1918.983333,16,2,191,1,0,0,0.698677,4384,3063,4,464368,cluster1,cluster1
179,8173,e077a2e15be83a1dbbdf07cc24e0d2bb,2424,?,0,0,158.375,18,3,1,1,0,0,0.617284,81,50,3,3085,cluster1,cluster1
180,2200,3a4d0b04896330d68c01e4dd9f0969f1,2419,?,0,0,?,10,1,194,1,0,0,0.511704,31913,16330,1,471176,cluster1,cluster1
181,9140,fc3df0099d0c31e6af8c245775df5a68,2408,?,0,0,?,20,1,27,6,1,0,0.004155,140064,582,1,65237,cluster1,cluster1
182,7524,cd82ecd9fb5b3688a0ceaf894ac3e384,2404,?,0,0,?,5,1,4,0,0,0,0.159234,43973,7002,1,9683,cluster1,cluster1
183,5025,870308e868c435968f9dd1b0bbe2a41f,2386,?,0,1,?,23,1,6,0,0,0,0.104381,11458,1196,1,16167,cluster1,cluster1
184,2040,3620723a99163303b733babdf5b3748d,2384,?,0,0,?,10,1,230,1,0,0,0.826815,5676,4693,1,549633,cluster1,cluster1
185,5920,a1d834cec4df3a61bda26f6dd4b6dab3,2375,?,0,1,2956.444444,14,3.5,71,0,0,0,0.117318,5728,672,7,168912,cluster1,cluster1
186,599,107f36f2636f33e2b6550eeb3af92fb4,2372,?,0,0,?,10,1,111,1,0,0,1.095292,5289,5793,1,263546,cluster1,cluster1
187,6667,b60fc8fbb48e3a84be4f6b214fe5f6ad,2371,?,0,0,322.020052,0,5.909091,15,0,1,0,0.033054,3812,126,65,36476,cluster1,cluster1
188,2504,43d484fc52c03fc9b6adc651228e7164,2360,?,0,2,19.825,13.666667,3,293,0,0,0,0.585526,18930,11084,3,693106,cluster1,cluster1
189,4973,85b0eff0057739c096636f42320dd8ae,2359,?,0,1,?,15,1,3,0,0,0,0.001556,86145,134,1,8236,cluster1,cluster1
190,608,10b8bdbb3ecb3161a7847a9d56766005,2350,?,0,1,?,20,1,10,1,0,0,0.00178,317463,565,1,24833,cluster1,cluster1
191,9177,fd4ae85d151439a5839cac63e3f44b3d,2341,?,0,1,2691.944444,18.75,1.333333,24,0.5,0,0,0.945347,3879,3667,4,57306,cluster1,cluster1
192,4962,856bac4010a038648a7de1e880e1813f,2340,?,0,1,3667.216667,22.5,1,190,0,0,0,0.002428,2059,5,2,445661,cluster1,cluster1
193,3117,54d502a9983e3fbcbfdb8c5f4b106977,2329,?,0,2,?,15,1,24,1,0,0,0.017633,33970,599,1,56347,cluster1,cluster1
194,4901,83931f9520b13e3999f07acb7f0ec536,2322,?,0,0,10050.81667,11,1,5,0,0,0,1.037712,4773,4953,2,12700,cluster1,cluster1
195,748,143d7e8c660b3471b2ee46bc15087bf1,2311,?,0,2,?,15,1,19,1,0,0,0.03038,16063,488,1,44691,cluster1,cluster1
196,9055,f9d78914bf433a7a88f40be70049eca7,2302,?,0,1,309.297222,2.947368,4.75,3,0,0,0,3.965092,487,1931,19,7369,cluster1,cluster1
197,8217,e1b057067e7a3381a0a9efaf0b0a8bdc,2301,?,0,0.5,1813.1,16.5,1,53,1,0,0,1.760211,2840,4999,2,123360,cluster1,cluster1
198,2358,3f60bfcfa6c537d3a36efcc2707f90ca,2300,?,0,0,?,14,1,3,0,0,0,0.649594,48595,31567,1,7943,cluster1,cluster1
199,2849,4d798ebf2a4e30cab10375de849a62bc,2300,?,0,1,3769.594444,9,2,33,0,1,0,0.965059,4293,4143,4,76930,cluster1,cluster1
200,7601,cfa97ebb1da831238c012196bd21c405,2295,?,0,0,?,10,1,14,0,0,0,0.010079,20737,209,1,32960,cluster1,cluster1
201,1820,305cf92f5d4236b9b23dbf706d68f2cc,2292,?,0,1,?,21,1,26,1,0,0,0.14804,95528,14142,1,60719,cluster1,cluster1
202,5322,8fc97681259d37c88aa1bb3fda4ab9e6,2290,?,0,0,?,22,1,16,1,0,0,1.099678,16473,18115,1,37016,cluster1,cluster1
203,6909,bd109fd83011323eaf0bdcf4787cd69b,2290,?,0,1,?,18,1,73,1,0,0,0.00133,21805,29,1,168889,cluster1,cluster1
204,1722,2dc283016cc4339fba9318bbcedc7bc1,2280,?,0,0,?,14,1,1,1,0,0,0.15705,15148,2379,1,4131,cluster1,cluster1
205,4162,70e75e25fe6433f99ad9081d475c529d,2276,?,0,2,?,18,1,6,1,0,0,0.354367,18859,6683,1,14810,cluster1,cluster1
206,4535,7a6d9e1e65a0318e981ac3d4b3681d3c,2274,?,0,0,9390.292857,0,2,235,0,0,0,0.786047,645,507,8,536419,cluster1,cluster1
207,6918,bd5a26a083a636888c4b3204e15529c2,2270,?,0,0,1365.033333,16.5,1,34,1,0,0,0.172638,39632,6842,2,77958,cluster1,cluster1
208,52,015c859804fc3d1d8937aa13c844064e,2267,?,0,1,2929.158333,13.571429,3.5,0,0,0,0,0.611872,219,134,7,1958,cluster1,cluster1
209,310,086b0446a5753234a6f416e795ea9abb,2259,?,0,0,?,15,1,6,0,0,0,0.390582,20577,8037,1,14497,cluster1,cluster1
210,3483,5ee5326b5e053fdf91c8cfbcdd948129,2241,?,0,0,?,0,1,305,0,0,0,1.070468,1859,1990,1,683657,cluster1,cluster1
211,4310,746561df84e83a48a250ebdc2dbf4034,2237,?,0,0,1431.066667,13.5,1,53,0.5,0,0,0.062872,14617,919,2,119565,cluster1,cluster1
212,3579,61728a0fc141321fa9952adafad963e6,2229,?,0,0,0.116667,10.5,2,4,1.5,0,0,0.70696,6767,4784,2,9514,cluster1,cluster1
213,6011,a46335d793ac34d19a0570575ee74a01,2229,?,0,1,0.033333,18,2,320,0,1,0,0.007326,819,6,2,713861,cluster1,cluster1
214,126,0323bcfe2efe32849671f91412162caa,2227,?,0,0,?,28,1,0,1,1,0,0.005847,42585,249,1,1817,cluster1,cluster1
215,5193,8c2b1f0167eb35818689282997d1fc0f,2214,?,0,0.333333,2760.166667,14,1.5,112,1,0,0,2.03362,2439,4960,3,248901,cluster1,cluster1
216,2120,384be3c2ef39324a9f84cf15a3a222dd,2209,?,0,0,?,10,1,5,0,0,0,0.882877,31676,27966,1,11521,cluster1,cluster1
217,4437,77adb0fc9d2a35329e6a1f4e8eafa4b3,2200,?,0,1,?,15,1,227,0,0,0,0.959476,1604,1539,1,501084,cluster1,cluster1
218,6578,b3e6abebfd35367aa845839b28c3546d,2199,?,0,1,4417.05,19.6,1.25,75,0,0,0,1.122771,2411,2707,5,166896,cluster1,cluster1
219,7133,c2e59561e71832069eb957955702630d,2189,?,0,0,1014.295833,8.4,1.666667,61,0.4,0,0,0.20369,10570,2153,5,134164,cluster1,cluster1
220,752,145a97068e8f36dd8808548976909846,2188,?,0,1,?,23,1,49,0,0,0,0.937175,30195,28298,1,108450,cluster1,cluster1
221,4855,8296d658a1163ffcb92e100502906765,2187,?,0,1,?,18,1,137,0,0,0,0,1091,0,1,301338,cluster1,cluster1
222,8854,f41dc48f13e23b4eabe8327cb3ddbd58,2178,?,0,1,?,17,1,136,0,0,0,1.095972,5189,5687,1,297444,cluster1,cluster1
223,7028,c006371919a53b689e99c8260f0929b8,2172,?,0,2,?,19,1,25,0,0,0,0.000889,31483,28,1,56429,cluster1,cluster1
224,1508,2818cd5055293ed5be41315b98a4cac7,2160,?,0,1,9120.275,18,1,8,0,0,0,0.903349,7884,7122,3,18106,cluster1,cluster1
225,8721,f0701f41e7553539bc9787d67cbdebe5,2158,?,0,0,?,2,1,6,1,0,0,0.481324,49395,23775,1,14148,cluster1,cluster1
226,4718,7f6d2229ea68350cafd57b45ed7a72c6,2157,?,0,1.25,2974.866667,15.5,1.333333,165,0.5,1,0,0.000411,2434,1,4,356225,cluster1,cluster1
227,5547,964bdb6efb7c3c9687ebf66047cbc281,2145,?,0,2,?,18,1,91,1,0,0,0.439556,25569,11239,1,195704,cluster1,cluster1
228,8774,f2124592a17834f1b85d8fdc4f747d97,2145,?,0,0,?,0,1,16,0,0,0,0.72532,53171,38566,1,34983,cluster1,cluster1
229,1447,26a80f882c19355a88c7602ef369cd38,2142,?,0,2,?,13,1,114,0,0,0,0.64278,16718,10746,1,244634,cluster1,cluster1
230,108,02b1652188453137a4d6cc6dec8fa785,2116,?,0,2,?,19,1,10,0,0,0,0.04774,84143,4017,1,21390,cluster1,cluster1
231,85,023793c9fff7360985479ba233e2c1d1,2110,?,0,0.333333,3758.408333,14.333333,1.5,71,1,0,0,1.431298,3406,4875,3,150781,cluster1,cluster1
232,6814,ba002959e39e3a48bf7fd150249c17e6,2107,?,0,1,9867.866667,17.333333,1.5,486,0,1,0,0.382353,5984,2288,3,1025614,cluster1,cluster1
233,2315,3e0820fdab6f3329b8cfaf1be2df57ab,2103,?,0,1.75,4.388889,12.75,4,1,0,0,0,1.497507,1003,1502,4,2444,cluster1,cluster1
234,7338,c859ec768e7a34bb8d2cf840703bcba8,2096,?,0,0.4,1411.808333,14.4,1.666667,279,1,1,0,1.095622,4842,5305,5,586316,cluster1,cluster1
235,5441,9330987949b93cd1a42b60e6edfd9a08,2094,?,0,1,4409.470833,19.6,1.25,58,0,1,0,1.104489,2718,3002,5,122114,cluster1,cluster1
236,3006,51bdbea50674395197daca096d0dc4ff,2091,?,0,1,?,17,1,41,0,1,0,0.879497,145108,127622,1,86489,cluster1,cluster1
237,6541,b33551ba807434238ecd05236ec5417b,2091,?,0,2,1476.133333,21,1,1,2.5,0,0,0.848601,7041,5975,2,2575,cluster1,cluster1
238,106,029fee486bbe3549b4de6f0fd53a3ec7,2074,?,0,0,?,11,1,28,1,0,0,0.011102,12790,142,1,59625,cluster1,cluster1
239,4947,8513a8822f313c7faa35f7c0d93a1bed,2061,?,0,0,?,10,1,131,1,0,0,1.036209,8230,8528,1,271751,cluster1,cluster1
240,1347,23a7aa246eac396e804266f4bd5fe122,2060,?,0,1.285714,2599.008333,12.142857,2.333333,0,0.285714,0,0,1.974684,79,156,7,76,cluster1,cluster1
241,27,00d71d5ac0c83540b9bdcbf47d1b5588,2059,?,0,1,176.216667,15,2,393,0,0,1,0.130785,497,65,2,809515,cluster1,cluster1
242,8164,e0452ae1886a3afd93a32fdb99cef404,2054,?,0,1,?,9,1,237,0,0,0,0.893006,2888,2579,1,487965,cluster1,cluster1
243,1811,302ce8e1542b365bbffbdf827e302a05,2048,?,0,0,?,10,1,142,1,0,0,0.967386,9873,9551,1,292278,cluster1,cluster1
244,5861,9fb270f2cd8f32b9989af03376346097,2035,?,0,2,?,13,1,226,0,1,0,0.54698,596,326,1,461648,cluster1,cluster1
245,8884,f50ef851540939c381f77e70e2f31600,2033,?,0,1,?,17,1,69,0,0,0,0.000455,70334,32,1,140586,cluster1,cluster1
246,4693,7e8923c3b26636d286fca5d6b8d565a7,2023,?,0,2,858.783333,16,1,1,2.5,0,0,0.706062,13428,9481,2,2634,cluster1,cluster1
247,6965,be6f3249f7983183a2e4baec81a4288e,2013,?,0,0,?,7,1,94,0,0,0,0.872403,15212,13271,1,191202,cluster1,cluster1
248,8318,e4e1c22da084336c9ba760f83e79680f,2013,?,0,2,?,17,1,5,0,0,0,0.000052,19123,1,1,10314,cluster1,cluster1
249,2798,4bc3853c5c1e3b599688f7e2191d4268,2012,?,0,0,?,10,1,226,1,0,0,1.096904,5717,6271,1,456148,cluster1,cluster1
250,4575,7b7978e399c831b49f83e394b9c67608,2010,?,0,2,1556.431818,16.666667,2,12,0,0,0,0.000838,585036,490,12,24365,cluster1,cluster1
251,7060,c0e0755309ae3e8191e0e7bb098e2cfe,2006,?,0,1,16440.01667,12.5,1,139,0,0,0,1.093839,4934,5397,2,279035,cluster1,cluster1
252,8725,f0879c8693ae3e96b04a3c17b28d92f8,2005,?,0,1,4350.045833,14.6,1.25,27,0,0,0,0.000063,31901,2,5,55405,cluster1,cluster1
253,3305,5a22169d803b3e03aaa24620904805f1,1984,?,0,0,?,10,1,116,1,0,0,1.02975,7227,7442,1,231420,cluster1,cluster1
254,5386,918142f1cd7b3a74ab56cc6dc6e30104,1983,?,0,0,?,26,1,3,2,0,0,0.008879,301496,2677,1,6344,cluster1,cluster1
255,6515,b2806f88ab69343bb8be350abc7d6ee6,1980,?,0,1,?,17,1,25,0,0,0,0.220502,10526,2321,1,49594,cluster1,cluster1
256,7311,c7b7b6e53f96353791d0700ae1a0ff25,1978,?,0,1,0.133333,20,3,0,0,0,0,0.558571,700,391,3,1604,cluster1,cluster1
257,3630,62d0bfc882263e9f99437cec23dad462,1977,?,0,0,?,13,1,142,0,0,0,0.002053,27274,56,1,280818,cluster1,cluster1
258,8135,df67e2498bfa34ec8626e438e92eda0b,1971,?,0,0,32.983333,0,2,346,0,0,0,0.757219,5264,3986,2,682955,cluster1,cluster1
259,8302,e46020c971953d9aa4015a000e953618,1964,?,0,0,?,10,1,151,1,0,0,1.191859,3341,3982,1,296647,cluster1,cluster1
260,7907,d8b2a3e513b8346fb9ba8007f2348e7b,1962,?,0,0,859.272222,0,2,245,0,0,0,0.735219,2334,1716,10,482504,cluster1,cluster1
261,3653,6343dc3298343d4780f6242dd553a2fd,1956,?,0,2,?,13,1,140,0,0,0,0.003816,128413,490,1,274842,cluster1,cluster1
262,6751,b8114a4c3cd03fb4a6ea2e2a3486ee6c,1952,?,0,0,0.116667,10.5,2,71,1.5,0,0,0.947097,5633,5335,2,138748,cluster1,cluster1
263,1693,2d39365458ba3fefab03b0b6071964f7,1946,?,0,3,477.767829,12.409091,4,30,0,0,0,0.92628,58437,54129,44,59282,cluster1,cluster1
264,3893,69b4c1ac7b743437a0fb9f92f8457389,1945,?,0,1,3.483333,15.5,2,15,0,0,0,1.155484,2161,2497,2,30562,cluster1,cluster1
265,6417,afd046563e7835f9997cb0c373ee0430,1941,?,0,0,?,14,1,49,3,1,0,0.831077,51787,43039,1,95500,cluster1,cluster1
266,5354,909a984096b83a8ba3747bfbf599cb08,1937,?,0,1,?,18,1,29,0,0,0,1.005841,51702,52004,1,57711,cluster1,cluster1
267,3594,61da31f414d432b2849cfbdddd60497b,1927,?,0,0.5,2035.733333,16.5,1,20,1,1,0,1.051452,4820,5068,2,40277,cluster1,cluster1
268,3817,6729bdde41a837ab8dcea3b4df9286ef,1925,?,0,0.5,4501.583333,17.5,1,30,0.5,0,0,0.927425,2990,2773,2,57876,cluster1,cluster1
269,4967,857ebdd301683b85949cc94ab9fc77fa,1922,?,0,2,?,17,1,20,0,0,0,0.000072,139057,10,1,38679,cluster1,cluster1
270,4723,7f947e39987d360faa661d185fd90d22,1916,?,0,0.9,343.155556,16.9,3.333333,14,0.1,0,0,1.859024,1291,2400,10,27621,cluster1,cluster1
271,5919,a1ceb67e926a3c7db6205f21576e854f,1903,?,0,1,?,17,1,40,0,0,0,1.119179,14818,16584,1,76339,cluster1,cluster1
272,3696,643d635b6b05390783fc8cfdb08feb10,1900,?,0,0,?,10,1,38,1,0,0,0.736441,14714,10836,1,72735,cluster1,cluster1
273,7771,d461f406e94f31c980bf927266ce0e79,1898,?,0,0,?,25,1,65,1,0,0,0.208167,33819,7040,1,123933,cluster1,cluster1
274,1377,2444f18132953a3d86ada449a9d07548,1896,?,0,1.5,2361.85,11,1,109,0.5,1,0,0,825,0,2,207212,cluster1,cluster1
275,3754,65b3383bd72533f0bf95375c2ae7924e,1896,?,0,0,?,16,1,12,1,0,0,0.797554,48902,39002,1,23773,cluster1,cluster1
276,2686,48e004ddfa80319093f82200b74dc692,1883,?,0,0,35.975,15.666667,3,21,1,0,0,0.353393,781,276,3,41338,cluster1,cluster1
277,4235,72959a3b52813d1e900161a7ca5067ed,1883,?,0,1,10.370833,17.555556,9,3,0,0,0,1.9861,2518,5001,9,6968,cluster1,cluster1
278,4548,7abc11fb5f0d36e58cf93c35e190245f,1875,?,0,1,2887.158333,14,1,0,0,1,0,0.653846,26,17,7,72,cluster1,cluster1
279,930,186c62aba1c6329db27a7a50a324eaf6,1873,?,0,2,?,10,1,7,0,0,0,1.013197,13488,13666,1,14026,cluster1,cluster1
280,1908,32c81147360c33f5a2bb55665c1a556a,1873,?,0,0,0.116667,5.5,2,45,1,0,0,2.749313,1819,5001,2,85744,cluster1,cluster1
281,6981,bebc9b2f6e5835cfa69ba2c162292dde,1865,?,0,1,?,9,1,203,0,0,0,0.459829,4095,1883,1,378756,cluster1,cluster1
282,3691,642e535fb84f3dc8bf1fe0c1c461386e,1860,?,0,2,8619.116667,17.333333,1,19,1,0,0,0.001324,126884,168,3,36777,cluster1,cluster1
283,1332,235d6399530630ca9ef5bd694da8044e,1859,?,0,0,?,2,1,43,1,0,0,0.000955,62803,60,1,81350,cluster1,cluster1
284,4104,6f4f499f8a7433c1909f405dfdf05fad,1859,?,0,1,2965.613333,17,2,5,1,0,0,0.472973,74,35,6,9799,cluster1,cluster1
285,6671,b62c71c1260b3460b4a156bc3cdb61fb,1859,?,0,0,4860.658333,2,1,3,1,0,0,0,8178,0,3,5935,cluster1,cluster1
286,1531,28956aa6fafc389da5ba7afb0feaaaa6,1855,?,0,0,?,15,1,14,3,0,0,0.088741,15348,1362,1,27476,cluster1,cluster1
287,7282,c70ee2e6c28e3d6eb57d48f6f8a15e18,1854,?,0,1,?,7,1,5,0,0,0,0.059199,163228,9663,1,9499,cluster1,cluster1
288,4643,7d610c8e64ed3cdea4d2a9c25246b313,1853,?,0,0,?,4,1,43,0,0,0,0.054341,18531,1007,1,80793,cluster1,cluster1
289,1385,2491976196d13673a4923923439e7e25,1845,?,0,1,1320,13,1,144,0,1,0,1.09433,3774,4130,2,266882,cluster1,cluster1
290,4497,79973e3178ec3474b47986b1f1029604,1844,?,0,0,?,3,1,155,1,0,0,0.110213,5317,586,1,286183,cluster1,cluster1
291,4737,7fd7eb8a004b34b79f0c02e5ab6a53ff,1844,?,0,2,849.930556,15.4,2.5,9,0,0,0,0.157895,57,9,25,17563,cluster1,cluster1
292,5629,990023259eb3335194b9649b3f751526,1844,?,0,0,17447.9,10,1,20,0.5,0,0,0.405575,10511,4263,2,38569,cluster1,cluster1
293,1251,214a2616c53b3073847ffd5de6bdfc1a,1835,?,0,1,0.416667,23,2,71,1,0,0,2.424847,1956,4743,2,132101,cluster1,cluster1
294,8038,dc3c40aa3c563b8797b0f66a1378dfb5,1832,?,0,2,?,13,1,72,1,1,0,0.248058,19306,4789,1,132044,cluster1,cluster1
295,8389,e7199aaa9d0d36bcaac37791c6e69069,1832,?,0,0,1290.105556,10,1.333333,116,1,0,0,0.593119,8661,5137,4,213904,cluster1,cluster1
296,1837,31202bff2e7b36e0b2a731778bde541d,1830,?,0,0,5791.672222,0,1,61,0,0,0,0.504335,262409,132342,4,113448,cluster1,cluster1
297,92,0263310907ea3c05948f20c1c31b8123,1822,?,0,1.25,740,19,2,97,0,0,0,0.008092,62651,507,4,178178,cluster1,cluster1
298,5897,a0ed39d7c2633013b55b277e31b2f9bd,1813,?,0,0.5,6096.083333,16.5,1,160,1,0,0,1.65104,3029,5001,2,290361,cluster1,cluster1
299,2932,4fb5325e461135139065c815781e6e89,1812,?,0,1.956522,753.006818,15.869565,2.875,1,0,1,0,1.783019,106,189,23,2066,cluster1,cluster1
300,5960,a31c4a7a7e92394a9bbda5debfbff41b,1812,?,0,0,669.966667,8.428571,1.75,116,0,1,0,0.639116,9183,5869,7,211113,cluster1,cluster1
301,3254,58a8f01f3f303e4f91d98aadd5b22dd5,1807,?,0,0,?,19,1,173,1,0,0,0.491446,3215,1580,1,312803,cluster1,
302,7867,d7ad974ebdc83d6dbaba67246d0993a4,1806,?,0,0.5,11.716667,14,2,6,0,0,0,0.844767,2828,2389,2,11358,cluster1,
303,8758,f1b1a45ef6b231fe969baf291743b8a9,1801,?,0,1,19.408333,12.333333,3,31,0,0,0,0.188218,2088,393,3,55911,cluster1,
304,1600,2aa68814d35f353ea0f065a7e59d67f6,1796,?,0,0,1.905556,24.75,4,15,1,1,0,0.472751,3101,1466,4,27871,cluster1,
305,4450,781b709bc94538fd98417e7e9a1955a8,1791,?,0,1,?,23,1,14,0,1,0,0.766786,14506,11123,1,25760,cluster1,
306,1010,1a56c8db68833379a0ae38454df26dab,1790,?,0,0,?,10,1,89,1,0,0,1.038755,9160,9515,1,161050,cluster1,
307,8357,e635a9efa8a63fd3a2137e003cbb4785,1790,?,0,0,?,9,1,304,1,0,0,1.350527,3703,5001,1,545441,cluster1,
308,4054,6dd160af6f9c38aca4ce3e9dfc15f0a8,1782,?,0,1,?,14,1,272,0,0,0,0.631573,35980,22724,1,485962,cluster1,
309,8630,ee5b0db9e7103f82b47e3aa5d2536ec4,1781,?,0,0,?,9,1,4,0,0,0,0.000235,34086,8,1,8849,cluster1,
310,4820,81b342c9f47c3450b91a90ef2c475ff8,1780,?,0,1,2403.405556,15.428571,1.4,56,0,0,0,0.021277,4747,101,7,100301,cluster1,
311,1914,32efaa644d8e33adb04afebd3860aa3b,1771,?,0,1,4316.783333,14.5,1,105,0,0,0,0.965517,435,420,2,187563,cluster1,
312,2836,4d05534bcc053f7e8a0cfdc63bfe4e74,1769,?,0,1,?,21,1,4,2,0,0,0.000443,87942,39,1,7969,cluster1,
313,6374,ae74f75a1f913ccb867efc2e27045a20,1767,?,0,1,?,11,1,35,1,0,0,0.279876,14167,3965,1,62070,cluster1,
314,4907,83e199a550333497a13449527cdd6d1b,1760,?,0,1,2865.366667,12,1,355,0,0,0,0.015654,1597,25,2,625448,cluster1,
315,5804,9e3883cb7c563ca5bd52ca702783f681,1760,?,0,0.5,2659.533333,16.5,1,60,1,0,0,1.95623,2536,4961,2,107092,cluster1,
316,2546,44fa2230d8be3624b27fc01761e4e6e9,1753,?,0,1,130.925,16.666667,3,44,1,1,0,0.29938,1129,338,3,78113,cluster1,
317,7505,cd08a7e08bf232fdaaa1051d8d8c22ec,1745,?,0,0,?,14,1,97,1,0,0,0.035323,23073,815,1,169582,cluster1,
318,3029,5272deca0d813da4a13f20f73160bbc1,1739,?,0,0,?,0,1,0,0,0,0,0.613503,23462,14394,1,133,cluster1,
319,7760,d3f87caf357231089b2a7ffb0ec78fc7,1739,?,0,0.5,27.866667,19,2,0,2,0,0,0.433472,7200,3121,2,696,cluster1,
320,2227,3b49adfd5d0a39cebe3b80db5f049d9e,1735,?,0,1,?,17,1,20,0,0,0,0.002249,19117,43,1,35587,cluster1,
321,5420,927c575ba49535a1a032b5b0be7b9c92,1718,?,0,1,7900.733333,15.666667,1,144,0,0,0,0.100136,3665,367,3,248929,cluster1,
322,696,1302cec5165f33f086b10fedcd33b44f,1707,?,0,1,2929.158333,13.571429,3.5,5,0,0,0,0.253342,2992,758,7,9151,cluster1,
323,3244,5857e8d4c85b37eaad9d4e416a688642,1697,?,0,1,7200,19,1,79,1,0,0,0.00027,7416,2,3,135259,cluster1,
324,1517,284a4ef901d639128003a2a4a3d01f77,1696,?,0,0,?,0,1,168,0,0,0,0.615215,3628,2232,1,285156,cluster1,
325,2139,38babc9f7c433b8982076a9113ea925c,1696,?,0,0,?,0,1,217,0,0,0,0.48127,3684,1773,1,368578,cluster1,
326,5186,8bfaede265593b0bb11664288b0d4e19,1696,?,0,0,?,0,1,209,0,0,0,0.506575,3346,1695,1,355005,cluster1,
327,9245,ffbe2328231e368ba9a0ea263659943b,1696,?,0,0,?,0,1,188,0,0,0,0.386181,3734,1442,1,319172,cluster1,
328,7964,daa3ac3f7cbe32dabcb9bd76a02915d4,1692,?,0,1,?,18,1,83,0,0,0,0.601924,10601,6381,1,141132,cluster1,
329,4347,7558d6173eaf3006b06ddeea581adabb,1682,?,0,1,?,14,1,110,0,0,0,0.170877,12787,2185,1,186031,cluster1,
330,2597,4628e9e9e5a035eeb0d0480c4122dce4,1671,?,0,1,?,19,1,31,1,0,0,0.628667,17386,10930,1,52584,cluster1,
331,2469,42d4af0c182a3490b6ee3a12b7ce0970,1668,?,0,1,640.02381,9.533333,7.5,1,1.066667,0,0,1.762376,101,178,15,3186,cluster1,
332,7935,d9afffb9e1913f10998b25604a75b9a2,1668,?,0,1,?,15,1,4,0,0,0,0.063609,11838,753,1,7403,cluster1,
333,7898,d8730cdf20793f868d62a6d4597c1b95,1647,?,0,1.285714,208.633333,14.142857,3.5,1,0.285714,0,0,1.709677,155,265,7,2563,cluster1,
334,6595,b4411d8034743454ad9644f989ae564f,1644,?,0,1,?,5,1,105,0,0,0,0.274933,7791,2142,1,173567,cluster1,
335,1050,1b7bc579f3f53a77b262ad586bc7cf81,1642,?,0,0,?,22,1,50,2,1,0,0.492381,9647,4750,1,83650,cluster1,
336,3543,60640924f35b3240b5c1b2dd32ca93ba,1634,?,0,2,?,16,1,67,0,0,0,1.038276,26570,27587,1,110366,cluster1,
337,4485,791571668aee3b008a990593219b9602,1623,?,0,1,?,9,1,284,0,0,0,0.000335,2983,1,1,461261,cluster1,
338,5465,942446a42de23dabb122663926dfcf9e,1619,?,0,0.333333,1284.066667,14.333333,1.5,91,1,1,0,1.841371,2509,4620,3,148363,cluster1,
339,1227,20be1654ecd138b19cc5711a16dbb1fa,1614,?,0,0,?,12,1,176,1,0,0,1.258486,2298,2892,1,285191,cluster1,
340,4132,6ffa860cfd983c2daf86a9e10f333ed8,1608,?,0,0,?,10,1,71,0,1,0,0.068759,16696,1148,1,115259,cluster1,
341,4182,715c89abb2b738d5a65f44533bd1c9e6,1606,?,0,1,?,16,1,294,0,0,0,0.004444,675,3,1,472484,cluster1,
342,6271,ab6750be2dba32e2b7e753a9b15be17b,1603,?,0,0,?,0,1,184,0,0,0,0.848301,2973,2522,1,295447,cluster1,
343,1297,22492909c01e351897052a8dd7806b06,1598,?,0,1,5722.444444,13.25,1.333333,336,0,0,0,0.80518,67298,54187,4,537512,cluster1,
344,8612,ed9adf976f573341afbf5cf3245cd444,1597,?,0,0,1639.033333,17.5,1,48,1,0,0,0.107486,9778,1051,2,77916,cluster1,
345,3322,5abfa32d16f9332f82aabc83a1b35081,1592,?,0,2,?,20,1,8,0,0,0,0.124305,14577,1812,1,13985,cluster1,
346,2924,4f974a18ed5f321e93b0aceb5595a694,1585,?,0,1,2972.627778,20,1.166667,173,0,0,0,0.798201,2334,1863,7,274647,cluster1,
347,7138,c316f386d995308bbd6c452f70e82b37,1585,?,0,2,1544.75,18.5,1,0,0,0,0,0.521283,5051,2633,2,1210,cluster1,
348,2000,3541b42e97bb313b81dfe11ed3dd1264,1584,?,0,1,?,21,1,66,1,0,0,0.172134,13321,2293,1,105281,cluster1,
349,2721,49e4a68a268235c89035beb77d27cd64,1572,?,0,0,?,0,1,22,0,0,0,0.925298,134387,124348,1,34671,cluster1,
350,3716,64cf5819d55934d7a01386eb6f662aeb,1558,?,0,0,11519.2,11,1,1,0,0,0,0.063875,5589,357,2,2638,cluster1,
351,3768,65ec0e6d01403ea394e1b865e7347f30,1550,?,0,0,0.216667,10.5,2,52,1.5,0,0,0.682698,33082,22585,2,82084,cluster1,
352,8587,ecdc8f6f5a113ab09da4ad1a08076055,1545,?,0,0,765.516667,0,1,176,0,0,0,0.107514,865,93,2,272550,cluster1,
353,3490,5ef9d9dcf24a35fe95daa6dfc730ffc1,1535,?,0,2,?,16,1,115,0,0,0,0.875133,31009,27137,1,177581,cluster1,
354,1011,1a6a9de2420c3411a151847c79e7e390,1530,?,0,0,?,0,1,212,0,1,0,0.27139,1496,406,1,324637,cluster1,
355,2369,3f9e94ba69513da39a54851e39e3d42e,1516,?,0,3,?,14,1,47,1,0,0,0.010511,50901,535,1,71591,cluster1,
356,7868,d7b453af5db437188759bbe8fd0903a6,1503,?,0,1,?,19,1,19,0,0,0,0.834591,9274,7740,1,29994,cluster1,
357,2895,4ece50ec257c33d688ab02d9c6d588a9,1493,?,0,2,?,19,1,16,1,0,0,0.038256,47574,1820,1,24146,cluster1,
358,9123,fbc3799d9297357fa7228aa39bdd3afa,1486,?,0,1,0.75,12,4,58,0,0,0,0.623363,8783,5475,4,87248,cluster1,
359,5403,91dcaece4e9c3e30804600b326e97c95,1478,?,0,0,?,13,1,66,0,0,0,0.069053,23634,1632,1,97730,cluster1,
360,7825,d656a2806ca0358c823a4b157b754bc8,1470,?,0,1,?,17,1,266,0,0,0,0.458448,1817,833,1,391268,cluster1,
361,2524,443f02f13d023b1b8e95e6116fb8e09e,1457,?,0,1,?,9,1,1,0,0,0,0.001339,10456,14,1,1784,cluster1,
362,870,170f42757b683adcaeca66eaba8b9f57,1456,?,0,2,?,16,1,53,0,0,0,0.894759,7155,6402,1,77709,cluster1,
363,7064,c115583a1fcb363dae866b7029558304,1448,?,0,1,?,19,1,212,0,0,0,0.945825,2012,1903,1,307013,cluster1,
364,4887,833fac4ebc843f8ab492ddf1397e0187,1445,?,0,0,?,7,1,322,1,1,0,3.780045,1323,5001,1,466069,cluster1,
365,9030,f90dc7e23e8431bfb2ac4f2aae0500cb,1445,?,0,2,2604.957143,12.25,1.142857,0,0,0,0,0.068,250,17,8,1121,cluster1,
366,1669,2c8c1969fa0a3fe39aa32db9516a4118,1444,?,0,1,?,9,1,203,0,1,0,0.284296,1108,315,1,294120,cluster1,
367,759,14812803a36238afac9ebdd3caf51ac4,1430,?,0,1.666667,312.266667,15.166667,3,18,1,0,0,1.22191,712,870,6,25780,cluster1,
368,4576,7b7affa9c2293657bf9301bb6a9ad115,1428,?,0,0,?,20,1,21,3,1,0,0.00748,47596,356,1,30535,cluster1,
369,392,0adc293d66ba3eaeb7059c23e4feea84,1427,?,0,1,?,21,1,88,1,1,0,0.258407,15522,4011,1,126113,cluster1,
370,5367,90fbe515964f304aaec53c2059582a92,1427,?,0,0,?,30,1,29,0,0,0,1.014278,7844,7956,1,41897,cluster1,
371,6477,b1520572105b3ec48a3335a5afd22aca,1426,?,0,1,595.264286,19.125,2,697,0,0,0,0,1224,0,8,994567,cluster1,
372,3269,590eb378df043c5198447962591e9a51,1422,?,0,0,?,10,1,58,1,0,0,0.79553,14853,11816,1,82862,cluster1,
373,1303,226d0ec9dcb838d6a1814caf170bde9c,1407,?,0,1,?,11,1,30,0,0,0,0.941896,8502,8008,1,42275,cluster1,
374,7306,c7a22ae9821633d78502fdbe1a1bac5d,1406,?,0,0,?,18,1,71,2,1,0,0.066778,13807,922,1,100797,cluster1,
375,8716,f04dfb62d3d73381892b4e511b1616cf,1403,?,0,1,1096.283333,23,2,200,1.5,0,0,1.100414,4591,5052,2,281794,cluster1,
376,9165,fcf12d5ac8963ec2897827f82e927953,1398,?,0,0,?,0,1,30,0,0,0,0.045785,68429,3133,1,42609,cluster1,
377,8256,e2c16e42adbb3d6ab9da7e2b46e99f28,1393,?,0,0,?,9,1,111,1,0,0,0.942756,19548,18429,1,154897,cluster1,
378,3115,54a31727806c31d9bb50bd90dbfb0bb3,1374,?,0,0,?,12,1,143,2,0,0,0.399797,38472,15381,1,197469,cluster1,
379,8425,e861fb34f0b336938355d81bd529f49e,1365,?,0,0.5,997.516667,14.5,1,52,1.5,0,0,0.803281,13288,10674,2,71103,cluster1,
380,945,18d6aadc9370340da65654ced2720e30,1353,?,0,1,0.466667,18,2,0,0,0,0,0.014855,2962,44,2,209,cluster1,
381,9233,ff588bf3921d30cb83d5fcae940cc3ef,1349,?,0,0,859.8,10,1,54,1,0,0,2.443287,1728,4222,2,73114,cluster1,
382,4561,7b17ec4e5de93a2984377c6d545573d5,1348,?,0,1,?,14,1,139,0,0,0,1.008134,69342,69906,1,188640,cluster1,
383,7991,db4f60b9a6503782aab5d3da9a406fd7,1341,?,0,2,23.35,15,2,11,0,0,0,1.100041,4918,5410,2,15797,cluster1,
384,7742,d37c168e591b3e4dadc6eee916ff09dc,1327,?,0,0,0.016667,10.5,2,81,1.5,0,0,0.37698,141103,53193,2,108642,cluster1,
385,5414,925ce6b9b0393a65834959820de8fe87,1318,?,0,0.5,5230.85,19.5,1,174,0,0,0,2.61008,377,984,2,230293,cluster1,
386,6704,b6f48a3f7be83fa0a7e8785f6d55a781,1286,?,0,1,1184.033333,17.5,1,439,0,1,0,0.326923,832,272,2,565839,cluster1,
387,3858,6876f875ee5c3c6bb1fbea647be973b6,1282,?,0,2,162.05,21,2,46,0,0,0,0.56943,22303,12700,2,59592,cluster1,
388,1138,1e3cb979ff6d3246b6bd43724fb155ec,1277,?,0,2,10.6,13,2,240,0,0,0,0.813282,1039,845,4,307436,cluster1,
389,1247,212bedf6dab93032a2b46c26c71f53e5,1277,?,0,0,?,20,1,13,3,0,0,1.004619,12125,12181,1,17582,cluster1,
390,5906,a161b361a3733e89965576d80daad973,1276,?,0,1,?,11,1,30,3,0,0,0.011902,24198,288,1,38327,cluster1,
391,2101,37e0df45b746342c9c7d80a49e565354,1273,?,0,0,39.8,1.5,2,66,0,0,0,0.745808,62028,46261,2,85105,cluster1,
392,7606,cfc70a722bec3e03a3d2162333a8d1b3,1268,?,0,0,16.466667,1.6,5,1,0,1,0,5.076923,13,66,5,1378,cluster1,
393,762,148b1f237bb93970b8e968271f6ee940,1265,?,0,0,?,5,1,95,1,0,0,0.130885,19689,2577,1,120788,cluster1,
394,5145,8aa076fecf983fafa242282037e7960e,1260,?,0,1,2123.824074,20.3,2,33,0,1,0,2.541131,778,1977,10,42236,cluster1,
395,4540,7a8520d56da73e55bbb818fce69d6aa1,1257,?,0,0.333333,8.325,15.333333,3,56,0.666667,0,0,0.027132,1806,49,3,71093,cluster1,
396,666,123ef072253134e9a1b1253d2fea4d19,1249,?,0,2,11225.51667,13,1,110,1,0,0,0.054687,19895,1088,2,138420,cluster1,
397,5694,9b04274b37aa3eb689045f0e3c4417c8,1249,?,0,1,?,20,1,220,1,1,0,0.095557,3579,342,1,275755,cluster1,
398,7497,ccd83f51d87f370aa11c979035b78248,1245,?,0,0,?,0,1,84,0,0,0,0.282186,11255,3176,1,105723,cluster1,
399,4578,7b93432083fc39838f81cd665908b942,1234,?,0,1,311.136923,16.075758,13.2,19,0,1,0,3.444178,833,2869,66,24538,cluster1,
400,6116,a72a2b1c84e9351db9b3dc47c70b788f,1233,?,0,0,282.982143,10.533333,5,29,1.066667,1,0,0.925737,5494,5086,15,35894,cluster1,
401,4442,77d9dc17a82a36b79b9f4ac5e0bc8be6,1230,?,0,0,?,9,1,63,1,0,0,0.078996,15102,1193,1,77859,cluster1,
402,1199,1fd2913e6e7a3205961d401c073c990e,1225,?,0,2,1531.233333,19.333333,2,14,0,1,0,1.560976,82,128,12,17757,cluster1,
403,481,0d342cc4f4063c8f8d2b2a5720580f7c,1215,?,0,1,2604.930952,12.375,1.333333,3,0,1,0,0.266129,248,66,8,3752,cluster1,
404,2599,465c0ac8a2033778bf7dcde726c87ac3,1215,?,0,0,517.865854,11.690476,3.818182,2,0,1,0,1.12963,54,61,42,2760,cluster1,
405,4605,7c49a90c242537bca2ed15492960e0e3,1210,?,0,1,2497.533333,10,1,81,0,0,0,2.846636,1754,4993,9,99180,cluster1,
406,8439,e8ba56b450703695900a12fd1a9ab548,1181,?,0,0,?,0,1,7,0,0,0,0.871734,41110,35837,1,9443,cluster1,
407,3772,661211ee060f393bb04571061787b743,1180,?,0,1,?,15,1,9,2,0,0,0.014433,30069,434,1,11670,cluster1,
408,1245,21256bf20c2339f4a6e25511c27a1e0b,1173,?,0,2,?,15,1,354,1,1,0,0.857937,2879,2470,1,415448,cluster1,
409,4337,751d3342701f3887a959e07a826e1e74,1172,?,0,1,2622.586667,17.666667,2,226,0,1,0,0.016432,426,7,6,265504,cluster1,
410,4713,7f498bec2d98373292b7c3bbe559a473,1170,?,0,1,?,8,1,43,0,0,0,0.003733,124554,465,1,50675,cluster1,
411,6465,b12189f6c1b839178154a13d9584723a,1153,?,0,2,400.15,13,2,5,0,0,0,0.551894,28799,15894,2,6421,cluster1,
412,2520,441e22c736183d088163808d785fe653,1125,?,0,0,2572.35,0,1.5,68,0,1,0,0.63591,802,510,9,76609,cluster1,
413,6611,b4cc034697f9325c99d659a9ebc98586,1123,?,0,1,?,18,1,262,0,0,0,0.063419,1088,69,1,294252,cluster1,
414,9122,fbbd6985a1363bf4ad70d92159d98bca,1115,?,0,0,122,0,2,238,0,0,0,0.071705,516,37,2,266151,cluster1,
415,5068,8842e5091b823851aa2af7c5cfd70b5f,1112,?,0,0,?,10,1,298,1,1,0,1.559656,1978,3085,1,331719,cluster1,
416,4687,7e7ef15a3d0f333882a5ba3229ebdbf7,1111,?,0,0.5,12902.28333,16.5,1,45,1,0,0,1.570227,3090,4852,2,50801,cluster1,
417,371,0a1904e88c5f3af5af92f71895b0da6d,1105,?,0,0,78.666667,0,2,197,0,1,0,0.376248,3006,1131,2,218664,cluster1,
418,3048,52f16f05c1733b73ac321027c25832d4,1099,?,0,1,?,17,1,43,1,0,0,0.91918,8290,7620,1,47745,cluster1,
419,8567,ec4956d31a153b97bf906446721489d1,1088,?,0,0,530.951852,7,2.5,107,0,0,0,4.041958,572,2312,10,117414,cluster1,
420,4032,6d22be689e473c6d852bea2b9f6842ed,1087,?,0,0,?,3,1,17,1,0,0,0.192519,11095,2136,1,19331,cluster1,
421,3996,6c4387f21fd03dddad2eff1fbd47bbd0,1084,?,0,1,?,17,1,276,0,0,0,0.981448,4959,4867,1,300102,cluster1,
422,5483,94a6550eae773abc872e03d678ebb150,1074,?,0,2,6260,14,1,18,1,0,0,0.056082,17296,970,4,20239,cluster1,
423,4867,82de6afe0a8a31458173dd9be01b82e7,1065,?,0,0,?,20,1,27,1,1,0,0.0004,72454,29,1,29242,cluster1,
424,1491,27ac1f96fd9e339abfdfeda6455a677f,1055,?,0,0,?,9,1,15,0,0,0,0.155975,9431,1471,1,16492,cluster1,
425,1389,24b6c82aa27a32b4b19d2a3018271267,1054,?,0,0.5,2845.2,16.5,1,100,1,0,0,2.782972,1797,5001,2,106106,cluster1,
426,8752,f18e5996d11c3c5ba5ab745b6a07e511,1053,?,0,0,?,10,1,249,1,0,0,2.188184,2285,5000,1,262290,cluster1,
427,4834,8224c04795cb3fb9918a2c6957487964,1052,?,0,0,?,7,1,614,1,1,0,0.049764,1909,95,1,646862,cluster1,
428,4050,6db2df530e9a33d8ae33dd63d836850d,1038,?,0,2,?,10,1,91,0,0,0,0.972514,85025,82688,1,94991,cluster1,
429,6416,afc87367aa4f33b1b3a2992eac0092e0,1033,?,0,1,?,6,1,590,0,1,0,1.072568,14111,15135,1,610277,cluster1,
430,1847,315074c4bcdf3d47a935436834f081ad,1027,?,0,1,0.283333,22,2,115,1,1,0,3.854489,1292,4980,2,118946,cluster1,
431,3315,5a828af07495357db17efe25932eb7e8,1021,?,0,1,?,18,1,7,2,0,0,0.384593,31545,12132,1,7693,cluster1,
432,7596,cf83352e1bbc303fb5c0805f3ae7221c,1019,?,0,2,5648.833333,19,1,399,1,0,0,0.490462,12005,5888,3,407041,cluster1,
433,2087,3772a560464a3839a0f947ddbf836edb,1017,?,0,0.5,5040,16.5,1,112,1,1,0,1.830848,1945,3561,2,114526,cluster1,
434,7685,d1d6dc5d29bf3becb5889f12817a784d,1016,?,0,2,1570.308974,11.214286,1.4,28,0,0,0,0.646849,46238,29909,14,28837,cluster1,
435,6440,b0728cbdfd4734e4bcc8553039a73554,1013,?,0,0,?,0,1,336,0,0,0,0.611021,617,377,1,340957,cluster1,
436,198,04eae3e6e69c3c54bbe8d1824c7223da,1008,?,0,1,?,15,1,926,0,1,0,0.63749,1291,823,1,933557,cluster1,
437,4711,7f333202fa693d1ea305b65b4fb3dc75,1008,?,0,1,?,14,1,459,0,1,0,0.83007,10675,8861,1,462998,cluster1,
438,6501,b2190980450b304aa66c6face67b259d,1007,?,0,1,3326.216667,21.333333,1,944,0,1,0,0.663918,1455,966,3,950712,cluster1,
439,6121,a7440a4f21333c5583dfc220a78cfe04,999,?,0,0,42.483333,9,2,6,0.5,0,0,0.157816,4011,633,2,6065,cluster1,
440,6716,b75403ed96d43e36afd4482c60fbcba1,975,?,0,0,?,8,1,27,0,0,0,0.280593,128157,35960,1,26556,cluster1,
441,5364,90ec8424388638cc8b50116966645e17,973,?,0,2,338.366667,17,2,26,1,1,0,0.929882,24259,22558,2,25971,cluster1,
442,5047,879f2bb278e1347ca6412604e37934a3,965,?,0,0,?,11,1,273,2,1,0,0.040599,7414,301,1,263948,cluster1,
443,2276,3c9cddffe8993e6eb2785533232a326c,931,?,0,0,2634.403333,0,2,58,0,0,0,0.416466,6656,2772,6,54843,cluster1,
444,8799,f2c29a2b46733c369fb58a4a9bfa78c7,923,?,0,1,2790.777778,11.857143,1,25,0,1,0,1.859073,518,963,7,23663,cluster1,
445,3339,5b2fcfbb92cb3b24aa6d64f68653553f,919,?,0,0,64.55,22,2,58,1,0,0,0.000772,24610,19,2,53595,cluster1,
446,7527,cd9e56dcc6393488b9bf3134db7f65a6,915,?,0,1,11285.56667,12.5,1,285,0,0,0,0.528796,191,101,2,261316,cluster1,
447,8866,f47ed971d2983ea8bcf13ae3ade673f4,915,?,0,1,?,17,1,2,2,0,0,0.010813,24046,260,1,2684,cluster1,
448,7405,ca178af768d2344cb8ae0673c13c2f8a,914,?,0,1,1601.331944,11.923077,1.625,139,0,0,0,0.006623,302,2,13,127466,cluster1,
449,6328,ad23b7bd870238dc8fe0d8117710915d,894,?,0,1,500.29,17.04878,3.727273,19,0,0,0,6.91958,286,1979,41,17312,cluster1,
450,2729,4a24544dbda13f93871f03d58945cc8f,889,?,0,0,3827.5,0,1,356,0,0,0,0.017354,461,8,5,316582,cluster1,
451,2172,39ab44b7c7eb3da79052a7bcf476c8c3,870,?,0,1,781.188889,17.5,2,12,1,1,0,1.04653,3890,4071,4,10950,cluster1,
452,6454,b0ea396fcd7f35a791ca7f49f43dd8ea,869,?,0,0,0.3,10.5,2,49,1.5,0,0,0.166692,6491,1082,2,42603,cluster1,
453,7955,da5bab55139c3fa98a7eac93b7525ffc,867,?,0,1,?,18,1,469,0,0,0,1.764045,890,1570,1,407029,cluster1,
454,38,011692e2dfed339b9559cac449c0eb4f,866,?,0,1,?,8,1,103,1,0,0,0.000034,29489,1,1,90008,cluster1,
455,9124,fbcef44b69d03dec90ae13290c295e53,861,?,0,0,3.083333,3.5,2,43,1,1,0,0.77283,3526,2725,2,37058,cluster1,
456,1613,2ae21498d49934fcadc1fbe91744a884,854,?,0,1,3284.1,19,1,0,1,0,0,0.002381,7561,18,2,111,cluster1,
457,3325,5ad871a332a932138cb36223d763d3d3,853,?,0,0,?,13,1,575,0,1,0,0.375202,1855,696,1,490780,cluster1,
458,4340,754a97c5ab573f998bc0fe57f94938c1,852,?,0,0,415.872222,1,5.2,542,0,1,0,0.176901,684,121,52,462468,cluster1,
459,5334,901c5ee83a433bd4949deb81ce01e892,852,?,0,2,?,12,1,2,0,0,0,0.002921,224594,656,1,1972,cluster1,
460,5690,9af1052c34d73ecba315855d4eb06dc2,851,?,0,0,2638.461111,10,2,119,1,0,0,1.233991,2889,3565,4,102073,cluster1,
461,2952,50294eb3d01430b6b40308aa970735ef,838,?,0,2,?,20,1,269,1,1,0,0.163622,6185,1012,1,225939,cluster1,
462,4308,7454956569e23f0b96c89f27b50344af,833,?,0,2,1844.783333,20,1,597,0,1,0,0.549133,346,190,2,497318,cluster1,
463,9025,f8ee09f4848b36d3aac3a71c2f8bb44b,812,?,0,0,825.998485,1,7.416667,636,0,1,0,0.099156,474,47,89,516606,cluster1,
464,7523,cd7f098a15523f8289d946e48ef8047c,811,?,0,2,701.304327,18.628571,8.076923,645,0,1,0,0.073937,541,40,105,523701,cluster1,
465,5723,9bc0539dcc14352480d3eee03ba573f4,809,?,0,1,547.84375,14,2.25,3,0,1,0,1.955373,1098,2147,9,3159,cluster1,
466,6070,a5c7553c38233c839ec9fbbcfce855a5,806,?,0,2,?,13,1,129,1,0,0,0.949266,11235,10665,1,104327,cluster1,
467,57,0196f3b9f42433a9b200fc64f7b3b32c,802,?,0,2,?,13,1,63,0,0,0,0.017739,31118,552,1,51286,cluster1,
468,5905,a15b7f3e1a8b3964ae39613b02974f70,794,?,0,1,1459.316667,20,2,18,1,0,0,1.973795,2137,4218,4,15036,cluster1,
469,5003,86784f3d6fca37e68b0d4343c3b6764e,776,?,0,0,?,12,1,88,0,0,0,0.004082,97018,396,1,68903,cluster1,
470,2339,3eb0e32b6177331ab37d1c831f57a127,774,?,0,1,?,17,1,592,0,1,0,0.54522,774,422,1,458580,cluster1,
471,250,06913528e9c734f0b02d875e239c7cb5,747,?,0,0,227.472222,10.692308,4.333333,75,0.461538,1,0,0.038663,6880,266,13,56130,cluster1,
472,5963,a3360a99bdda383c9afc44456ceca5b5,747,?,0,1,2015.916667,15,3,315,0,0,0,0.026059,307,8,6,235338,cluster1,
473,8291,e3fa24cf8b2e36e2a9079793ce1fb8fc,745,?,0,0,0.066667,10.5,2,60,1.5,0,0,0.881496,4945,4359,2,45378,cluster1,
474,2994,5163be33e93431fca7b7e47bbb61f182,727,?,0,0,5519.866667,1,1,734,0,1,0,0.026706,1348,36,2,534306,cluster1,
475,5384,9177ad51f91e31de84e6a5ef68d4fe76,727,?,0,0,3268.85,2,1,742,0,1,0,0.057658,555,32,3,539463,cluster1,
476,5754,9ce6c6a224e73bd5afc099c19aed85c4,727,?,0,0.666667,2824.116667,7.666667,1,730,0,1,0,0.029575,1082,32,3,530841,cluster1,
477,6902,bccf837d414e3218bc71740324abc570,727,?,0,2,?,12,1,4,0,0,0,0.132786,11206,1488,1,3375,cluster1,
478,8320,e4ff0f44a5eb33a090c78725b8763c5f,727,?,0,0,4458.116667,3,1,738,0,1,0,0.040286,1117,45,2,537050,cluster1,
479,565,0f97c4a69e373e1ba9faa32308c4f9f6,722,?,0,1,4403.341667,16,1,736,0,1,0,0.155172,348,54,3,532105,cluster1,
480,648,11d9585e7671392bba867bf408ace907,722,?,0,1,2827.183333,16,1,732,0,1,0,0.04958,1190,59,2,528933,cluster1,
481,4022,6ce5b2a263993fd6810d20698e245005,722,?,0,1,1684.022222,16,1.333333,738,0,1,0,0.187861,346,65,4,533041,cluster1,
482,4490,7954c3611c9d381e8094be9771530c83,722,?,0,0,2580.216667,0,1,737,0,1,0,0.145205,365,53,2,532717,cluster1,
483,4573,7b7059026e6233fe8d12d8cd81930cee,722,?,0,0,2528.988889,15,1,738,0,1,0,0.217949,312,68,4,532943,cluster1,
484,4875,83064b4f5dde30bc8461a3aad6eabfc7,722,?,0,0,3014.283333,0,1,738,0,1,0,0.160714,392,63,2,532960,cluster1,
485,6353,ade426f60d3a3f98b839c7d4a7e9e683,722,?,0,2,2671.333333,16,1,736,0,1,0,0.076164,709,54,3,531405,cluster1,
486,6397,af2060ece87731498422d89f3ca7a519,722,?,0,2,2276.4,16,1.333333,735,0,1,0,0.172078,308,53,4,531087,cluster1,
487,2766,4af879a846233a5abe905e5d7043a324,688,?,0,1,?,9,1,151,1,0,0,0.000348,92044,32,1,103916,cluster1,
488,4961,856662bbd91a31ed8a228f397f3a3a0b,683,?,0,0,?,3,1,203,1,0,0,0.611225,16534,10106,1,139233,cluster1,
489,2323,3e752f64dd62318bb7e95c3c84397dff,673,?,0,1,?,13,1,118,0,0,0,0.862331,10932,9427,1,79888,cluster1,
490,4270,735c82ab63973c95bf4d43428b805696,670,?,0,1,?,5,1,886,0,0,0,0.274802,1008,277,1,594223,cluster1,
491,7736,d344f4b30c793323a9b4baccc16056c1,660,?,0,0,?,14,1,12,1,0,0,0.002807,72682,204,1,8280,cluster1,
492,2900,4ef7d8b0a711345f805bec565af12dc8,654,?,0,0,?,24,1,1,0,0,0,0.015765,11735,185,1,1247,cluster1,
493,593,104d58d3f137316ead77b58703c978ec,653,?,0,0,909.066667,9,1.333333,80,0.25,0,0,0.125898,22423,2823,4,52384,cluster1,
494,6513,b2771cd1cebc3ff09264c0b35faeb134,653,?,0,1,?,16,1,4,0,1,0,0.891419,16117,14367,1,2739,cluster1,
495,5107,8982b405910a38318931ab54b5b1eba4,650,?,0,0,489.05625,8.666667,2.25,122,0.222222,1,0,0.424242,11352,4816,9,79316,cluster1,
496,1800,2fdc3d611a5933ecb453236eaa8d59ed,645,?,0,1,?,16,1,3,0,1,0,0.031668,12031,381,1,2307,cluster1,
497,6867,bbc23176a84b39069e539d2db66672fe,643,?,0,1,1610.958333,18.285714,1.4,4,1,0,0,2.891667,120,347,7,2942,cluster1,
498,4621,7cc9aa1e8134390491ef1da266aba937,638,?,0,1.666667,3139.2,16.166667,1.2,48,0,1,0,0.493573,1167,576,6,30713,cluster1,
499,3824,6758217e0b85321c96c46307baae7a30,623,?,0,1,7531.466667,5,1,301,0,1,0,1.010909,1100,1112,3,187921,cluster1,
500,6529,b2d09e67119c39c8a253725f86f2c539,621,?,0,1,1921.105263,1,3.545455,2566,0,1,0,0.2,1665,333,39,1593928,cluster1,
501,7600,cfa0d87abd033d5a98f0f784b0961fd0,621,?,0,2,253.81,14.666667,3,57,0.333333,1,0,0.189423,11440,2167,6,36007,cluster1,
502,7922,d92fc92768e73934a7b1883a901ab4e6,621,?,0,0.5,0.894444,17.5,4,11,1,1,0,0.538767,503,271,4,7119,cluster1,
503,8214,e19791c09f45388298278f3133488e7a,614,?,0,1,?,18,1,410,0,0,0,0.150543,6171,929,1,251915,cluster1,
504,6845,bb12e5ad78cd33ed80f9f305850daef7,596,?,0,0,695.964912,5.4,4,88,0.7,1,0,0.031572,26986,852,20,53005,cluster1,
505,5215,8d171c363ed9358babe4b47a2077ce8f,587,?,0,0,459.930556,7.428571,2.333333,181,0.142857,1,0,0.133034,25625,3409,7,106508,cluster1,
506,8908,f5ac9932820931f1ad6fa9f84adf85b3,585,?,0,0.5,2890.616667,16.5,1,25,1,0,0,0.842546,2388,2012,2,15045,cluster1,
507,2019,35aa561fba6b375e961d156d63ba1af6,569,?,0,1,1732.666667,17,1,29,0,0,0,0.94269,3420,3224,2,16944,cluster1,
508,5802,9e28c1c1117b39df98627078a1606ea7,564,?,0,1,0.066667,22,2,20,1,1,0,1.020239,3014,3075,2,11735,cluster1,
509,9013,f8ba76e4db773f2c839089a854ec222d,560,?,0,1,2042.169444,21.285714,3.5,82,0,1,0,1.078947,456,492,7,46256,cluster1,
510,8696,efe75ea5fac73a3bb46cf18e5eaac2f1,558,?,0,0,?,29,1,11,0,0,0,0.991479,32977,32696,1,6418,cluster1,
511,435,0c0da928ebdb3c619a4a6adba395f122,552,?,0,1,?,19,1,0,1,0,0,0.001914,10973,21,1,548,cluster1,
512,231,05e36819ff663473bf5676bba331002e,550,?,0,0,?,0,1,112,0,0,0,0.196897,12504,2462,1,62033,cluster1,
513,7594,cf5a60738c1137b886052a271dfd2d5f,538,?,0,0,?,23,1,4,0,0,0,0.030007,10964,329,1,2352,cluster1,
514,4478,78fc5880209e320b8f64541539033b56,534,?,0,2,0.3,13,2,171,0,0,0,1.03902,4818,5006,2,91362,cluster1,
515,1133,1e06afd5aad5386cba538a1855c0335f,523,?,0,0,753.782609,15.291667,3,40,0,1,0,0.731707,82,60,24,21344,cluster1,
516,8333,e54b86081b5936839a698cb23dcecbb1,514,?,0,0,?,9,1,372,1,0,0,0.781452,5715,4466,1,191213,cluster1,
517,5721,9bac38aab4d23b91ae445ebd108e72ba,513,?,0,2,?,16,1,373,0,1,0,0.155102,245,38,1,191362,cluster1,
518,2731,4a2aa018effd30bd861deff68cd2bf3b,511,?,0,2,2840.083333,16.5,1,319,0,1,0,0.330579,121,40,2,163350,cluster1,
519,3570,613973c015fc387082372acf6b2a9dd4,511,?,0,2,4.491667,15.2,5,232,0,1,0,0.307692,130,40,5,118595,cluster1,
520,8955,f6b380359f373e4088dec28de797cdc8,511,?,0,2,1971.979845,16.181818,3.384615,335,0,1,0,0.190476,210,40,44,171201,cluster1,
521,7674,d18eb538202935be93ce3cfca56f618c,506,?,0,2,159.783333,17.333333,4.5,221,0,1,0,0.311475,122,38,9,112076,cluster1,
522,282,079f6ce69b3337a9addaeebe952037df,504,?,0,1,?,20,1,511,1,0,0,0,1891,0,1,257754,cluster1,
523,8678,ef7ec37e1c6e3c40bb4fd060bf5d6d80,502,?,0,2,4805.608333,11.666667,1,314,0,1,0,0.261438,153,40,3,157962,cluster1,
524,4724,7f94e613f66a386d84194a05a5a47231,499,?,0,2,?,16,1,401,0,1,0,0.186916,214,40,1,200235,cluster1,
525,3271,591a05260a12318ca9a783401b5db5da,495,?,0,2,0.066667,15.75,4,6,1,0,0,0.979899,199,195,4,3161,cluster1,
526,7639,d0a6b9605e933ebd896757f1b97ab175,473,?,0,1,2929.158333,13.571429,3.5,10,0,1,0,0.344828,58,20,7,5027,cluster1,
527,7378,c973e023534a35c9a9795ea6a76929c3,466,?,0,2,?,14,1,368,0,1,0,0.25974,154,40,1,171877,cluster1,
528,6292,abee0e70ddcc3fd9960f5e1e6f531c7f,464,?,0,1,15287.26667,14,1,8,1,1,0,1.419886,3520,4998,2,3829,cluster1,
529,7959,da78d6c033b2371b82f335b415585dc5,464,?,0,1,?,19,1,12,0,1,0,0,92055,0,1,5744,cluster1,
530,952,1906c4e719653b2d92620f00fec18fef,463,?,0,1,4747.816667,20.2,1.25,4,0,1,0,0.920238,2520,2319,5,2227,cluster1,
531,1232,20e429bcae6637dcadec733c8f94bcbb,458,?,0,1,?,18,1,404,0,1,0,0.118483,1266,150,1,185034,cluster1,
532,257,06ceb93b2d883687b4db730f2b4dfc68,453,?,0,2,?,12,1,374,0,1,0,0.180995,221,40,1,169711,cluster1,
533,660,12237ccf2b4c3d3f9215e33a003ad107,448,?,0,2,?,16,1,372,0,1,0,0.155378,251,39,1,166787,cluster1,
534,8027,dbf4b69d9a583d5bb99c45cfec6d0baa,444,?,0,1,?,26,1,382,0,0,0,0.988184,4316,4265,1,169752,cluster1,
535,9026,f8fe71599b5e338e92aa585eb6eaaf96,440,?,0,2,?,12,1,63,0,0,0,0.014582,10698,156,1,27722,cluster1,
536,2852,4d8408319152360c857866aa11bd1fcc,437,?,0,1.5,4.333333,17,2,340,0,0,0,0.581511,1006,585,2,148733,cluster1,
537,8437,e8b13af772fa3f1897e6896b8ab7496c,437,?,0,0,?,0,1,47,0,1,0,0.007184,25752,185,1,20952,cluster1,
538,6832,ba9b1594424d36beb89ebbee38b13aaf,436,?,0,2,316.189296,18.746781,17.923077,1882,0,0,0,0.070213,470,33,233,820957,cluster1,
539,1772,2f21f36a86913161813160308a6947b1,428,?,0,0,?,24,1,20,1,0,0,0.02791,21462,599,1,8962,cluster1,
540,5783,9d8b67917c7034de809fbfc1582f2f8c,426,?,0,0,2.108333,21,3,15,2,0,0,1.571475,3085,4848,3,6601,cluster1,
541,7828,d6694270c6543f13b32e4f950d052244,403,?,0,1,1000.283333,12,1.5,24,0,0,0,0.972029,36145,35134,3,9890,cluster1,
542,2739,4a5610dc584f346ba680ce1aaf2b103e,402,?,0,0.4,3560.4875,4.4,1.25,638,0,0,0,0.11621,4380,509,5,256665,cluster1,
543,5712,9b5e1155c3a232a1b79b9c52fa191943,399,?,0,0,?,21,1,33,2,1,0,0.004146,35699,148,1,13439,cluster1,
544,5424,929fd5b0a146386f812d279ae1153491,396,?,0,1,848.040909,14.666667,1.714286,767,0,0,0,1.009235,2707,2732,12,303770,cluster1,
545,1513,28313232843935d99365f9bf3e8c9965,395,?,0,0,9271.483333,0,1,795,0,1,0,0.004381,2739,12,3,314159,cluster1,
546,4496,798d408ffbf1315488c693413ea0f5fb,389,?,0,1,?,4,1,388,0,0,0,2.128655,513,1092,1,151284,cluster1,
547,29,00df4d4b10af36119876aa3a0c4fd7a2,383,?,0,0,232.555882,10.388889,4.5,18,0.722222,1,0,1.068182,2200,2350,18,7094,cluster1,
548,3222,57e48df59df637f1ad315b653bf02803,377,?,0,0.1,1057.20942,1.742857,5.384615,576,0,0,0,1.100989,4753,5233,70,217231,cluster1,
549,8186,e0bf9bc890593c6fab3290616fcb6f36,367,?,0,0,?,22,1,27,2,0,0,0.973178,28260,27502,1,9970,cluster1,
550,1298,225612af730535c2abc1562bf10989e9,364,?,0,0,1.125,23,3,19,2,0,0,0.313433,134,42,3,6958,cluster1,
551,3933,6ac8c6a0d6d3361195f6b7fe9ae09bef,348,?,0,2,3056.380556,17.428571,1.4,46,0.571429,1,0,2.02265,883,1786,7,16149,cluster1,
552,2084,3763a141e24b3ba29b3d092d37cd11fb,346,?,0,1,?,9,1,562,0,1,0,0.297109,2006,596,1,194470,cluster1,
553,4196,71a4b96ff5ac3207ab819d0f4f208b36,337,?,0,2,?,11,1,5,0,0,0,0.005903,46758,276,1,1701,cluster1,
554,7588,cf30cf5848093c08b533496832d34ab2,333,?,0,0,886.433333,10.5,2,26,0.25,1,0,1.208643,2823,3412,4,8892,cluster1,
555,6799,b9791cd0e4733d81824e3905b382ebad,327,?,0,0,?,7,1,730,1,1,0,0.367314,5660,2079,1,238927,cluster1,
556,7862,d793dd4adbb532eaa0f9a6ae12b77554,326,?,0,0.296296,2534.020513,2.777778,4.5,150,0,1,1,0,55,0,27,48969,cluster1,
557,7347,c8a53f324bd530c9913a5a5998a17d1e,324,?,0,1.5,2799.533333,13.5,1,225,0,1,0,1.083834,18978,20569,2,73176,cluster1,
558,3015,52119e9597103a76a0a290f2ee5a5c94,322,?,0,1,595.786667,14,3,0,0,1,0,0,2,0,6,178,cluster1,
559,7574,cee0fd760c2e3ffbb27976eaeb2d40e5,320,?,0,1,?,23,1,356,1,0,0,0.18602,4306,801,1,113996,cluster1,
560,4423,7754f92601b8362e97b9dd5ab35b043a,319,?,0,1,?,15,1,53,1,0,0,0.599466,22465,13467,1,17008,cluster1,
561,1049,1b67c4b1af2d3c4e998ceceeea8195ad,317,?,0,1,1697.566667,23,1,4,0,1,0,0.347855,4499,1565,2,1492,cluster1,
562,9032,f91d21d05f8836fdba940ca7a5cf8b9a,313,?,0,1,6386.016667,19,1,0,1,1,0,0.005114,4302,22,2,174,cluster1,
563,7495,ccb06c17fc883bf388e19bfb18724ec5,310,?,0,1,?,16,1,23,0,0,0,0.898787,15255,13711,1,7246,cluster1,
564,7928,d96bd1b021d43ca285691617947ca4df,297,?,0,1,1154.179167,10,1.666667,178,0,0,0,0.002956,1353,4,5,52912,cluster1,
565,7655,d119618cae3f3e72af007f86efa58ec4,293,?,0,1,23.313333,14,6,0,0,1,0,1,5,5,6,8,cluster1,
566,1606,2acf2dc2a5463c93837ea9f3ef3d448a,289,?,0,2,2081.724074,16.3,1.666667,1453,0,1,0,0.017065,586,10,10,420137,cluster1,
567,7510,cd1952786a3a3c61b82769d7d5fc9d57,288,?,0,1.875,1324.901111,18.1875,2.285714,1239,0,1,0,0.007463,536,4,16,357067,cluster1,
568,8681,ef89b2611e6b3ac29af89e90a54ee76c,288,?,0,1.9,3813.52193,18.35,2.222222,1238,0,1,0,0,411,0,20,356596,cluster1,
569,5151,8ad15c6a442c31119c68fe241391c08a,287,?,0,2,2180.29375,19.333333,1.5,1355,0,1,0,0,560,0,9,388938,cluster1,
570,5765,9d1e2cc8ea293203803a02223fe9045d,287,?,0,2,1519.548611,18.461538,1.625,1434,0,1,0,0,477,0,13,411669,cluster1,
571,6873,bbee5be3027b3fdf88b2504e285cbc11,282,?,0,1.913043,949.059848,18.173913,2.090909,1150,0,1,0,0,380,0,23,324517,cluster1,
572,4908,83e42bfe78e33b21a9ceb054838e7284,281,?,0,2,2593.004762,17.25,1.333333,1482,0,1,0,0,391,0,8,416591,cluster1,
573,4185,715fad65141832c894bda12850fe6175,279,?,0,1.761905,1028.691667,16.904762,2.333333,9,0.52381,1,0,0.784946,279,219,21,2653,cluster1,
574,3096,544585aa64ab394cb09f1db0b8b26aff,274,?,0,2,5158.860714,16.266667,2.142857,292,0,1,0,0.296296,135,40,15,80167,cluster1,
575,6443,b08465661e0a3f67a05ee8dc2a1a27ea,273,?,0,2,3671.473333,18.166667,1,305,0,1,0,0.357143,112,40,6,83518,cluster1,
576,1882,3240fe741f4a35b39d4d9ec237b622a4,271,?,0,2,879.3,17.714286,1.75,284,0,1,0,0.377358,106,40,7,77055,cluster1,
577,552,0f49807a7527352f92550f3cdb28bdde,263,?,0,0.666667,83.325,18.666667,3,88,1,1,0,4.182733,1193,4990,3,23327,cluster1,
578,1503,280011d9e7a238579d5c058048b692e0,263,?,0,0,?,21,1,1523,1,1,0,0,3326,0,1,400640,cluster1,
579,3089,542525a9b9793960840f8aeb133f17e6,261,?,0,0,?,0,1,1,0,0,0,0.203202,11993,2437,1,276,cluster1,
580,3545,607ef24aa0cc3fe6b011fbb5bc9c2f3d,260,?,0,0.5,1.883333,19,2,66,0,0,0,2.101861,2042,4292,2,17166,cluster1,
581,5611,987eca5aa8bb3802bec7aadf2a1acc0c,257,?,0,2,3452.92,17,1,148,0,1,0,0.701754,57,40,6,38224,cluster1,
582,722,13a9f5bd9bb03ed2a2cc02b4725dc784,255,?,0,2,101.691667,17.666667,3,224,0,1,0,0.625,64,40,3,57181,cluster1,
583,1260,218111de90a8337a9c4ed86283fd46bd,255,?,0,2,1561.038889,19.230769,2.166667,1391,0,1,0,0,387,0,13,354761,cluster1,
584,8416,e8265b26167a3ca99df83fe5b9185f87,255,?,0,2,1651.975,17.692308,1.857143,6,0,0,0,2.505703,263,659,13,1774,cluster1,
585,2314,3e00879b5a7e35869c1c96d3a3b05eb4,253,?,0,0,?,2,1,63,0,0,0,0.381887,16209,6190,1,16047,cluster1,
586,4772,80b41ed6d9173289a5f27e7556200ffc,249,?,0,1.875,4253.624444,17.4375,3.2,241,0,1,0,0.533333,75,40,16,60202,cluster1,
587,5185,8bee6213d9d33da9a4c9c9bf3874ebce,249,?,0,2,1215.644444,18.5625,2,1471,0,1,0,0,308,0,16,366457,cluster1,
588,8654,eedba0ae895035559f0d998abfcefe92,249,?,0,2,2625.283333,17.25,4,144,0,1,0,0.740741,54,40,8,36075,cluster1,
589,7129,c2da382f1d4636b2b5a584cff1e90e6d,248,?,0,2,6486.633333,17.5,1.714286,1243,0,1,0,0,302,0,12,308341,cluster1,
590,3132,555c5ef13eb436e7b990eb5013852b2f,245,?,0,1,?,11,1,442,0,1,0,0,975,0,1,108368,cluster1,
591,8956,f6b3db2c7b693e0990f508c7edd0e1bf,244,?,0,2,3289.353333,14.666667,2,205,0,1,0,0.714286,56,40,6,50228,cluster1,
592,440,0c10e115b4903b49a3da11f681a4e56a,243,?,0,1.894737,4027.059259,18.263158,2.375,1574,0,1,0,0,344,0,19,382528,cluster1,
593,1705,2d630d956c2c3c1483fb9924e0e9cafa,241,?,0,0,4131.7,23,1,14,1,1,0,0.074526,4589,342,2,3379,cluster1,
594,7638,d091332dfc2336abb7f1646dcced0ca0,241,?,0,2,11523.51667,11,1,25,0,0,0,0.055041,3997,220,2,6145,cluster1,
595,8838,f392514f7ac8395b9b1434e380bc68eb,240,?,0,1.684211,1121.830556,18.421053,1.9,1275,0,1,0,0,277,0,19,306215,cluster1,
596,5704,9b2ae6a45b3b344a9c3cdadad4c9a472,238,?,0,2,1519.540278,19,1.857143,1453,0,1,0,0,255,0,13,346016,cluster1,
597,5865,9fcdcd595eab39e8a2090ea7e1ad0c51,238,?,0,2,929.526852,18.631579,2.111111,1426,0,1,0,0,293,0,19,339427,cluster1,
598,7787,d52ebc44408c3b2dadb9b76b73464bca,235,?,0,1.882353,1264.560417,18.176471,1.888889,1147,0,1,0,0,285,0,17,269561,cluster1,
599,1464,2726868de7093dd7bbd54d32631c26cc,234,?,0,0.25,0.505556,20.25,4,14,1,1,0,0.52093,215,112,4,3319,cluster1,
600,2081,375de8a84b1f30c88d3ea293431a0933,234,?,0,2,1920.206667,18.363636,1.833333,1281,0,1,0,0,340,0,11,299848,cluster1,
601,2521,4424881e6bd83ff3bc4e5b9875235f23,233,?,0,2,?,17,1,1323,0,1,0,0,371,0,1,308308,cluster1,
602,5398,91cb0c85ecbb36d8a309a2f4cc4a7087,233,?,0,1,2636.855556,13.714286,1.166667,606,0,1,0,1.080808,495,535,7,141408,cluster1,
603,5788,9db70b9f3b773fc7abf86a3ec53fd68b,226,?,0,2,1073.523077,18.071429,2.8,170,0,1,0,0,76,0,14,38586,cluster1,
604,2799,4be4a6d0af1d301991e36d0742d319e2,221,?,0,2,?,16,1,857,0,0,0,0.125561,223,28,1,189420,cluster1,
605,2664,48279fe4866e3f728604810722a7a257,220,?,0,2,7222.905,17.545455,1.833333,1199,0,1,0,0,302,0,11,263797,cluster1,
606,1903,32ad8147796835eb8642ab511d247d77,217,?,0,0.636364,1994.403333,12.363636,1.375,66,0,1,0,2.517876,1846,4648,11,14388,cluster1,
607,8848,f3ee6a3e13b731b5ae4ab832e8232504,217,?,0,0,?,13,1,1841,0,1,0,0,370,0,1,399585,cluster1,
608,4667,7deafe7ff3f23693bdb009399e2805ad,212,?,0,2.5,1602.174242,16,3,149,0,0,0,1.941176,680,1320,12,31736,cluster1,
609,3172,56b2cb495a933de683c14ff719e0d910,204,?,0,1,3177.761111,18,1.166667,235,0,1,0,0,955,0,7,47959,cluster1,
610,2382,3ff5a6542d9f32cd9809f7f4c1512ece,197,?,0,1.333333,8700.708333,18.666667,1.5,786,1,0,0,0.033582,2412,81,3,154927,cluster1,
611,4639,7d49fdae272e3667a76b49beae088ef5,196,?,0,0,?,9,1,473,0,1,0,2.782576,1320,3673,1,92831,cluster1,
612,7317,c7e94b872a7a34419db6061ec98365d2,195,?,0,1,?,9,1,524,0,0,0,0.156015,532,83,1,102232,cluster1,
613,3317,5a8a8d592a303870b8efcbfb434f7139,187,?,0,2,1709.224242,16.75,1.714286,222,0,1,0,0.307692,130,40,12,41591,cluster1,
614,2280,3ce45845df51355dbc42ee9384966a9a,186,?,0,2,1018.149167,16.52381,1.909091,220,0,1,0,0.506329,79,40,21,40921,cluster1,
615,2939,4fdc850fbd3537f0ac5b589c0f6490e0,184,?,0,0.541667,930.849275,11.208333,4,945,0,1,0,0,293,0,24,174039,cluster1,
616,3839,67deaac821d83291b96eece8eb05fcba,184,?,0,1,?,17,1,1178,0,1,0,0,306,0,1,216870,cluster1,
617,5894,a0ae5b9c608934128300b56683efc5ce,184,?,0,2,1410.12,16.4375,2.285714,203,0,1,0,0.39604,101,40,16,37451,cluster1,
618,213,05725c69da0d367cbbe324d0a506dc6c,183,?,0,2,2703.977778,17.571429,3.5,200,0,1,0,0.3125,128,40,28,36687,cluster1,
619,4151,70aff3c62e8f341e9ab7fecb75ba7068,183,?,0,2,9068.94375,12.777778,1.5,192,0,1,0,0.39,100,39,9,35232,cluster1,
620,4634,7d21ff28ed923e888543f8820f359aed,183,?,0,1.866667,1273.859524,11.533333,3,213,0,1,0,0.321429,112,36,15,39061,cluster1,
621,4033,6d269b36fec8337ba6a592ff6adc7349,181,?,0,2,2735.578571,16.875,1.333333,205,0,1,0,0.541667,72,39,8,37271,cluster1,
622,7927,d952eda660c936ec8376d365243bf95a,181,?,0,2,2812.655556,13.428571,1.166667,205,0,1,0,0.465116,86,40,7,37200,cluster1,
623,8363,e674848d958d36ccb26faa2e73db2835,179,?,0,2,17.8,15.333333,3,205,0,1,0,0.930233,43,40,3,36832,cluster1,
624,8973,f75bdb174fbe3515a55b1eb8562bd137,179,?,0,2,2491.729167,15.555556,1.5,209,0,1,0,1.212121,33,40,9,37455,cluster1,
625,3895,69c6c6609ba7322e8097c977244b70c4,178,?,0,2,1887.686364,17.083333,2.4,215,0,1,0,0.291971,137,40,12,38347,cluster1,
626,4968,8581eb8d202333eebc8de0b5105f4953,178,?,0,0.4,4067.895833,9.8,1.25,757,0,1,0,0,192,0,5,134861,cluster1,
627,6582,b3f643313bf93b72a242c2c8b033f353,178,?,0,2,2080.13,18.363636,1.571429,1408,0,1,0,0,310,0,11,250688,cluster1,
628,2251,3bdc375e98e73fabae04f432ef49bd90,177,?,0,2,1237.334375,19.294118,2.833333,1147,0,1,0,0,173,0,17,203124,cluster1,
629,5666,9a21000285b13cf4b9096f0f71ef0a29,176,?,0,1.8,3856.204167,14.8,1.25,39,0,1,0,0.947578,3014,2856,5,6912,cluster1,
630,5409,92287afd9fc43c78918541e80b24ea79,175,?,0,0,?,0,1,545,0,1,0,0,94,0,1,95540,cluster1,
631,1265,21ab5d644cf6373b99978a5e0805fcfc,171,?,0,1.818182,3450.445238,17.818182,2.2,1173,0,1,0,0,225,0,22,200594,cluster1,
632,4660,7db9663d8a15307891cf77aede77a8b5,171,?,0,0,?,3,1,1321,0,1,0,0,608,0,1,226010,cluster1,
633,3719,64df4b3eb15a3df4ad82ed0c75f1f1c8,161,?,0,0.525,1876.923932,13.05,3.333333,58,1.1,0,0,0.292906,874,256,40,9491,cluster1,
634,8410,e7e0654444343918b991a0456b9e2871,160,?,0,2,6403.29697,17.833333,1.5,821,0,1,0,0,200,0,12,131379,cluster1,
635,1015,1a8a9bfe49a4332cbdafeb0b9c3d6fff,154,?,0,0,?,2,1,553,1,0,0,0.809656,1802,1459,1,85225,cluster1,
636,577,0fd83841a75a325c96e9d0766c2e3caa,153,?,0,0,?,20,1,445,1,1,0,0.001831,2731,5,1,68175,cluster1,
637,1551,2931107e92383dcaaf72a52d866b7a0d,145,?,0,2,3849.270175,19.3,2.857143,1483,0,1,0,0,210,0,20,215054,cluster1,
638,3698,6442c27b19c034feaf9d16c1cea7ee5b,144,?,0,2,1735.05,18.5,1,1134,0,1,0,0,172,0,2,163324,cluster1,
639,2119,384663e0cff435518c9aa21dfe09bc45,135,?,0,1.913043,949.123485,18.173913,2.3,1198,0,1,0,0,206,0,23,161847,cluster1,
640,5230,8d679d2cd0db39fab75b231dfe189dde,133,?,0,2,989.916667,19.047619,2.333333,1322,0,1,0,0,221,0,21,175907,cluster1,
641,538,0ede32d12ad23ddc90a7b9f699080019,132,?,0,2,3748.843333,15.5,2,156,0,1,0,1.176471,34,40,6,20630,cluster1,
642,5058,8814f2e23b783323a819028c3acb7173,132,?,0,0.995146,118.893922,16.239482,56.181818,23,0,1,0,0,5,0,618,3061,cluster1,
643,8058,dccf3aaf4a2c3fdaa787b4bcb3f39da3,130,?,0,0,?,20,1,617,1,1,0,0,4698,0,1,80270,cluster1,
644,6450,b0c9fd01e45733718bc1691fec0aecce,129,?,0,2,2.883333,16,3,290,1,1,0,0.443855,1131,502,3,37515,cluster1,
645,9201,fe257e269cce3bd38f6bd1220a01b64b,129,?,0,1,8013.641667,20.333333,1,1398,0,1,0,0,265,0,3,180382,cluster1,
646,424,0bbbd889c8dc3295b324a08ceae456ae,124,?,0,1.2,3947.1125,18.6,1.666667,838,0,0,0,0,1224,0,5,103978,cluster1,
647,5155,8af1fa146ac0319988d8115bba9f45c4,115,?,0,0,215.15,9.5,2,2608,1,1,0,0.000163,6123,1,2,299981,cluster1,
648,8202,e142ed216ecd3fef938f250e6d7f2780,114,?,0,1.5,525.383333,9.5,1,631,0,1,0,0.030075,266,8,2,71969,cluster1,
649,6425,b00b040e7c5f358b802b5b0fab8a5f77,113,?,0,2,2743.069048,19.875,1.142857,1298,0,1,0,0,176,0,8,146760,cluster1,
650,2526,4452150b01693ed39814c8e4ac2bf379,110,?,0,0,?,0,1,1115,0,0,0,0,339,0,1,122702,cluster1,
651,7145,c32d7deaa51131dd8750b55d723e2d25,101,?,0,1,309.406061,15.75,4,108,0,1,0,2,34,68,12,10970,cluster1,
652,2864,4dc999ac48df3d6a8b1dfcd6a3702d18,98,?,0,2,675.438095,16.75,2,1192,0,1,0,0,170,0,8,116866,cluster1,
653,6922,bd75c5614cab3283859b7b9467939f1e,96,?,0,0,?,10,1,485,1,0,0,3.193218,1563,4991,1,46646,cluster1,
654,8644,eeacdf738a72370996557066f3c2433f,96,?,0,1.92,851.866667,18.52,3.125,1224,0,1,0,0,176,0,25,117513,cluster1,
655,1569,29c1aeb59e893197b33523c99da63b67,95,?,0,0,?,17,1,1545,3,0,0,0.000871,5739,5,1,146805,cluster1,
656,6472,b146018d17b93f3799d4153558c42e12,95,?,0,0.5,4979.866667,16.5,1,172,1,0,0,0.160389,7513,1205,2,16400,cluster1,
657,1645,2bbfe1860c7b31a3ab78780f5bedffd0,93,?,0,1.913043,18.337879,17.086957,23,111,0,1,0,1.25,16,20,23,10348,cluster1,
658,3323,5acbaa215a003cc096297cb442f30bcb,93,?,0,2,93.604167,16.2,5,74,0,1,0,4.347826,23,100,5,6936,cluster1,
659,6482,b18afb2aa09e3ce6bf37de78499b659d,93,?,0,2,35.891667,16.8,5,116,0,1,0,1.904762,21,40,5,10872,cluster1,
660,7877,d7ddadcf1deb3ba9b9ceedda6612bfd9,93,?,0,1,1925.936111,12.571429,1.75,4,0.857143,1,0,1.666667,9,15,7,429,cluster1,
661,5735,9c2d5dd5571631e796d554803e2005b8,86,?,0,2,?,12,1,518,0,1,0,0,29,0,1,44558,cluster1,
662,2305,3d7a2e1fb3ed3a63b87fe50dd01c84cb,81,?,0,2,?,20,1,1037,0,1,0,0.280822,146,41,1,84060,cluster1,
663,5084,88a581c3bc9737a3b963e17250a32195,81,?,0,2,1725.881667,18.818182,2.2,1132,0,1,0,0,154,0,11,91704,cluster1,
664,2353,3f240bd4515f3ff4b0c836d4b5a9b52c,78,?,0,2,?,19,1,669,1,0,0,0.073593,462,34,1,52194,cluster1,
665,7985,db298fa92be930d4a6b7ace8d214ed0a,67,?,0,0,?,17,1,959,3,0,0,0,3046,0,1,64254,cluster1,
666,4402,76fc820f5c88302e9bf1f52a7c7da41c,64,?,0,0.25,1323.533333,9.75,1.333333,38,0,0,0,0.032577,6078,198,4,2485,cluster1,
667,6053,a56be32e4a4c386fbe7878d1ed87d93e,59,?,0,2,775.266667,20.5,2,569,0,1,0,0,59,0,4,33579,cluster1,
668,3532,60032c105937343fb3b5a9bf5d54b843,58,?,0,2,2759.608333,17.857143,2.333333,373,0,1,0,0,57,0,7,21655,cluster1,
669,5064,88278286e5d63886aad38c824879671e,58,?,0,2,2138.527778,16.6,1.428571,369,0,1,0,0,65,0,10,21431,cluster1,
670,8080,dde05d39c6353499bbc9d2087653f8fb,58,?,0,2,2675.983333,19.125,1.142857,388,0,1,0,0,76,0,8,22536,cluster1,
671,8096,de5a8677c2de3d49812af6e3d21d8512,58,?,0,2,3208.55,19.833333,1.5,388,0,1,0,0,69,0,6,22544,cluster1,
672,1843,313449fc7ec630d5977fde209057f6a4,57,?,0,2,1633.111111,16.692308,1.857143,774,0,1,0,0,70,0,13,44154,cluster1,
673,2986,5121cebaf0cb3a9c846344a0017edeb0,57,?,0,1.75,1240.372222,18.125,2.666667,340,0,1,0,0,65,0,16,19417,cluster1,
674,4443,77e0c36c62853572bb882c1fac2061af,57,?,0,2,788.055556,16.285714,1.75,258,0,1,0,0,44,0,7,14722,cluster1,
675,1460,26f8d3f9c24e3000be09bc0b81dcbea0,56,?,0,2,10362.31429,17.875,1.6,175,0,1,0,0,28,0,8,9812,cluster1,
676,4291,73d8a89104973c409d044732ad210ba7,56,?,0,2,1742.95,16.181818,2.75,303,0,1,0,0,52,0,11,17021,cluster1,
677,772,14c2c5e5bf2633c4b2fd732d4a34e47f,55,?,0,1.5,827.072222,17.5,2,434,0,1,0,0,60,0,4,23922,cluster1,
678,121,031566de02ff356bb2a9acff06fea5f7,54,?,0,1.9,947.149123,17.95,2,436,0,1,0,0,67,0,20,23580,cluster1,
679,8676,ef75bdadce5a32e4a346f942dc7863fe,54,?,0,2,1690.636667,16.363636,1.571429,446,0,1,0,0,70,0,11,24103,cluster1,
680,9084,faa55b97f874368bb3d98b4fcf4cd8a6,54,?,0,2,7952.388095,18.5,4,754,0,1,0,0,68,0,8,40720,cluster1,
681,3052,531acf30a1d4318ca459c03b1096a100,53,?,0,2,1753.624074,17.4,1.666667,482,0,1,0,0,63,0,10,25581,cluster1,
682,8596,ed113776e50c3839a9f4d38e110392ec,53,?,0,1.333333,496.153333,17.5,3,413,0,1,0,0,37,0,6,21932,cluster1,
683,2229,3b5f38a1e3b93d0bb54e507bcfb8d407,52,?,0,1,2655.961111,14,2.333333,0,0,1,0,0,2,0,7,26,cluster1,
684,4441,77c89b912e693782847d003b71783eac,52,?,0,2,1208.506667,19,1.777778,372,0,1,0,0,60,0,16,19348,cluster1,
685,5459,93d5731b0ed634d8baa88fffae9a5359,52,?,0,2,1690.69,17.363636,1.571429,396,0,1,0,0,56,0,11,20599,cluster1,
686,6772,b8bfd8f8457732a482addd3c968dc3b1,51,?,0,2,775.105072,19.166667,3,360,0,1,0,0,48,0,24,18388,cluster1,
687,7119,c2a90f6af61f363ebdf06df4c0e0bf38,51,?,0,2,1480.444872,16.642857,1.555556,363,0,1,0,0,49,0,14,18519,cluster1,
688,7764,d41a4769f19a3510be8d5c516632e245,51,?,0,1.9,897.327193,18.05,4,358,0,1,0,0,47,0,20,18298,cluster1,
689,8232,e22e751a5d1d30d3b8366f1f1593c6a9,50,?,0,2,1658.222222,18.8,1.666667,950,0,1,0,0,89,0,10,47527,cluster1,
690,8592,ecfd882324c43300a3ce1ca620a930ec,50,?,0,2,2791.663333,16.666667,1.5,345,0,1,0,0,53,0,6,17265,cluster1,
691,2874,4e029915415a3200b12d6d4561e213c3,49,?,0,2,158.483333,17.166667,6,212,0,1,0,0,21,0,6,10396,cluster1,
692,1975,34a57c33e5a136eba2822d1907d6b8d1,47,?,0,1.333333,641.791667,17,3,204,0,1,0,0,26,0,3,9629,cluster1,
693,2934,4fbb8c26ab9c333cb0d0967fbcf72194,46,?,0,2,759.833333,18.875,1.6,294,0,1,0,0,23,0,8,13524,cluster1,
694,2127,387561f1e4a43b06aa5b29cb452dd235,45,?,0,2,658,18.9,2.5,278,0,1,0,0,23,0,10,12551,cluster1,
695,3741,656a26ae508f38828d8f79a120e3a371,45,?,0,2,894.679167,16.6,2.5,291,0,1,0,0,39,0,5,13136,cluster1,
696,112,02c78547ab4a3c45925d52d253ac0335,44,?,0,2,573.55,17.333333,3,314,0,1,0,0,32,0,3,13842,cluster1,
697,5643,997d4456d80434d3b8366af444fbb31d,44,?,0,2,466.977778,18.8,3.333333,265,0,1,0,0,33,0,10,11665,cluster1,
698,6517,b2894d1631a63248b820ed8d110f898f,44,?,0,2,392.647619,18.6,3,280,0,1,0,0,27,0,15,12336,cluster1,
699,5480,94755c37df273e9c956be7d985974136,43,?,0,1.826087,720.083333,17.608696,2.875,387,0,1,1,0,24,0,23,16661,cluster1,
700,994,19f25b45c57d3d4f9d4e77e5a9841ce0,40,?,0,1.2,716.183333,17,1.666667,734,0,1,0,0,62,0,5,29368,cluster1,
701,3587,61acb9c5b20d3c26998c2ad1c31b2838,39,?,0,2,?,19,1,749,0,1,0,0,61,0,1,29230,cluster1,
702,3510,5f8bc784fe373fef8f0bffa5f4aeb0a9,37,?,0,2,601.894444,20.25,1.333333,765,0,1,0,0,65,0,4,28327,cluster1,
703,8114,dec8e12e83ca34e4bcda03a9f2e0ab2c,37,?,0,2,2676.207143,18.5,2,871,0,1,0,0,72,0,8,32245,cluster1,
704,1066,1c344189a4413d73a7b9b0aa9330fbdd,36,?,0,2,679.633333,18,2,711,0,1,0,0,52,0,2,25612,cluster1,
705,8983,f7afab3a73db3b2796910a1fe26817a0,35,?,0,2,1960.783333,15.5,1,757,0,1,0,0,63,0,2,26526,cluster1,
706,1184,1f7ea33394023fd6b9d2c9a0c67a8065,34,?,0,2,787.952778,16.285714,2.333333,704,0,1,0,0,60,0,7,23956,cluster1,
707,7283,c71110875e3c3a44a34fad8219637fd0,34,?,0,1,798.904167,20.666667,4.2,27,0,1,0,2.857143,7,20,21,930,cluster1,
708,6555,b387e2f13df33146987dcc6569510782,33,?,0,2,951.916667,18.666667,1.5,700,0,1,0,0,56,0,3,23102,cluster1,
709,6211,a9b87e0bf0fd31f1a8c93feebcedba3a,32,?,0,2,2062.758333,17.666667,1,682,0,1,0,0,72,0,3,21832,cluster1,
710,1604,2ab26e80f1373fc2889d029eb1fbe753,30,?,0,1.333333,402.991667,16.333333,1.5,690,0,1,0,0,64,0,3,20715,cluster1,
711,5320,8fc24255eb923ceca42c3823fa7bddfb,30,?,0,2,766.999167,18.619048,3,825,0,1,0,0,68,0,21,24764,cluster1,
712,5228,8d6629968d103bad8db6a7421a66b6e0,29,?,0,1.555556,358.277083,17.666667,3,647,0,1,0,0,62,0,9,18774,cluster1,
713,6018,a49d07542df9329dac4e9c98829217d3,29,?,0,2,421.866667,19,1,701,0,1,0,0,63,0,2,20341,cluster1,
714,2573,45a4ac5c0b773069bc10524662145e9e,28,?,0,2,2754.833333,20,1,717,0,1,0,0,54,0,2,20079,cluster1,
715,3481,5edee6eef46f3ee3928a0cde12010c3f,28,?,0,0,840.007143,0,1.6,46,0,1,0,0,18,0,8,1299,cluster1,
716,4090,6ee6ddfcfc073913b31192bac2bec5df,28,?,0,2,261.016667,19,4,670,0,1,0,0,55,0,4,18771,cluster1,
717,6169,a87bdeeeea273d5287ddde5b8ceef1d6,28,?,0,0,167.559505,1,11.727273,15,0,1,0,0.333333,6,2,129,424,cluster1,
718,9023,f8e1365cad063933ac6134f9faf41331,28,?,0,2,2531.983333,19.5,1,630,0,1,0,0,62,0,2,17662,cluster1,
719,795,15398ed3b08137ce841822504babfd5c,27,?,0,2,1178.196078,18.222222,2.571429,861,0,1,0,0,63,0,18,23266,cluster1,
720,4179,714a482bf20a3543af262169dc38a193,27,?,0,2,867.141667,18.333333,1.5,615,0,1,0,0,49,0,3,16630,cluster1,
721,5482,948df9e9b5633b228e7bb68977aeed77,27,?,0,2,465.5,19.833333,3,621,0,1,0,0,47,0,6,16767,cluster1,
722,6889,bc52c49974b23a3ba8c6f3c2f841c579,27,?,0,2,2405.675,17.111111,1.8,881,0,1,0,0,61,0,9,23793,cluster1,
723,998,1a07276f4f193ed8873e32a435b55bab,26,?,0,2,2079.693333,18,1.375,904,0,1,0,0,68,0,11,23524,cluster1,
724,6058,a581b789af8f33f78b2c73b4aab08950,26,?,0,2,1485.821429,19.066667,2.142857,967,0,1,0,0,74,0,15,25150,cluster1,
725,6361,ae2d7d0fe1373fb2a7e77af1ac658a00,26,?,0,2,1374.583333,18.5,1.333333,714,0,1,0,0,58,0,4,18570,cluster1,
726,7967,dab95d5c5d91330d97cc6c9758210cab,26,?,0,2,649.527778,18.428571,3.5,714,0,1,0,0,52,0,7,18580,cluster1,
727,328,08f4bf45e20c303aac0424906b55c183,25,?,0,1,?,19,1,763,0,1,0,0,47,0,1,19096,cluster1,
728,2059,36c0e4dce7903271805d8b2c9f363d95,25,?,0,2,835.788889,18.5,2,677,0,1,0,0,45,0,4,16946,cluster1,
729,5536,95d9e8a59d5c37fa98b3a64f8ff6096e,25,?,0,2,150.046667,18.166667,6,696,0,1,0,0,53,0,6,17405,cluster1,
730,7209,c5206f40f84c31f6a71502cd4857484d,25,?,0,0,?,18,1,685,1,1,0,1.645161,62,102,1,17147,cluster1,
731,23,00c94ea60bcf3fce8b45b34fcb25191e,24,?,0,2,198.516667,17,5,649,0,1,0,0,44,0,5,15583,cluster1,
732,414,0b72bbce9f35324d86a11065039792e0,24,?,0,2,699.766667,19,1.5,659,0,1,0,0,43,0,3,15838,cluster1,
733,890,17647a75d3a7373399b065e643fe29bb,24,?,0,2,507.69,16.833333,3,647,0,1,0,0,44,0,6,15547,cluster1,
734,4391,76b1264fb01330b78dcd3bc577d1a4b9,24,?,0,2,902.816667,19.666667,1,653,0,1,0,0,47,0,3,15673,cluster1,
735,6727,b7863d94319239a585accec59677c89a,23,?,0,2,?,16,1,661,0,1,0,0,45,0,1,15212,cluster1,
736,6811,b9f5306d9930330fb9820bbd2e525efc,23,?,0,2,2035.727778,17.7,1.666667,910,0,1,0,0,72,0,10,20940,cluster1,
737,7434,cae6ecaaaece301385c9983dc6e46320,23,?,0,2,2061.888333,17.090909,1.571429,898,0,1,0,0,55,0,11,20668,cluster1,
738,8387,e715851f0cfb336fbecc5194a2955d95,23,?,0,2,1755.009259,18,1.428571,913,0,1,0,0,76,0,10,21016,cluster1,
739,1650,2be4a2338fb73461aced5a8a094d9f7e,22,?,0,2,?,19,1,570,0,1,0,0,35,0,1,12549,cluster1,
740,1778,2f4b0e005a863986aff86ab849c7de46,22,?,0,1,64.25,17,2,649,0,1,0,0,46,0,2,14291,cluster1,
741,1884,325234c51c62345594c41f1977e05438,22,?,0,2,92.608333,20.333333,1.5,601,0,1,0,0,42,0,3,13237,cluster1,
742,3730,6521fb884428334ab578e04d36c11348,22,?,0,1.5,954.916667,17,1.333333,619,0,1,0,0,44,0,4,13629,cluster1,
743,5725,9bd77dfcb58031229d41afbfc88cd1bf,22,?,0,2,61.561111,19,2,735,0,1,0,0,52,0,4,16188,cluster1,
744,8600,ed2fc1bab95b32768e550f4f87bf1d9e,22,?,0,2,903.727778,18.5,2,626,0,1,0,0,50,0,4,13778,cluster1,
745,269,0720de1a1fb63c568d9da3a8c30dca97,21,?,0,2,581.25,20.4,2.5,590,0,1,0,0,52,0,5,12405,cluster1,
746,1067,1c344629f96c368da19931948c11b9a0,21,?,0,1.818182,999.574603,18.136364,2.444444,854,0,1,0,0,61,0,22,17940,cluster1,
747,4998,8649e9e93dcf31509b0b65dcab6cd46b,21,?,0,2,2531.9,19.5,1,558,0,1,0,0,38,0,2,11718,cluster1,
748,5857,9f982df35b74391bac32f403212c0274,21,?,0,1.714286,659.447222,17.142857,1.75,604,0,1,0,0,40,0,7,12699,cluster1,
749,1668,2c8af33a1b0d398bb59c0dd49f58b0a1,20,?,0,2,952.15,18.666667,1,570,0,1,0,0,35,0,3,11409,cluster1,
750,6694,b6a71fbd71b33c40ba4d36b577f9d81c,20,?,0,2,1152.432143,17.733333,2.5,626,0,1,0,0,51,0,15,12534,cluster1,
751,8303,e46a3a4c34723cf5853a3fde80df750a,20,?,0,1.916667,826.616667,18.375,3.428571,835,0,1,0,0,57,0,24,16714,cluster1,
752,1637,2ba10f7c68063223947e1002efca5c4b,19,?,0,2,228.691667,19.2,2.5,500,0,1,0,0,39,0,5,9508,cluster1,
753,2001,3542e5b4b1cd351ebe7044dc154015c6,19,?,0,0,?,10,1,438,1,0,0,0.765604,1506,1153,1,8328,cluster1,
754,4279,73956027d20137c38bf174a1dec02609,18,?,0,1,?,19,1,1695,0,1,0,0,202,0,1,30518,cluster1,
755,7248,c5fdb02d0c983044ba34d36d543d8dd9,18,?,0,0.5,4893.283333,16.5,1,2091,1,1,0,3.638202,1335,4857,2,37655,cluster1,
756,8243,e2645abafe6d36ad8f046ba340ec3448,16,?,0,2,150.146667,19.333333,6,365,0,1,0,0,32,0,6,5843,cluster1,
757,3390,5c8169db5a34372f9558b487c38e30e5,14,?,0,1,?,15,1,2105,0,1,0,0,91,0,1,29480,cluster1,
758,4326,74dc3343b9ca31d2b06b8f47f1b548d5,13,?,0,1,1125.366667,15.5,2,2044,0,1,0,0,59,0,2,26579,cluster1,
759,8581,eca29ddc55283f1aa138311190e478a2,12,?,0,1.5,5.476667,19,6,8,0.833333,0,0,5.416667,12,65,6,98,cluster1,
760,7091,c2069925daa73a498013f1b3ac3fbad5,11,?,0,1,?,17,1,1987,0,1,0,0,60,0,1,21861,cluster1,
761,3016,522c904eac81326f9c234cce05de9e8c,10,?,0,2,583.998718,17.5,2.333333,731,0,1,0,0,15,0,14,7312,cluster1,
762,7342,c87fa0865cc63115a73f208c746396ea,10,?,0,1,?,19,1,1803,0,1,0,0,59,0,1,18035,cluster1,
763,1366,240442fdc2433cc4a4c1a70126191266,9,?,0,1,569.053704,19.1,2.5,211,0,1,0,3.888889,45,175,10,1904,cluster1,
764,2791,4b8b5435656d394cada249f0e3b8f744,9,?,0,2,471.425,19.846154,2.6,569,0,1,0,0,17,0,13,5121,cluster1,
765,3429,5d6be81621233ba688ab32de46971594,7,?,0,2,617.122727,14.333333,2.4,1160,0,1,0,1.782609,23,41,12,8123,cluster1,
766,5129,8a17c322c389341b95ed8e5599f3c103,6,?,0,1,?,14,1,1536,0,1,0,0,30,0,1,9221,cluster1,
767,5881,a039a757e2d23b55baf9b7e9d2dcb510,6,?,0,2,420.40303,19.333333,3,809,0,1,0,0,11,0,12,4855,cluster1,
768,8920,f5dcf78eb9e33bee81a7cc0a7d1a57e6,5,?,0,2,558.329167,20.2,2.5,415,0,1,0,0,5,0,5,2075,cluster1,
769,7267,c69769c907993b1e817f5e3335cbc265,4,?,0,2,121.884848,19.75,6,1418,0,1,0,0,18,0,12,5675,cluster1,
770,8800,f2c3b2d0480e3a01b3a496771a614035,4,?,0,2,19.25,13.75,4,64,0,1,0,0,0,0,4,256,cluster1,
