Instance_number,author_guid,account_age,author_type,average_hashtags,average_links,average_minutes_between_posts,average_post_lenth,average_posts_per_day_active_days,average_posts_per_day_total,average_user_mentions,boost_score_avg,boost_score_std_dev,boost_score_sum,boosting_timeslots_count,count_authors_sharing_boosted_posts,friends_followers_ratio,number_followers,number_friends,number_of_crawled_posts,number_of_posts,number_pointed_posts,number_pointers,Cluster
0,00c72cacb3ca34cf80ec62fb0a442ba7,187,?,0,1,?,12,1,79,1,?,?,?,?,?,0.548387,31,17,1,14914,?,?,cluster6
1,010d6a7e0da23bea89d895e35500d7ce,180,?,0,0,?,6,1,67,1,0,0,0,0,0,0.330357,112,37,1,12163,1,1,cluster2
2,01241001887d3bda8c4a2a7377b13811,1931,?,0,0,-0.066667,23.666667,3,1,1,?,?,?,?,?,2.49226,323,805,3,3767,?,?,cluster6
3,014eef555cea39858c757db4b4cc75ad,76,1,0,1,?,12,1,0,1,0.081145,0,0.081145,0,0,9.910714,112,1110,1,2,1,1,cluster3
4,0196f3b9f42433a9b200fc64f7b3b32c,798,?,0,2,?,13,1,64,0,?,?,?,?,?,0.017739,31118,552,1,51286,?,?,cluster6
5,01dd78d8d2a734aa8699d00788739d80,609,?,0,1,?,23,1,18,1,0.000712,0,0.000712,0,0,8.751553,322,2818,1,11533,1,1,cluster3
6,021a9dc7e98a38abb52230aef44724e7,529,?,0,2,?,13,1,123,0,?,?,?,?,?,0.006112,6545,40,1,65084,?,?,cluster6
7,027b107b79b43007a9988fe9d66bad7e,11,1,0,1,?,10,1,1,1,0,0,0,0,0,0,0,0,1,13,1,1,cluster3
8,027dc4fa9e4734399f9a0f1e0c122876,11,1,0,1,?,10,1,1,1,0,0,0,0,0,29.333333,3,88,1,14,1,1,cluster3
9,03099ba1efa73e97ac2af5ff35f5302d,1605,?,0,1,?,20,1,2,1,0,0,0,0,0,2.428571,189,459,1,4202,1,1,cluster3
10,039a9d142a0032b99ab6e3929d86681f,12,1,0,1,?,15,1,1,1,0,0,0,0,0,110,1,110,1,17,1,1,cluster3
11,042763a891aa3ec4bd613f5fe34df71c,1722,1,0,1,?,12,1,0,1,0.000268,0,0.000268,0,0,10.769231,52,560,1,116,1,1,cluster3
12,048068d7c87236c4980e3b7e44071228,21,?,0,0,?,7,1,0,1,?,?,?,?,?,0,5,0,1,5,?,?,cluster6
13,04b61596c2fd3f09a2a36c4fd7814fee,466,?,0,1,?,13,1,13,1,?,?,?,?,?,6.7,160,1072,1,6069,?,?,cluster6
14,05725c69da0d367cbbe324d0a506dc6c,179,?,0,2,4273.084615,17.714286,3.5,204,0,0,0,0,0,0,0.3125,128,40,14,36687,12,12,cluster4
15,05f48f7a4f893982a2b4aea2acf0841d,11,?,0,1,?,10,1,9,1,0.001219,0,0.001219,0,0,150.5,2,301,1,101,1,1,cluster3
16,062f59eb02fb3011a8b5764bba26cea4,20,1,0,1,-0.333333,12.5,2,5,1,0.005471,0.001556,0.010941,0,0,0,1,0,2,111,2,2,cluster3
17,06edd3fee65b38148cf63b7e7dab88b3,102,?,0,0,?,27,1,18,0,?,?,?,?,?,1.804721,466,841,1,1889,?,?,cluster6
18,07c28d4eab753fbeb4001343bc79aea5,379,?,0,2,25929.275,14.333333,1.5,3,2.666667,0,0,0,0,0,0.772973,185,143,3,1208,2,2,cluster4
19,07e8f97797113f20a6d3a121d1ad3f38,1103,?,0,0,?,19,1,45,0,?,?,?,?,?,0.786806,1440,1133,1,49666,?,?,cluster6
20,08964b54b7df3b4798ee2629d987f76b,99,?,0,1,55579.9,6,1,129,0,0.000001,0,0.000001,0,0,1.656033,1442,2388,2,12781,1,1,cluster4
21,08b859e81ac830aba26b93ad0d523b3a,200,?,0,0,?,14,1,0,1,?,?,?,?,?,10,1,10,1,18,?,?,cluster6
22,094effb0a991305d8a708b6a0f850295,19,1,0,1,46.8,12.5,2,5,1,0.013375,0.006348,0.02675,1,191,31.1,10,311,2,107,2,2,cluster0
23,09620881f9583cb19f07c2b8275e79e7,330,?,0,0.5,-0.1,19,2,8,1.5,?,?,?,?,?,3.059603,151,462,2,2717,?,?,cluster6
24,0a0710d5c2123798926aef4508cfe565,842,1,0,1,?,7,1,1,1,0.025,0,0.025,0,0,18.468085,47,868,1,1354,1,1,cluster3
25,0a13131e4abf385489ccda6a45a35671,102,?,0,2,65.283333,19,2,77,0,?,?,?,?,?,2.857143,14,40,2,7870,?,?,cluster6
26,0a95c8f918533ac98fea1b7e8c0d65ca,913,?,0,1,?,12,1,0,1,0.081145,0,0.081145,0,0,3.228856,201,649,1,347,1,1,cluster3
27,0aa6851d41a33b7eaa6f65288e6c08cc,12,1,0,1,23.7,12.5,2,5,1,0.013375,0.006348,0.02675,1,191,47.5,2,95,2,69,2,2,cluster0
28,0b35429e0af337369f08518029fb02bf,2650,?,0,1,?,19,1,298,0,0,0,0,0,0,0.916667,732,671,1,792146,1,1,cluster5
29,0b46c6f4245a33208d51f50df407c621,285,?,0,1,?,23,1,50,1,0.000712,0,0.000712,0,0,5.876352,647,3802,1,14377,1,1,cluster2
30,0b6235b52019361ea45bdc3c08a81730,19,1,0,1,93.3,12.5,2,5,1,0.013541,0.006514,0.027082,1,191,47.714286,7,334,2,99,2,2,cluster0
31,0bbbd889c8dc3295b324a08ceae456ae,120,?,0,2,?,14,1,866,0,0,0,0,0,0,0,1224,0,1,103978,1,1,cluster4
32,0bd2992279f63175b8ee580b887cae13,624,1,0,1,?,12,1,1,1,0.000268,0,0.000268,0,0,0.403422,3448,1391,1,1026,1,1,cluster2
33,0beac682e6203c1fa6e70422605fb09f,11,1,0,1,?,10,1,2,1,0,0,0,0,0,19.6,5,98,1,30,1,1,cluster3
34,0c10e115b4903b49a3da11f681a4e56a,239,?,0,1.666667,10752.646667,17.166667,2,1600,0,0.000002,0.000002,0.000007,0,0,0,344,0,6,382528,3,5,cluster4
35,0c2927ffee683926ae8861a456c9864b,12,1,0,1,17.1,12.5,2,6,1,0.013375,0.006348,0.02675,1,191,196,1,196,2,81,2,2,cluster0
36,0d1666eda4d6312da090b3f60f3563b6,12,?,0,1,?,10,1,10,1,0.001238,0,0.001238,0,0,104,3,312,1,126,1,1,cluster3
37,0d451f66a5af36e4b399fd6e944fd91c,3243,?,0,1.25,7673.540476,17.625,2.666667,19,0,0,0,0,0,0,0,779,0,8,62084,9,7,cluster5
38,0db2b25a46203c589db61818cb3bac49,1199,?,0,2,?,14,1,11,0,?,?,?,?,?,1.09061,607,662,1,13202,?,?,cluster6
39,0dd336a330fd364789987f630b87883f,531,?,0,1,?,13,1,17,0,?,?,?,?,?,0.199115,226,45,1,9277,?,?,cluster6
40,0dddb15f34a43fc7873195da06270508,2429,?,0,1,?,20,1,3,0,0,0,0,0,0,1.600334,1196,1914,1,7669,1,1,cluster2
41,0e7cc9848c8332f5ae0354acd45833c9,378,1,0,1,?,7,1,3,1,0.166763,0,0.166763,1,90,25.5,24,612,1,1174,1,1,cluster1
42,0e9b43f6024939c48710647ed6b2f87b,402,1,0,1,?,7,1,3,1,0.025,0,0.025,0,0,18.733333,30,562,1,1364,1,1,cluster3
43,0eab9a92b04e341fa91914f0f63b7b07,509,?,0,0,?,6,1,36,0,?,?,?,?,?,0.651786,336,219,1,18662,?,?,cluster6
44,0eb68672f9a53ff98e56f518b57b31fa,374,1,0,1,?,7,1,3,1,0.166763,0,0.166763,1,90,9.258065,31,287,1,1445,1,1,cluster1
45,0ee9b06ddb833baea14735b22933a88b,20,1,0,1,0.283333,12.5,2,6,1,0.005471,0.001556,0.010941,0,0,0,3,0,2,131,2,2,cluster3
46,0fe59ce40ed9347c879014af9f9cfaac,559,?,0,0,?,7,1,16,0,?,?,?,?,?,0.602941,476,287,1,9247,?,?,cluster6
47,100183eb27c534e18e64afce2835a3f3,1518,?,0,0,0.116667,24,2,3,1,?,?,?,?,?,2.638484,343,905,2,5137,?,?,cluster6
48,1027a90b7a15364e820bfbaac02db500,2589,?,0,0,?,1,1,6,0,0,0,0,0,0,0.070502,13489,951,1,16460,1,1,cluster2
49,10aabc5b84bf34eab148355c1f6fc85f,175,?,0,2,26216.5,15.666667,1.5,197,0,0,0,0,0,0,0.769231,52,40,3,34528,2,2,cluster4
50,11b50f3303ef3bb298e03c52a3f0e567,18,1,0,1,?,10,1,4,1,0,0,0,0,0,112.666667,3,338,1,73,1,1,cluster3
51,1227a24136c835aab5d005c61dbfc491,595,?,0,0,?,8,1,0,0,0,0,0,0,0,1.512195,41,62,1,89,1,1,cluster2
52,122ef0221da4332688be054488a25aeb,1270,?,0,0,?,3,1,42,1,?,?,?,?,?,0.882421,859,758,1,54405,?,?,cluster6
53,12346a2a9666387d9b5bf1794fdbcdc1,19,1,0,1,15.983333,12.5,2,7,1,0.005471,0.001556,0.010941,0,0,34.111111,9,307,2,135,2,2,cluster3
54,1241884ae2143c8eae720ff52773eb0f,571,?,0,0,?,0,1,26,0,?,?,?,?,?,0.452135,679,307,1,15006,?,?,cluster6
55,1243f923cf5d32b081d82f0aee8a2f3d,265,?,0,2,?,16,1,78,0,?,?,?,?,?,0.285068,221,63,1,20917,?,?,cluster6
56,126a7568836d3b599840935287c93cea,11,1,0,1,?,10,1,3,1,0,0,0,0,0,0,0,80,1,34,1,1,cluster3
57,12b83043db51374283e67c9e8b75cb20,93,?,0,2,?,19,1,84,0,?,?,?,?,?,0.689655,29,20,1,7841,?,?,cluster6
58,12d193c00fdf32ca82772bcb091a5b6f,833,1,0,1,?,7,1,1,1,0,0,0,0,0,22.473684,38,854,1,1417,1,1,cluster3
59,13a9f5bd9bb03ed2a2cc02b4725dc784,251,?,0,2,101.691667,17.666667,3,227,0,?,?,?,?,?,0.625,64,40,3,57181,?,?,cluster6
60,143d7e8c660b3471b2ee46bc15087bf1,2307,?,0,2,?,15,1,19,1,?,?,?,?,?,0.03038,16063,488,1,44691,?,?,cluster6
61,1445308024c03245929aceffd924e671,12,1,0,1,?,15,1,0,1,0.007027,0,0.007027,0,0,0,0,5,1,2,1,1,cluster3
62,1486df5964cd3f8d860f52166cab0827,430,1,0,1,?,7,1,3,1,0.025,0,0.025,0,0,18.8,30,564,1,1340,1,1,cluster3
63,148b1f237bb93970b8e968271f6ee940,1261,?,0,0,?,5,1,95,1,?,?,?,?,?,0.130885,19689,2577,1,120788,?,?,cluster6
64,14cb351185da32c79e56b9d98c13599b,99,?,0,1,?,6,1,116,0,0,0,0,0,0,7.560311,514,3886,1,11576,1,1,cluster2
65,15584169f64a37a1bcabdb50e02d9e6f,1687,?,0,1,?,19,1,56,0,0,0,0,0,0,0.912802,3968,3622,1,94500,1,1,cluster2
66,1613ab17657e3104826648f6a8e880f0,12,?,0,1,?,10,1,9,1,0.019723,0,0.019723,1,191,49.8,5,249,1,114,1,1,cluster0
67,161d4e11b3e8326aa077751ad6684ec4,430,1,0,1,?,7,1,4,1,0.025,0,0.025,0,0,12.895833,48,619,1,1974,1,1,cluster3
68,16a3a9bd786f31caa7ffb82a3a2d9651,184,1,0,1,?,11,1,0,0,0,0,0,0,0,0.949791,478,454,1,14,1,1,cluster3
69,16ca2f10cd5f3f1da0952a3147dc86ec,145,?,0,1,?,14,1,9,0,0,0,0,0,0,2.214976,414,917,1,1331,1,1,cluster3
70,170f42757b683adcaeca66eaba8b9f57,1452,?,0,2,?,16,1,53,0,0,0,0,0,0,0.894759,7155,6402,1,77709,1,1,cluster2
71,174c2ccc0745382d9da5496ba87c23cd,436,1,0,1,?,7,1,2,1,0.025,0,0.025,0,0,12.382353,68,842,1,1283,1,1,cluster3
72,1755543d554a3994b9a2596984d70018,19,1,0,1,19.75,12.5,2,5,1,0.005471,0.001556,0.010941,0,0,309,1,309,2,104,2,2,cluster3
73,184a61027b4934ea87cf770b2342c409,11,?,0,1,?,10,1,15,1,0.00098,0,0.00098,0,0,78,4,312,1,165,1,1,cluster3
74,185eb60196493c71bf28a6466c9a40ab,3313,?,0,2,?,15,1,0,1,?,?,?,?,?,0.205703,3121,642,1,1296,?,?,cluster6
75,186c62aba1c6329db27a7a50a324eaf6,1869,?,0,2,?,10,1,7,0,0,0,0,0,0,1.013197,13488,13666,1,14026,1,1,cluster2
76,193b421216cf3ae5abeb44f5ad184aae,2010,?,0,1,?,9,1,5,0,?,?,?,?,?,0.389254,912,355,1,11310,?,?,cluster6
77,198ba340d7793ec0840be23def208188,12,?,0,1,-1.65,10.5,2,1,1,0.002419,0.002419,0.004837,0,0,0,0,2,2,14,2,2,cluster3
78,19b0ba65dfef3a36bdaeb1c8933dd5b8,526,?,0,1,?,20,1,3,0,0,0,0,0,0,1.833333,72,132,1,2102,1,1,cluster3
79,1a5337b690543ee78501ff1a48c5e57c,11,1,0,1,?,10,1,1,1,0,0,0,0,0,84,1,84,1,14,1,1,cluster3
80,1a8347af28b23072a6c8196e596eba54,903,?,0,0,?,8,1,173,0,0,0,0,0,0,1.067198,1756,1874,1,156616,1,1,cluster2
81,1aa5dc7081443efb8b8303f635679eb4,1230,?,0,0,37.666667,23.5,2,3,1,?,?,?,?,?,4.05036,139,563,2,4244,?,?,cluster6
82,1ace77acab3635399985a14f2c706560,11,1,0,1,?,10,1,2,1,0,0,0,0,0,109,1,109,1,25,1,1,cluster3
83,1af47b55f6c13405aa75c4cc0e22aa4b,19,1,0,1,150.1,12.5,1,5,1,0.004132,0.002895,0.008264,0,0,158.5,2,317,2,101,2,2,cluster3
84,1b1c917ef30b36e7919096c529b5e1b3,11,1,0,1,?,10,1,1,1,0,0,0,0,0,0,0,0,1,13,1,1,cluster3
85,1b1f87ac218c3fbfa2630e857a132241,12,?,0,1,?,10,1,13,1,0.003914,0,0.003914,0,0,150.5,2,301,1,156,1,1,cluster3
86,1b67c4b1af2d3c4e998ceceeea8195ad,313,?,0,1,1697.566667,23,1,4,0,0,0,0,0,0,0.347855,4499,1565,2,1492,2,2,cluster2
87,1c2559e8e5de3784a8fdcc579351d436,19,1,0,1,20.95,12.5,2,3,1,0.013375,0.006348,0.02675,1,191,64.2,5,321,2,61,2,2,cluster0
88,1c57d639084d355da097b3748b3b1177,19,1,0,1,11.683333,12.5,2,3,1,0.005471,0.001556,0.010941,0,0,0,3,0,2,62,2,2,cluster3
89,1c9f92da84d03b1581573f0bb3893a4a,20,1,0,1,17.683333,12.5,2,6,1,0.005471,0.001556,0.010941,0,0,23.846154,13,310,2,135,2,2,cluster3
90,1d2c57a7633e39ffa7e5b5fb71356f74,876,1,0,1,?,7,1,1,1,0.166763,0,0.166763,1,90,12.705882,17,216,1,958,1,1,cluster1
91,1dbdc517b5c936e3954dae7a46dd7d5d,1985,?,0,2,?,17,1,3,0,?,?,?,?,?,0.846478,3081,2608,1,7698,?,?,cluster6
92,1ed8560ba5f3319089937640596387a7,1082,?,0,1,?,23,1,28,1,0,0,0,0,0,10.67706,449,4794,1,30865,1,1,cluster2
93,1f64dbe1ec453e0984f2803c72fc8e6a,676,?,0,1,138.066667,13,2,65,0,?,?,?,?,?,0.29,300,87,2,44462,?,?,cluster6
94,1fb0bd5f58dc3c4a9a808e1ead01cd4e,1656,?,0,0,?,13,1,103,3,?,?,?,?,?,0.530102,1960,1039,1,172115,?,?,cluster6
95,21256bf20c2339f4a6e25511c27a1e0b,1169,?,0,2,?,15,1,355,1,?,?,?,?,?,0.857937,2879,2470,1,415448,?,?,cluster6
96,212bedf6dab93032a2b46c26c71f53e5,1273,?,0,0,?,20,1,13,3,?,?,?,?,?,1.004619,12125,12181,1,17582,?,?,cluster6
97,21ab5d644cf6373b99978a5e0805fcfc,167,?,0,1.333333,10916.783333,17,1.5,1201,0,0.005212,0.003685,0.015635,0,0,0,225,0,6,200594,3,5,cluster4
98,21be3c7871af3546b2f18ddf8fd30858,2623,?,0,1,?,20,1,0,0,?,?,?,?,?,0.507519,266,135,1,1548,?,?,cluster6
99,2218bc774816332289e7c7906374d500,1662,?,0,0,?,2,1,38,0,?,?,?,?,?,0.964809,341,329,1,64398,?,?,cluster6
100,222966de8d533fffb7c0fd8cc3e900f7,19,1,0,1,86.7,12.5,2,5,1,0.013541,0.006514,0.027082,1,191,24.461538,13,318,2,102,2,2,cluster0
101,22492909c01e351897052a8dd7806b06,1594,?,0,1,1042.4,12,2,337,0,0,0,0,0,0,0.80518,67298,54187,2,537512,2,2,cluster5
102,2271499e7b633553ad61997b842d7368,2730,?,0,0,?,7,1,3,0,?,?,?,?,?,0.017074,4744,81,1,8703,?,?,cluster6
103,22d49342a8e13431a15c6a44f4f98250,961,1,0,1,?,7,1,1,1,0.426704,0,0.426704,1,90,7.6,30,228,1,1298,1,1,cluster1
104,2371fe068cc936258078df5b04a950d6,1287,1,0,1,144.483333,12,2,0,1,0.054446,0,0.054446,0,0,5.38247,251,1351,2,273,1,2,cluster3
105,2386e23616ca3bc48a801cf2b4d2d974,99,?,0,1,3180,6,1,128,0,0.000001,0,0.000001,0,0,8.144681,470,3828,2,12759,1,2,cluster2
106,23c8989539103fc59992a58f18c209ba,312,1,0,1,?,7,1,4,1,0,0,0,0,0,15.538462,39,606,1,1323,1,1,cluster3
107,23e127cd49d138979906c24d01ae28a3,1498,1,0,1,?,12,1,0,1,0.081145,0,0.081145,0,0,2.696306,731,1971,1,676,1,1,cluster3
108,24b4146e5d7835ad97cbbce2bdd5507a,89,?,0,2,?,18,1,44,0,?,?,?,?,?,1.25,16,20,1,3987,?,?,cluster6
109,254cb5d63d243dfdbba52bb5c76e64a3,529,?,0,0,?,19,1,0,3,?,?,?,?,?,3.898305,59,230,1,113,?,?,cluster6
110,2562210d55d839d8947918303e926274,429,1,0,1,?,7,1,2,1,0.426704,0,0.426704,1,90,11.5,22,253,1,1116,1,1,cluster1
111,25be20c843c1307bad655292eeb09bdc,36,?,0,0,?,8,1,5,0,?,?,?,?,?,1.25,44,55,1,215,?,?,cluster6
112,265647c89cfc3ba983bdcd9cf19769f2,760,?,0,0,?,9,1,124,0,?,?,?,?,?,0.904181,574,519,1,94975,?,?,cluster6
113,266c3da891df3c078d0a61fb2f4e6db2,92,?,0,2,93.55,15.5,2,124,0,?,?,?,?,?,2.105263,19,40,2,11475,?,?,cluster6
114,26b0f01921673841bd4f0e8be8730ef0,514,1,0,1,?,7,1,2,1,0.252852,0,0.252852,1,90,18.636364,55,1025,1,1344,1,1,cluster1
115,26db28f333623b07b5fa33292ff0a279,11,1,0,1,?,10,1,1,1,0,0,0,0,0,21.6,5,108,1,13,1,1,cluster3
116,26f8d3f9c24e3000be09bc0b81dcbea0,52,?,0,2,14008.65,18.6,1.666667,188,0,0,0.000001,0.000002,0,0,0,28,0,5,9812,4,4,cluster4
117,2726868de7093dd7bbd54d32631c26cc,230,?,0,0.25,-0.477778,20.25,4,14,1,?,?,?,?,?,0.52093,215,112,4,3319,?,?,cluster6
118,273200c8e9953bd48498eb6b42a23f67,83,?,0,0,?,4,1,104,1,0,0,0,0,0,2.368467,1148,2719,1,8642,1,1,cluster2
119,274f1da1f4bf30ab91883619d09eaae3,1584,?,0,0,-0.283333,23.5,2,4,1,?,?,?,?,?,2.516746,418,1052,2,7471,?,?,cluster6
120,275b28854e8c3131ac1d1591e4c7d99a,1816,?,0,0,?,24,1,2,1,?,?,?,?,?,2.731818,220,601,1,4382,?,?,cluster6
121,27dd1b6fd86139ea95c85ce32f06c3f4,11,?,0,1,?,10,1,3,1,0.003883,0,0.003883,1,191,0,0,0,1,40,1,1,cluster0
122,28061381b467375da33c340a72a936b4,2576,?,0,2,?,15,1,7,1,?,?,?,?,?,1.101222,1719,1893,1,19294,?,?,cluster6
123,282114523a2630918b742e44bd91f611,11,?,0,1,?,10,1,10,1,0.001219,0,0.001219,0,0,74.75,4,299,1,120,1,1,cluster3
124,284a4ef901d639128003a2a4a3d01f77,1692,?,0,0,?,0,1,168,0,?,?,?,?,?,0.615215,3628,2232,1,285156,?,?,cluster6
125,28f42e081816344c85790d1e06578150,17,1,0,1,-2.8,12.5,2,12,1,0.005471,0.001556,0.010941,0,0,0,3,0,2,219,2,2,cluster3
126,2931107e92383dcaaf72a52d866b7a0d,141,?,0,2,9277.288889,19.714286,2.333333,1525,0,0,0,0,0,0,0,210,0,7,215054,6,6,cluster4
127,2a5bc5310cc03ad9b043070bcfa4b117,1577,?,0,0,?,17,1,41,1,0.00037,0,0.00037,0,0,1.76697,2416,4269,1,65157,1,1,cluster2
128,2a6f33cd5d933704a36865525fd74dec,19,1,0,1,103.333333,12.5,2,1,1,0.005101,0.001926,0.010202,0,0,0,3,0,2,36,2,2,cluster3
129,2a7de2cad4ea31b3b96b60e74a5f1f6e,2020,?,0,0,?,0,1,76,0,?,?,?,?,?,0.010905,917,10,1,154451,?,?,cluster6
130,2aa68814d35f353ea0f065a7e59d67f6,1792,?,0,0,1.272222,24.75,4,15,1,?,?,?,?,?,0.472751,3101,1466,4,27871,?,?,cluster6
131,2b23dc81b804393e900d8fac64bae7a4,11,1,0,1,?,10,1,2,1,0,0,0,0,0,0,0,0,1,29,1,1,cluster3
132,2bbfe1860c7b31a3ab78780f5bedffd0,89,?,0,1.913043,-1.993182,17.086957,23,116,0,?,?,?,?,?,1.25,16,20,23,10348,?,?,cluster4
133,2c693b3233b031d8b0bd4c7bacd71569,128,?,0,2,?,19,1,177,0,?,?,?,?,?,0.709091,55,39,1,22737,?,?,cluster6
134,2c8f906d21e4369fafb0c379d5ef939c,19,1,0,1,149.366667,12.5,1,1,1,0.004132,0.002895,0.008264,0,0,0,6,0,2,32,2,2,cluster3
135,2d39365458ba3fefab03b0b6071964f7,1942,?,0,3,200.065152,12.333333,4,30,0,0,0.000001,0.000002,0,0,0.92628,58437,54129,12,59282,12,12,cluster5
136,2d44f15a22623caeb6be7501da4ca23c,1013,?,0,1,?,25,1,202,0,?,?,?,?,?,1.175075,2319,2725,1,205254,?,?,cluster6
137,2dd2b1a9dee731e494adff126a63ecf2,875,1,0,1,?,7,1,1,1,0.025,0,0.025,0,0,9.708333,24,233,1,1173,1,1,cluster3
138,2e2f451db76e3073882d72445fa6e346,488,?,0,2,54271.383333,15.5,1,226,0,0,0,0,0,0,0.373832,107,40,2,110399,1,1,cluster4
139,2ecae08c4e433791895d260d7bce8aca,2796,?,0,2,?,16,1,10,0,0,0,0,0,0,0.003487,579929,2022,1,28026,1,1,cluster2
140,2f21f36a86913161813160308a6947b1,424,?,0,0,?,24,1,21,1,?,?,?,?,?,0.02791,21462,599,1,8962,?,?,cluster6
141,2f5cbb56702c3dbf89f53a456cf0c783,11,1,0,1,?,10,1,1,1,0,0,0,0,0,81,1,81,1,16,1,1,cluster3
142,2f79c6d158653f9b918be74fa09651f4,1665,?,0,1,?,14,1,3,0,?,?,?,?,?,0.67234,235,158,1,5591,?,?,cluster6
143,2fa02cc087b13871ba537f95a990ee0d,935,1,0,1,?,7,1,2,1,0.166763,0,0.166763,1,90,5.56213,169,940,1,1880,1,1,cluster1
144,2facc688ce65387d92617e1fe4dde9be,12,?,0,1,?,11,1,6,1,0.000109,0,0.000109,0,0,76.5,4,306,1,79,1,1,cluster3
145,2fe297bf3458333786f48fc5039f15ff,1904,?,0,0,?,27,1,9,0,?,?,?,?,?,0.467153,548,256,1,17519,?,?,cluster6
146,2fe91b04f4a73122afceb0e45e736915,2119,?,0,0,?,28,1,6,1,?,?,?,?,?,1.940239,251,487,1,12914,?,?,cluster6
147,300b6b2bc0213e48a53b94be2c88eae6,118,?,0,0,?,1,1,20,0,0,0,0,0,0,2.043973,1319,2696,1,2447,1,1,cluster2
148,302b857da10e3362af76a7368150a2d9,2532,?,0,0,?,26,1,0,1,?,?,?,?,?,7.742857,35,271,1,284,?,?,cluster6
149,303d5dd5da3a35d191f442f1a025b394,1668,?,0,0,?,28,1,0,1,?,?,?,?,?,4.866667,15,73,1,1459,?,?,cluster6
150,307252f71ba63878a5d8db198f4af46f,17,1,0,1,-14.966667,12.5,2,4,1,0.013375,0.006348,0.02675,1,191,156.5,2,313,2,84,2,2,cluster0
151,30a9cc698aa433ae985b9bc3156cb965,839,1,0,1,?,7,1,2,1,0.025,0,0.025,0,0,4.783439,157,751,1,2038,1,1,cluster3
152,31202bff2e7b36e0b2a731778bde541d,1826,?,0,0,?,0,1,62,0,0,0,0,0,0,0.504335,262409,132342,1,113448,1,1,cluster2
153,320b650fc96e307b9723c1d6daf71143,17,1,0,1,-13.833333,12.5,2,7,1,0.005471,0.001556,0.010941,0,0,0,7,0,2,125,2,2,cluster3
154,3210f5dbbddf3f648464ae59ea4a3126,416,1,0,1,?,7,1,2,1,0.025,0,0.025,0,0,11.076923,52,576,1,1063,1,1,cluster3
155,326b458beec13b0292210126589377c4,2635,?,0,2,?,13,1,3,0,?,?,?,?,?,0.049391,28062,1386,1,8021,?,?,cluster6
156,327079622174320a9f3ae416495e0fab,367,1,0,1,?,7,1,4,1,0.025,0,0.025,0,0,7.931034,29,230,1,1545,1,1,cluster3
157,33580d0d974d340ba33c1247545b6c37,19,1,0,1,143.583333,12.5,1,2,1,0.004132,0.002895,0.008264,0,0,311,1,311,2,38,2,2,cluster3
158,33ff8f32ec793986b160074323d3effb,61,?,0,2,?,14,1,43,0,?,?,?,?,?,6.666667,3,20,1,2649,?,?,cluster6
159,348f67a93272343ebd1ff1c9d0a2cab3,2279,?,0,1,?,24,1,1,2,?,?,?,?,?,0.263753,7780,2052,1,3689,?,?,cluster6
160,34c84fb3ea7f3a64bd0dab769f14e1db,17,1,0,1,-8.166667,12.5,2,5,1,0.013375,0.006348,0.02675,1,191,160.5,2,321,2,98,2,2,cluster0
161,34cc82af34683c1e97c13ae8a6b4e323,2833,?,0,0,?,21,1,76,1,?,?,?,?,?,0.077681,20288,1576,1,216456,?,?,cluster6
162,34d3bd17ce363ca2b2d6b3d8a078d3ff,736,?,0,1,?,8,1,10,1,?,?,?,?,?,5.888889,117,689,1,7883,?,?,cluster6
163,35376ff6ff8f3429875ed891278f43aa,11,?,0,1,?,10,1,9,1,0.001219,0,0.001219,0,0,60.4,5,302,1,104,1,1,cluster3
164,3541b42e97bb313b81dfe11ed3dd1264,1580,?,0,1,?,21,1,66,1,0,0,0,0,0,0.172134,13321,2293,1,105281,1,1,cluster2
165,35841be275a83252baa7a915c833e402,2644,?,0,0,?,3,1,20,0,?,?,?,?,?,0.002085,118957,248,1,55440,?,?,cluster2
166,35d926e85e853ef5aec6aa136e6c53ee,860,1,0,1,?,7,1,1,1,0.025,0,0.025,0,0,7.666667,36,276,1,1157,1,1,cluster3
167,361609c214213626bee659e385e450b5,757,1,0,1,?,7,1,1,1,0.025,0,0.025,0,0,6.28,25,157,1,1050,1,1,cluster3
168,36dbd8e6bd3038ef91eaffb7bc0bb108,994,?,0,1,0.05,15,2,7,2,?,?,?,?,?,2.375,352,836,2,7740,?,?,cluster6
169,36f7940b0c6c37ab9433dd93147aee5e,2216,?,0,1,?,24,1,2,2,?,?,?,?,?,2.763441,186,514,1,5460,?,?,cluster6
170,374b91073f323841b2b8c9e3f20c464c,889,?,0,0,?,14,1,129,0,?,?,?,?,?,1.536789,598,919,1,115411,?,?,cluster6
171,375fff1dc2cb3092a7e654daefdeaa8a,1646,?,0,0,?,15,1,2,0,?,?,?,?,?,0.932039,103,96,1,3729,?,?,cluster6
172,37876146e16d3d5da6776a09adc43a18,111,?,0,2,?,16,1,109,0,?,?,?,?,?,1.025641,39,40,1,12146,?,?,cluster6
173,37e0df45b746342c9c7d80a49e565354,1269,?,0,0,39.8,1.5,2,67,0,0.007813,0.007813,0.015625,0,0,0.745808,62028,46261,2,85105,2,2,cluster5
174,37e56e6e85eb309e9100b9dc8c4f42e1,12,?,0,1,13.016667,12.5,2,9,1,0.031538,0.011482,0.063076,2,195,57.2,5,286,2,116,2,2,cluster0
175,38158e1810533fbeac9755655779a039,1242,?,0,1,?,24,1,0,2,?,?,?,?,?,1.238095,42,52,1,783,?,?,cluster6
176,381b0b6da0b133ccaa709f075317d7be,11,?,0,1,?,10,1,5,1,0.000761,0,0.000761,0,0,65.4,5,327,1,61,1,1,cluster3
177,3892629bc0583129b1ed40ff24d0ed62,1045,1,0,1,?,7,1,0,1,0.025,0,0.025,0,0,8.852941,34,301,1,1020,1,1,cluster3
178,38babc9f7c433b8982076a9113ea925c,1692,?,0,0,?,0,1,217,0,?,?,?,?,?,0.48127,3684,1773,1,368578,?,?,cluster6
179,390c56d33c98300cb1fb4cb6777a874a,1030,?,0,1,?,13,1,3,1,0,0,0,0,0,1.989267,559,1112,1,4087,1,1,cluster3
180,393b1974a8b23f3080ba4926dc4dbd83,1880,?,0,2,?,15,1,0,1,?,?,?,?,?,4.606061,33,152,1,152,?,?,cluster6
181,393ec7088bfd30148044b97045a72569,474,1,0,1,?,7,1,3,1,0.166763,0,0.166763,1,90,29.64,25,741,1,1593,1,1,cluster1
182,3968ad09d02230bbaedce1dfe1f1e64d,751,1,0,1,?,7,1,1,1,0.252852,0,0.252852,1,90,12.263158,19,233,1,1118,1,1,cluster1
183,39e75ad0582c3fea9b66c43d57639fde,2089,?,0,0,?,25,1,0,0,?,?,?,?,?,3,23,69,1,815,?,?,cluster6
184,39e95628e00d3fba812f17b9a9d0b4c9,2770,?,0,2,?,15,1,0,1,?,?,?,?,?,0.561728,162,91,1,448,?,?,cluster6
185,3ab760c5035a38c08bfbc851b8157bb7,830,1,0,1,?,7,1,1,1,0.252852,0,0.252852,1,90,9.6,20,192,1,1151,1,1,cluster1
186,3b44036292a93aed96038bebe4b01e18,473,?,0,1,0.05,15,2,8,2,?,?,?,?,?,2.5,226,565,2,4150,?,?,cluster6
187,3b96d41418363bfaa380717f33c3d25f,12,1,0,1,16.8,12.5,2,2,1,0.013375,0.006348,0.02675,1,191,107,1,107,2,26,2,2,cluster0
188,3bae28f618d734ae98b5bd957675f346,17,1,0,1,-9.983333,12.5,2,6,1,0.005471,0.001556,0.010941,0,0,28.181818,11,310,2,107,2,2,cluster3
189,3c2c62b2efe43c1ea93c5bf53520a8ed,12,1,0,1,19.083333,12.5,2,5,1,0.013375,0.006348,0.02675,1,191,21.8,5,109,2,65,2,2,cluster0
190,3c4935f460803bc3bb1e3b92a118b373,20,1,0,1,5.333333,12.5,2,6,1,0.005471,0.001556,0.010941,0,0,17.52381,21,368,2,124,2,2,cluster3
191,3c4c47afcfb83eea9362d89d987bfb7d,47,1,0,1,?,12,1,1,1,0.081145,0,0.081145,0,0,0.491285,918,451,1,77,1,1,cluster3
192,3d48f9fef64e3bbb8c730ea9f89db3e9,1344,?,0,1,?,13,1,21,1,?,?,?,?,?,0.726613,1240,901,1,28846,?,?,cluster6
193,3d73fda12a4c3922be74693d40681c7f,2340,?,0,0,?,29,1,1,2,?,?,?,?,?,2.357377,305,719,1,2400,?,?,cluster6
194,3e73262ae3f83a5ab1a5cff01925fea7,833,1,0,1,?,7,1,1,1,0.166763,0,0.166763,1,90,26.647059,34,906,1,1288,1,1,cluster1
195,3e779f212ef63951b83ede1f7bb3846d,1369,?,0,0,?,24,1,1,1,?,?,?,?,?,0.954797,1084,1035,1,1468,?,?,cluster6
196,3f240bd4515f3ff4b0c836d4b5a9b52c,74,?,0,2,?,19,1,705,1,?,?,?,?,?,0.073593,462,34,1,52194,?,?,cluster6
197,3ff5a6542d9f32cd9809f7f4c1512ece,193,?,0,1.5,0.033333,22,2,802,1,0,0,0,0,0,0.033582,2412,81,2,154927,2,2,cluster4
198,4032d78e69fa37a18d114fdc92c88167,1812,?,0,0,?,9,1,3,0,?,?,?,?,?,1.478659,328,485,1,5532,?,?,cluster6
199,42ff4ab62c07368ca15cd92fc6434b00,99,?,0,1,55580.3,6,1,128,0,0.000001,0,0.000001,0,0,5.441573,890,4843,2,12724,1,1,cluster4
200,4317a933838d390aa3f9a62da081186a,11,1,0,1,?,10,1,2,1,0,0,0,0,0,20,5,100,1,31,1,1,cluster3
201,439e2f1b44753e6b95f363e9ec6be803,763,1,0,1,?,12,1,0,1,0.02152,0,0.02152,0,0,0.313253,83,26,1,183,1,1,cluster3
202,440b4fb5b7dd36a194c82de590c7352f,1675,?,0,0,?,11,1,3,0,?,?,?,?,?,1.751256,398,697,1,5371,?,?,cluster6
203,4424881e6bd83ff3bc4e5b9875235f23,229,?,0,2,?,17,1,1346,0,?,?,?,?,?,0,371,0,1,308308,?,?,cluster4
204,4452150b01693ed39814c8e4ac2bf379,106,?,0,0,?,0,1,1157,0,?,?,?,?,?,0,339,0,1,122702,?,?,cluster5
205,44799a6465f339d68ac07adac27ee774,281,?,0,2,?,15,1,4,1,?,?,?,?,?,5.6,25,140,1,1223,?,?,cluster6
206,452d6e320aaa3c50b5146c0e115b100f,795,1,0,1,?,7,1,1,1,0.252852,0,0.252852,1,90,7.8,25,195,1,1067,1,1,cluster1
207,45987c2a58783fe4bad154c41b5ddd4c,11,1,0,1,?,10,1,1,1,0,0,0,0,0,17.6,5,88,1,15,1,1,cluster3
208,45b77b3c34eb3afbb28034e89a61ae77,53,?,0,1,?,14,1,233,0,?,?,?,?,?,0.277778,54,15,1,12374,?,?,cluster6
209,46167b51ddf0347dba487fbd58813e92,2132,?,0,1,?,18,1,13,1,0,0,0,0,0,4.596452,451,2073,1,29216,1,1,cluster2
210,47dc6b77211b3ffe92beefea0dc15766,12,?,0,1,?,11,1,3,1,0.000221,0,0.000221,0,0,0,0,1,1,38,1,1,cluster3
211,48279fe4866e3f728604810722a7a257,216,?,0,2,51753.183333,19,1,1221,0,0,0,0,0,0,0,302,0,2,263797,1,1,cluster4
212,491fbd4ae71f34d281a5342100105c57,19,1,0,1,7.433333,12.5,2,4,1,0.005471,0.001556,0.010941,0,0,0,5,0,2,87,2,2,cluster3
213,49e4a68a268235c89035beb77d27cd64,1568,?,0,0,?,0,1,22,0,0.0025,0,0.0025,0,0,0.925298,134387,124348,1,34671,1,1,cluster5
214,4a044b61e0c0327aab94e14a2ff0137f,96,?,0,2,?,15,1,112,0,?,?,?,?,?,1.25,16,20,1,10806,?,?,cluster6
215,4a85143b750b38dfa9bd953bd45a4c92,2547,?,0,2,?,15,1,5,1,?,?,?,?,?,4.22862,1181,4994,1,12857,?,?,cluster6
216,4afe165f3cbf3dbcba5edcbd25ca3bba,2691,?,0,0,1004.15,24.5,2,205,1,?,?,?,?,?,0.037705,145364,5481,2,553282,?,?,cluster5
217,4b3a0132a1203d698f648a57bba7d115,890,?,0,0,54392.033333,7,1,35,0,0,0,0,0,0,0.67,1300,871,2,31488,1,1,cluster4
218,4b61e20fd5a435dba630867e75739f51,430,1,0,1,?,7,1,3,1,0.166763,0,0.166763,1,90,15.955556,45,718,1,1319,1,1,cluster1
219,4b862446e39136d6bbd0bc4fa5895ec7,19,1,0,1,28.9,12.5,2,5,1,0.013375,0.006348,0.02675,1,191,99,3,297,2,108,2,2,cluster0
220,4c2877091faf379f828968df53b8e337,226,?,0,0,?,22,1,155,1,?,?,?,?,?,0.041946,1192,50,1,35109,?,?,cluster6
221,4cd1c76f9485390aa84ef22f09b049e9,441,?,0,2,?,15,1,0,1,?,?,?,?,?,4.514607,445,2009,1,183,?,?,cluster6
222,4d53b50d58443c31a800d6204d5054d8,806,?,0,1,?,10,1,7,0,?,?,?,?,?,0.998229,2259,2255,1,5849,?,?,cluster6
223,4dfacd36bc403038b2fe8c9479c060ae,20,1,0,1,15.066667,12.5,2,5,1,0.001957,0.001957,0.003914,0,0,0,8,0,2,103,2,2,cluster3
224,4e6ec75ba6383d9e972b3f4330fdf299,11,1,0,1,?,10,1,2,1,0,0,0,0,0,0,0,70,1,28,1,1,cluster3
225,4ea1a9602b353933a2ffcd3777f4a183,83,?,0,1,?,6,1,44,0,0.000001,0,0.000001,0,0,2.48062,387,960,1,3720,1,1,cluster3
226,4edff01b92ae348cba05f0ddd5d961c1,2738,?,0,1,?,27,1,3,0,?,?,?,?,?,0.160726,1487,239,1,9843,?,?,cluster6
227,4ef633e7d01b3395a35d5ab455de78f6,682,1,0,1,?,7,1,1,1,0.025,0,0.025,0,0,17.388889,18,313,1,1221,1,1,cluster3
228,4f2b27e71c7d3dc5be04e27e0de283ed,375,1,0,1,?,7,1,2,1,0,0,0,0,0,12.916667,24,310,1,1042,1,1,cluster3
229,4fadbd6db564356e8488314ac1967bf9,12,?,0,1,?,10,1,11,1,0.003175,0,0.003175,0,0,51.666667,6,310,1,136,1,1,cluster3
230,501aa8ed25d432d1a9f9c51e6236b8ac,12,1,0,1,54.066667,12.5,2,4,1,0.013375,0.006348,0.02675,1,191,19.6,5,98,2,52,2,2,cluster0
231,50802371beea3085aa42e5a693e08b85,396,?,0,1,?,18,1,18,0,0,0,0,0,0,0.627451,306,192,1,7263,1,1,cluster3
232,509c9daf80a03ac994edf1a436a91e3c,1516,?,0,1,?,11,1,0,1,0,0,0,0,0,1.115124,443,494,1,536,1,1,cluster3
233,516e874472cf3d32971676f6a364c416,2651,?,0,1,?,23,1,6,1,0.000712,0,0.000712,0,0,4.462199,582,2597,1,17358,1,1,cluster2
234,523943b2cc653af09ab3ee8085e5388c,11,?,0,1,?,10,1,3,1,0.003883,0,0.003883,1,191,0,0,0,1,34,1,1,cluster0
235,529bfcad17033d169a99114beb49ade5,12,?,0,1,?,10,1,1,1,0.005653,0,0.005653,0,0,0,0,0,1,21,1,1,cluster3
236,52b23299ab183f5eb0333f766ca833a4,2547,?,0,1,0.016667,16.5,2,267,0,?,?,?,?,?,0.503488,1577,794,2,680594,?,?,cluster5
237,52b300f8345e3c9cb5d0f181643042bf,2069,?,0,0,?,10,1,6,0,?,?,?,?,?,0.223982,884,198,1,12806,?,?,cluster6
238,52e1cf85ba20341bac3f51849753f640,2528,?,0,1,?,15,1,454,1,0,0,0,0,0,0.133051,151972,20220,1,1149334,1,1,cluster5
239,5371821e67b53582bffbb293b2554dda,2387,1,0,1,?,12,1,0,1,0.081145,0,0.081145,0,0,3.699634,546,2020,1,2104,1,1,cluster3
240,539efa8365cc37bba3ba7a9f51531eb8,19,1,0,1,7.883333,12.5,2,6,1,0.001957,0.001957,0.003914,0,0,84.5,4,338,2,119,2,2,cluster3
241,544585aa64ab394cb09f1db0b8b26aff,270,?,0,2,11240.533333,16.5,1.5,296,0,0,0,0,0,0,0.296296,135,40,6,80167,5,5,cluster4
242,54883787a2cc3fc09c1cc0eac7567617,12,?,0,1,?,10,1,14,1,0.001238,0,0.001238,0,0,77.25,4,309,1,173,1,1,cluster3
243,54a31727806c31d9bb50bd90dbfb0bb3,1370,?,0,0,?,12,1,144,2,?,?,?,?,?,0.399797,38472,15381,1,197469,?,?,cluster2
244,54d502a9983e3fbcbfdb8c5f4b106977,2325,?,0,2,?,15,1,24,1,?,?,?,?,?,0.017633,33970,599,1,56347,?,?,cluster6
245,5628e7ebf94632b59ce2b1faf06eedc2,1506,?,0,0,?,14,1,1,1,?,?,?,?,?,0.320442,362,116,1,1541,?,?,cluster6
246,562b8249a017351f8551e587689bfb87,1769,?,0,0,?,27,1,3,0,?,?,?,?,?,2.742857,210,576,1,5475,?,?,cluster6
247,565f577e76f3346aae059bbd9970920b,11,1,0,1,?,10,1,3,1,0,0,0,0,0,40,2,80,1,35,1,1,cluster3
248,56ffbeb41ef63da9870591dbadc4f2b4,434,?,0,1,?,8,1,47,0,?,?,?,?,?,1.176471,34,40,1,20576,?,?,cluster6
249,570496f98e713daf98c4a9f8880396e1,1438,?,0,0,?,28,1,12,1,?,?,?,?,?,1.474093,386,569,1,17277,?,?,cluster6
250,571e306e6e3831c0aa7cde5eb59c71c3,2652,?,0,1,?,11,1,1,0,0.000056,0,0.000056,0,0,1.709261,1393,2381,1,2831,1,1,cluster2
251,575a55882f5131f5ae47da74d816723f,11,1,0,1,?,10,1,2,1,0,0,0,0,0,14.714286,7,103,1,32,1,1,cluster3
252,57d6e8896c193e5789f56d92c699dabb,859,1,0,1,?,7,1,2,1,0.426704,0,0.426704,1,90,14.352941,68,976,1,1807,1,1,cluster1
253,57e3f5b86a2f378bbc4fb94e19261c13,184,?,0,2,?,13,1,192,0,?,?,?,?,?,0.57971,69,40,1,35357,?,?,cluster6
254,57e48df59df637f1ad315b653bf02803,373,?,0,0.041667,2433.560145,0.666667,4.8,582,0,0,0,0,0,0,1.100989,4753,5233,24,217231,23,23,cluster4
255,5825d8fc697538d0b36bc6ea94b69146,1074,1,0,1,?,12,1,1,1,0.02152,0,0.02152,0,0,0.484988,433,210,1,1269,1,1,cluster3
256,5845e6138c5f3531a6c6f9b6763f3077,19,1,0,1,18.116667,12.5,2,3,1,0.013375,0.006348,0.02675,1,191,107,3,321,2,74,2,2,cluster0
257,5877643804eb36cc94c256ede9040f57,1371,?,0,0,?,21,1,0,1,?,?,?,?,?,3.022727,44,133,1,464,?,?,cluster6
258,5880f8c44f853cdbb5281ecd2d7cd925,56,?,0,2,?,13,1,0,3,?,?,?,?,?,5.851429,350,2048,1,53,?,?,cluster6
259,588dfdc0f12b368da3e48bd87c3fa59e,11,1,0,1,?,10,1,1,1,0,0,0,0,0,40,3,120,1,12,1,1,cluster3
260,58f6db6fa8a7358eb27724da8675abb8,839,1,0,1,?,7,1,1,1,0.252852,0,0.252852,1,90,18.04,50,902,1,1491,1,1,cluster1
261,58fb3209808f31e4bbe14ede76060275,1521,?,0,1,?,23,1,90,1,0,0,0,0,0,1.702253,2885,4911,1,137477,1,1,cluster2
262,59f29cb33d563c2e9439a7d120491425,1662,?,0,1,?,10,1,0,1,0,0,0,0,0,1.181818,121,143,1,459,1,1,cluster3
263,5a828af07495357db17efe25932eb7e8,1017,?,0,1,?,18,1,7,2,0,0,0,0,0,0.384593,31545,12132,1,7693,1,1,cluster2
264,5acbaa215a003cc096297cb442f30bcb,89,?,0,2,-15.054167,16.2,5,77,0,?,?,?,?,?,4.347826,23,100,5,6936,?,?,cluster4
265,5acbdcd55ea83273956758ecbf5088ad,19,1,0,1,-4.383333,12.5,2,6,1,0.005471,0.001556,0.010941,0,0,26.076923,13,339,2,132,2,2,cluster3
266,5b0a0ad31daa3a1a928ae28ebfa150a1,143,?,0,1,?,13,1,94,1,?,?,?,?,?,7.82716,567,4438,1,13483,?,?,cluster6
267,5b1160c8fe94300988484d1528fd10bc,12,1,0,1,13.633333,12.5,2,5,1,0.001957,0.001957,0.003914,0,0,33,2,66,2,67,2,2,cluster3
268,5b1ad193288437988d50ffe9a1214d68,796,1,0,1,?,12,1,1,1,0.081145,0,0.081145,0,0,0.40708,339,138,1,865,1,1,cluster3
269,5b6e8a0f9eec34c4b5b318a0dd0b912d,2796,?,0,1,?,18,1,5,0,?,?,?,?,?,0.482629,4001,1931,1,15703,?,?,cluster6
270,5c12568f7a643bfbb85a0376ad6dd1c6,19,1,0,1,19.75,12.5,2,8,1,0.001957,0.001957,0.003914,0,0,0,2,0,2,169,2,2,cluster3
271,5c502314904433ffa9dff492a2c6b21a,1393,?,0,0,?,10,1,9,0,?,?,?,?,?,1.385965,342,474,1,12551,?,?,cluster6
272,5c5a4925c163339ba7e756d6fffae3cd,62,1,0,1,?,12,1,12,1,0,0,0,0,0,0.497585,207,103,1,756,1,1,cluster3
273,5c6301eb52a13a1d88ef973c174ee306,3040,?,0,0,?,18,1,155,1,?,?,?,?,?,0.833571,132723,110634,1,473883,?,?,cluster2
274,5cbe2faaa0ae3d76ab13b220f6ec8a70,2402,?,0,1,?,14,1,3,0,?,?,?,?,?,0.850529,756,643,1,8542,?,?,cluster6
275,5cd0eeca85b339f09717d36721079216,17,1,0,1,6.216667,12.5,2,4,1,0.005471,0.001556,0.010941,0,0,0,5,0,2,79,2,2,cluster3
276,5d3a47553f2b38cbb6e16246299423df,396,?,0,1,?,18,1,15,1,?,?,?,?,?,0.859649,57,49,1,6230,?,?,cluster6
277,5e1492cbf2f53b7ea77489fb91789e25,11,1,0,1,?,10,1,1,1,0,0,0,0,0,9.818182,11,108,1,12,1,1,cluster3
278,5e3cf5bb8af2353a8e82d6dfb50a4251,12,?,0,1,?,10,1,14,1,0.003557,0,0.003557,0,0,151.5,2,303,1,175,1,1,cluster3
279,5ed2bb5c9cc63851967fbd2a37bfbf42,19,1,0,1,26.566667,12.5,2,2,1,0.005471,0.001556,0.010941,0,0,0,7,0,2,52,2,2,cluster3
280,5f12efd1dafe3d2c9c551006050fedff,1062,?,0,1,?,24,1,6,2,?,?,?,?,?,3.864407,118,456,1,6855,?,?,cluster6
281,5fb7f5d69cdb38198482ccfce4d1f0f1,12,?,0,1,?,10,1,12,1,0.001238,0,0.001238,0,0,104.333333,3,313,1,145,1,1,cluster3
282,6055fa75c0353dee9053ff65ea57b7eb,1461,?,0,1,?,14,1,0,0,?,?,?,?,?,7.787879,33,257,1,110,?,?,cluster6
283,60640924f35b3240b5c1b2dd32ca93ba,1630,?,0,2,?,16,1,67,0,0,0,0,0,0,1.038276,26570,27587,1,110366,1,1,cluster2
284,608a4308720e3d5f84ef73ec4dde6766,239,?,0,1,?,16,1,58,0,0,0,0,0,0,2.371773,581,1378,1,14077,1,1,cluster2
285,6109fd5430863e61ac556b42f5814b3d,11,1,0,1,?,10,1,1,1,0,0,0,0,0,7.8,15,117,1,12,1,1,cluster3
286,6110a6b55cf43c16883d4a48324b75f8,12,?,0,1,?,10,1,0,1,0.007433,0,0.007433,0,0,0,0,0,1,9,1,1,cluster3
287,6119097c240d3803b5309d4ca50ee196,19,1,0,1,129.966667,12.5,1,4,1,0.000619,0.000619,0.001238,0,0,44.25,8,354,2,90,2,2,cluster3
288,61b85c7e0ae33bcb896ba25314888f00,1652,?,0,2,?,15,1,0,1,?,?,?,?,?,3.761905,21,79,1,1153,?,?,cluster6
289,61f354a4e0923271a9fd8c3cce6c55c9,2631,?,0,0,?,27,1,54,1,?,?,?,?,?,0.092197,5575,514,1,143282,?,?,cluster6
290,62f68e8b66673405a69ae43cc811b4f9,2567,?,0,0,?,22,1,5,1,?,?,?,?,?,0.859494,790,679,1,13097,?,?,cluster6
291,6343dc3298343d4780f6242dd553a2fd,1952,?,0,2,?,13,1,140,0,?,?,?,?,?,0.003816,128413,490,1,274842,?,?,cluster2
292,63c741f87a433806948088af0a708f80,897,1,0,1,?,7,1,1,1,0.252852,0,0.252852,1,90,8.272727,22,182,1,1010,1,1,cluster1
293,64910a4edb333cff89df7d5f459cd06c,808,?,0,0,?,17,1,40,1,0,0,0,0,0,1.213141,624,757,1,32972,1,1,cluster2
294,64ce778891ec34fc855f7118ab3e4dcb,93,?,0,2,?,17,1,113,0,?,?,?,?,?,0.8,25,20,1,10561,?,?,cluster6
295,64df4b3eb15a3df4ad82ed0c75f1f1c8,157,?,0,0.615385,4715.001389,12.846154,2.6,60,1.076923,0.000197,0.000556,0.00177,0,0,0.292906,874,256,13,9491,9,9,cluster4
296,65753ad879a035e5b4fa889ad728cfc5,19,1,0,1,21.366667,12.5,2,4,1,0.005471,0.001556,0.010941,0,0,35.555556,9,320,2,91,2,2,cluster3
297,65816803786d3c88aae077e57b91d233,2647,?,0,0,?,7,1,48,0,0.000002,0,0.000002,0,0,0.633972,7412,4699,1,128687,1,1,cluster2
298,65b882251259379892e95df14de326c6,1224,?,0,1,?,6,1,88,0,?,?,?,?,?,0.01626,123,2,1,108209,?,?,cluster6
299,6602634928be33f5b28b72b44c7e7ebd,3429,?,0,0,?,13,1,1,0,?,?,?,?,?,1.869301,329,615,1,3563,?,?,cluster6
300,6619080c62ff33fd98934f5a7a893999,746,1,0,1,?,7,1,1,1,0.025,0,0.025,0,0,14.952381,21,314,1,1131,1,1,cluster3
301,668544a0a6033eab98aad5552f5a0961,1939,?,0,1,0.591667,11.666667,3,1,1,?,?,?,?,?,2.141975,162,347,3,2093,?,?,cluster6
302,66dcfafaa6813184b6b60da525dde8f2,12,?,0,1,?,10,1,9,1,0.00619,0,0.00619,0,0,68.75,4,275,1,119,1,1,cluster3
303,6730438127483b3189504e43fc046c31,773,1,0,1,?,7,1,1,1,0.166763,0,0.166763,1,90,11.421053,19,217,1,1194,1,1,cluster1
304,673a35c785f933ac972d1f83a53d6a0c,19,1,0,1,-0.933333,12.5,2,2,1,0.005471,0.001556,0.010941,0,0,0,4,0,2,50,2,2,cluster3
305,67c2d01a20503eb68314fcab59d46058,1556,?,0,1,?,23,1,15,1,0.00026,0,0.00026,0,0,5.18624,843,4372,1,24630,1,1,cluster2
306,68471b2b000d319e91cf2d1891c3b190,19,1,0,1,188.066667,12.5,1,3,1,0.000619,0.000619,0.001238,0,0,59.2,5,296,2,74,2,2,cluster3
307,68c7ea91c6c33cc3b7b60146c4578501,11,1,0,1,?,10,1,2,1,0,0,0,0,0,101,1,101,1,28,1,1,cluster3
308,68e637fffec9343cbb56f9c9970e38f6,401,1,0,1,?,7,1,2,1,0.426704,0,0.426704,1,90,11.923077,26,310,1,1083,1,1,cluster1
309,695dc91c14d63de595c720b2d7b48b1c,12,?,0,1,?,10,1,3,1,0.001238,0,0.001238,0,0,48.5,2,97,1,37,1,1,cluster3
310,6abdd51ea8a731ffa18efcd3f50c1f4f,108,?,0,2,94.45,17.666667,3,79,0,?,?,?,?,?,2,20,40,3,8533,?,?,cluster6
311,6abf24d373f432d1bc6aaaa23c0d50b6,932,1,0,1,?,7,1,1,1,0.025,0,0.025,0,0,19.704545,44,867,1,1559,1,1,cluster3
312,6ac8c6a0d6d3361195f6b7fe9ae09bef,344,?,0,2,657.666667,17.5,2,46,0.25,0,0,0,0,0,2.02265,883,1786,4,16149,3,4,cluster4
313,6b632c49f7883fbe91355dfd250e8e42,988,?,0,0,?,10,1,36,0,?,?,?,?,?,0.56982,1332,759,1,36140,?,?,cluster6
314,6be46b64ef49358d855feb4ef6a7b800,861,1,0,1,?,7,1,2,1,0.025,0,0.025,0,0,8.234783,115,947,1,1974,1,1,cluster3
315,6be7d7a96bd43afabf40f041044fea9e,930,1,0,1,?,7,1,1,1,0,0,0,0,0,6.714286,21,141,1,1141,1,1,cluster3
316,6c952b965d7d375192e0107f62cb7f38,1891,1,0,1,?,12,1,0,1,0.081145,0,0.081145,0,0,0.137645,603,83,1,149,1,1,cluster3
317,6cffbba00f403e7bb67bbd5518e84789,19,1,0,1,-0.916667,12.5,2,5,1,0.005471,0.001556,0.010941,0,0,0,14,0,2,98,2,2,cluster3
318,6d2de0fccfe6318ca13a93f240f562b4,2347,?,0,1,26.383333,14,2,0,0,?,?,?,?,?,9.709091,55,534,2,539,?,?,cluster6
319,6d3e2566e14337daab4708c50cd511ec,12,?,0,1,?,10,1,10,1,0.007433,0,0.007433,0,0,99.333333,3,298,1,129,1,1,cluster3
320,6dd09457e90e375f88658de4de5a0656,19,1,0,1,33.183333,12.5,2,2,1,0.009862,0.009862,0.019723,1,191,79.25,4,317,2,43,2,2,cluster0
321,6ddaa631ccef3f128700e061445faa7e,11,?,0,1,?,10,1,1,1,0.000761,0,0.000761,0,0,0,0,0,1,16,1,1,cluster3
322,6e1793046dd535019228e0bc2a6cd211,2525,?,0,1,?,23,1,16,1,0.000967,0,0.000967,0,0,2.727156,777,2119,1,42556,1,1,cluster2
323,6fcf1eb4acaa36f093367e9528c2bf38,2554,?,0,0.5,644.5,5,2,3,0,0,0,0,0,0,0.088688,6957,617,2,9631,2,2,cluster5
324,70023ea7d9ce3f9e98526f54eca51ba1,3310,?,0,1,?,20,1,46,1,0.000319,0,0.000319,0,0,0.000126,7941,1,1,152863,1,1,cluster2
325,7020a82f11343f1e8f4e8baacf3b8a93,1308,?,0,1,?,23,1,27,1,0.00026,0,0.00026,0,0,6.328467,548,3468,1,35916,1,1,cluster2
326,70aff3c62e8f341e9ab7fecb75ba7068,179,?,0,2,13793.175,13,1.666667,196,0,0,0,0,0,0,0.39,100,39,5,35232,4,4,cluster4
327,70d025442d653ab0b7448deac9625dd4,18,1,0,1,?,10,1,3,1,0,0,0,0,0,0,1,0,1,59,1,1,cluster3
328,7123b05d627630efbe406565b4c65aeb,758,1,0,1,?,7,1,1,1,0.025,0,0.025,0,0,9.407407,27,254,1,1058,1,1,cluster3
329,7128687c11483811a9912dcdaa0bf192,873,1,0,1,?,7,1,1,1,0.166763,0,0.166763,1,90,6.2125,160,994,1,1493,1,1,cluster1
330,713491378db43cb2a12232c285d838ba,19,1,0,1,35.166667,12.5,2,9,1,0.005471,0.001556,0.010941,0,0,20.866667,15,313,2,179,2,2,cluster3
331,71755dd3cfc33264b9ad1ecfc41e23e6,2264,?,0,0,?,7,1,27,0,0.00003,0,0.00003,0,0,1.039715,6320,6571,1,61901,1,1,cluster2
332,7199b0930a3b3ed996d0b6303c3bfdd5,70,?,0,2,?,14,1,86,0,?,?,?,?,?,1.55,20,31,1,6049,?,?,cluster6
333,72810799338c3938a825202e118f2356,103,1,0,1,?,12,1,1,1,0.02152,0,0.02152,0,0,7.158273,139,995,1,114,1,1,cluster3
334,729d1b47821a351fbd4f7cbe619634c5,11,1,0,1,?,10,1,1,1,0,0,0,0,0,0,0,99,1,12,1,1,cluster3
335,72c0b66820993bfda0197919aaafcb9d,12,1,0,1,3.216667,12.5,2,2,1,0.005471,0.001556,0.010941,0,0,0,0,90,2,31,2,2,cluster3
336,72d1b1843fa635b9893f1cc6697eb868,106,?,0,2,?,14,1,106,0,?,?,?,?,?,2.105263,19,40,1,11337,?,?,cluster6
337,737e6fa396c63e6f8d35521cdf1944ec,2650,?,0,1,?,12,1,12,1,?,?,?,?,?,3.47037,270,937,1,33055,?,?,cluster6
338,73ee766f592b3f56b2e2c5bcd873051f,283,?,0,0,?,5,1,25,1,?,?,?,?,?,1.356364,275,373,1,7205,?,?,cluster6
339,741b5dd59d553b93a757a2bdd92ee7dc,78,?,0,1,?,15,1,13,0,0,0,0,0,0,1.089678,3691,4022,1,1090,1,1,cluster2
340,741f6831c43b3e68ba07b25c1d4f9864,133,?,0,0,?,24,1,452,1,?,?,?,?,?,0.006006,1665,10,1,60149,?,?,cluster6
341,747fe9fb0b22398195a8370266ccc9dd,3365,?,0,0,?,23,1,2,1,?,?,?,?,?,0.415603,705,293,1,9184,?,?,cluster6
342,749ac075e94a3530a7524d3429828a4b,1797,?,0,1,?,13,1,6,1,0.000002,0,0.000002,0,0,0.203869,4601,938,1,11056,1,1,cluster2
343,74aff59b251e3f9ebb3d034dd9255785,11,?,0,1,?,10,1,7,1,0.003883,0,0.003883,1,191,0,0,302,1,87,1,1,cluster0
344,74eb6d8691e63428a96980f8d7fc5396,1953,?,0,1,?,21,1,4,2,?,?,?,?,?,1.952941,255,498,1,7843,?,?,cluster6
345,751b1b7aeafa3426868351a93b3d2bbc,19,1,0,1,-1.683333,12.5,2,5,1,0.005471,0.001556,0.010941,0,0,0,5,0,2,103,2,2,cluster3
346,754d76915a223b73b971967e88216753,12,?,0,1,?,10,1,6,1,0.003175,0,0.003175,0,0,145,2,290,1,74,1,1,cluster3
347,7558d6173eaf3006b06ddeea581adabb,1678,?,0,1,?,14,1,110,0,0,0,0,0,0,0.170877,12787,2185,1,186031,1,1,cluster2
348,75686873db1032159bd6406d901e202f,999,?,0,0,?,20,1,1,4,?,?,?,?,?,3.045455,22,67,1,1164,?,?,cluster6
349,75b650a78d4a39c6984083becaad4096,19,1,0,1,22.95,12.5,2,5,1,0.009862,0.009862,0.019723,1,191,75,4,300,2,95,2,2,cluster0
350,75e0c6794f323037905492870f8531a7,2639,?,0,2,?,15,1,57,1,0,0,0,0,0,0.04403,1136438,50037,1,152778,1,1,cluster2
351,75eda0c81fa23e3bbab09c41748794f4,11,1,0,1,?,10,1,2,1,0,0,0,0,0,13,7,91,1,29,1,1,cluster3
352,76e40fa628bc353ab2c11d0ba44501e2,2615,?,0,0,?,22,1,1,0,?,?,?,?,?,3.896104,77,300,1,4425,?,?,cluster6
353,770288a77ad13dfd8c9268e3f788f5b2,12,?,0,1,?,10,1,8,1,0.003175,0,0.003175,0,0,105.666667,3,317,1,103,1,1,cluster3
354,7708aae5982d37a89e74bbf81cb96753,381,1,0,1,?,7,1,2,1,0.025,0,0.025,0,0,8.892857,28,249,1,1106,1,1,cluster3
355,776efc10f620321f82170ccf00081369,11,1,0,1,?,10,1,2,1,0,0,0,0,0,36,3,108,1,30,1,1,cluster3
356,7774def049d532bda7e66f78dd616d8a,767,?,0,0,-2.35,23.5,2,10,1,?,?,?,?,?,2.040816,196,400,2,8023,?,?,cluster6
357,778cb38b590c37f28a6d4e7a90a4be26,20,1,0,1,41.416667,12.5,2,8,1,0.009862,0.009862,0.019723,1,191,63.4,5,317,2,163,2,2,cluster0
358,77aa8afe0219318cac1dcf6a74746884,174,?,0,2,52370.833333,17,1,210,0,0,0,0,0,0,0.333333,120,40,2,36654,1,1,cluster4
359,782a577a03933f3fa3ee4a39f9036976,108,?,0,2,?,15,1,86,0,?,?,?,?,?,1.904762,21,40,1,9347,?,?,cluster6
360,79984dec1cea33b7aaa7f8035a6bedc9,18,1,0,1,5.1,12.5,2,4,1,0.005471,0.001556,0.010941,0,0,60,5,300,2,84,2,2,cluster3
361,7a2918e08c0b3c22b5c04aab58c04028,2087,?,0,0,?,9,1,0,0,?,?,?,?,?,1.508048,994,1499,1,731,?,?,cluster6
362,7a6d9e1e65a0318e981ac3d4b3681d3c,2270,?,0,0,18616.077778,0,2,236,0,0,0,0,0,0,0.786047,645,507,4,536419,1,1,cluster5
363,7a7b501864593697932ec23ca5cd55ca,63,?,0,2,?,20,1,2,0,?,?,?,?,?,4.214286,14,59,1,169,?,?,cluster6
364,7a919cc8fdc3368dbfd77c9df806c74d,440,?,0,0,?,5,1,67,1,0,0,0,0,0,0.481739,1150,554,1,29753,1,1,cluster2
365,7a9e6207831235428d750f7e45091d03,2786,?,0,1,?,16,1,18,0,?,?,?,?,?,0.872685,7399,6457,1,51095,?,?,cluster6
366,7aedcef582a63a6c84901a7a20ffdfd4,830,1,0,1,?,7,1,1,1,0.025,0,0.025,0,0,8.15625,32,261,1,1034,1,1,cluster3
367,7b7978e399c831b49f83e394b9c67608,2006,?,0,2,486.311111,16.5,2,12,0,0,0,0,0,0,0.000838,585036,490,4,24365,1,4,cluster2
368,7b7affa9c2293657bf9301bb6a9ad115,1424,?,0,0,?,20,1,21,3,?,?,?,?,?,0.00748,47596,356,1,30535,?,?,cluster6
369,7c06cec5d1393b539417bef1e6b9beda,1149,?,0,1,?,19,1,0,1,?,?,?,?,?,0.6,65,39,1,6,?,?,cluster6
370,7c08f6e6606d36a19c018b0136dd05b6,2713,?,0,1,?,15,1,7,1,?,?,?,?,?,0.953086,405,386,1,21469,?,?,cluster6
371,7c49a90c242537bca2ed15492960e0e3,1206,?,0,1,1500.308333,10,1,82,0,0,0,0,0,0,2.846636,1754,4993,3,99180,1,3,cluster2
372,7c6f641fa95c3ef6942753fb3e568349,18,1,0,1,19.616667,12.5,2,6,1,0.001957,0.001957,0.003914,0,0,0,4,0,2,109,2,2,cluster3
373,7deafe7ff3f23693bdb009399e2805ad,208,?,0,2,?,18,1,152,0,0,0,0,0,0,1.941176,680,1320,1,31736,1,1,cluster2
374,7e71bf7f9dbd38269d23b87cbca3e742,19,1,0,1,16.6,12.5,2,5,1,0.001957,0.001957,0.003914,0,0,37.875,8,303,2,108,2,2,cluster3
375,7e7ef15a3d0f333882a5ba3229ebdbf7,1107,?,0,1,?,23,1,45,1,0.000712,0,0.000712,0,0,1.570227,3090,4852,1,50801,1,1,cluster2
376,7f2fc4c7eaf83d1fa6d07091405c7161,1356,?,0,1,?,23,1,90,1,0,0,0,0,0,4.058533,1213,4923,1,123229,1,1,cluster2
377,7f8081cd6a4b34c5be06077e13329669,1523,?,0,0,?,24,1,0,1,?,?,?,?,?,2.365385,52,123,1,762,?,?,cluster6
378,7ff9e2b3d2813e888c07251353137e1a,11,1,0,1,?,10,1,2,1,0,0,0,0,0,0,0,87,1,24,1,1,cluster3
379,807e2e35e5f33f91a966a895f75d398e,2815,?,0,1,?,18,1,0,2,?,?,?,?,?,0.511013,227,116,1,1591,?,?,cluster6
380,80b41ed6d9173289a5f27e7556200ffc,245,?,0,1.846154,4668.066667,17.384615,3.25,245,0,0,0,0,0,0,0.533333,75,40,13,60202,11,11,cluster4
381,813f1efc76733ea7bad748c6bd65aa4d,474,?,0,2,?,14,1,1,2,0,0,0,0,0,1.515873,126,191,1,802,1,1,cluster2
382,81513dd314a73f719daa6d441e2752ca,1944,?,0,0,?,18,1,0,1,?,?,?,?,?,1.740741,243,423,1,1651,?,?,cluster6
383,81b03532308d329b9ad8281068183e31,19,1,0,1,34.1,12.5,2,5,1,0.013375,0.006348,0.02675,1,191,45,7,315,2,109,2,2,cluster0
384,821a16e8f48830678636efea62a56261,1703,?,0,0,?,3,1,40,1,?,?,?,?,?,0.295082,976,288,1,69073,?,?,cluster6
385,827bf7d91e6539e6821bd43d67f62cbd,12,1,0,1,64.883333,12.5,2,1,1,0.005101,0.001926,0.010202,0,0,55,2,110,2,21,2,2,cluster3
386,828680cd12763df788e623143fe1cc95,2901,?,0,1,?,24,1,17,1,0,0,0,0,0,0.320953,3231,1037,1,51906,1,1,cluster2
387,83547e0a7c3d3f96bf91450b3df83a3e,211,1,0,1,?,7,1,4,1,0.426704,0,0.426704,1,90,12.4375,32,398,1,981,1,1,cluster1
388,83787c546948322aa84241e9a4217f6c,11,1,0,1,?,10,1,2,1,0,0,0,0,0,0,0,0,1,30,1,1,cluster3
389,84123f3a94fc3a04bcf9f6c141ec6458,3000,?,0,1,?,13,1,3,1,0.000002,0,0.000002,0,0,0.031393,13315,418,1,9916,1,1,cluster2
390,844fb8a1ee89306a9ea57a4aabf97a08,19,1,0,1,22.383333,12.5,2,4,1,0.005471,0.001556,0.010941,0,0,112.666667,3,338,2,78,2,2,cluster3
391,8461e3c3e5e137c6b53734342f5d9f13,12,?,0,1,9.516667,12.5,2,11,1,0.031372,0.011649,0.062743,2,195,81.5,4,326,2,136,2,2,cluster0
392,84c52bb5fddc3e3eadd9db2841412469,1748,?,0,0,?,19,1,10,0,?,?,?,?,?,0.597924,1445,864,1,18948,?,?,cluster6
393,852facac8fd93721989eb2a4ee56bd77,2247,1,0,1,?,12,1,0,1,0.081145,0,0.081145,0,0,0.659869,1373,906,1,128,1,1,cluster2
394,8531f30bdb6d3bce98613f025209fda1,366,1,0,1,?,7,1,3,1,0.252852,0,0.252852,1,90,7.533333,60,452,1,1154,1,1,cluster1
395,8541fce004cc313b83609686dba4ccfc,707,1,0,1,?,7,1,1,1,0.252852,0,0.252852,1,90,10.125,24,243,1,1144,1,1,cluster1
396,857e9d320711342d98223faaa3f17715,12,?,0,1,?,10,1,10,1,0.003175,0,0.003175,0,0,83,4,332,1,126,1,1,cluster3
397,85b340dba7f13401b92a3bc57b477aba,1419,?,0,0,?,22,1,0,0,?,?,?,?,?,1.119898,392,439,1,500,?,?,cluster6
398,8632f00088dd3e80a585e874a7779838,2608,?,0,2,?,15,1,4,1,?,?,?,?,?,0.194662,10192,1984,1,10756,?,?,cluster6
399,86b295178830303ea2c556fe010de97a,1472,?,0,2,?,19,1,1,1,0,0,0,0,0,1.127517,149,168,1,2243,1,1,cluster2
400,8735b441c4ce3abf9d6934ef6fb562e3,12,1,0,1,?,7,1,20,1,0.025,0,0.025,0,0,186,1,186,1,244,1,1,cluster3
401,879f2bb278e1347ca6412604e37934a3,961,?,0,0,?,11,1,274,2,?,?,?,?,?,0.040599,7414,301,1,263948,?,?,cluster6
402,8814f2e23b783323a819028c3acb7173,128,?,0,1,226.518139,16.116,50,23,0,0,0,0,0,0,0,5,0,250,3061,242,242,cluster4
403,884e789428f935f5aa37a3cd6022739c,1767,1,0,1,?,12,1,2,1,0.081145,0,0.081145,0,0,1.125364,686,772,1,5118,1,1,cluster3
404,88977a5c35b737c08baf5092749c588b,19,1,0,1,3.683333,12.5,2,3,1,0.005471,0.001556,0.010941,0,0,0,3,0,2,62,2,2,cluster3
405,88def6dde26f3325a028e45f106fb334,45,?,0,0,?,19,1,?,0,?,?,?,?,?,0.339623,53,18,1,0,?,?,cluster6
406,8916d161f0f235eba4a7033b58c317b6,1705,?,0,0,?,16,1,31,0,?,?,?,?,?,1.166142,1589,1853,1,54192,?,?,cluster6
407,89561af9643f3008911df663f6616d6b,2516,?,0,2,?,15,1,3,1,?,?,?,?,?,0.754997,3102,2342,1,7765,?,?,cluster6
408,8a601303eede3354b033912874cef9bc,1903,?,0,2,?,16,1,0,0,0.000015,0,0.000015,0,0,1.338742,493,660,1,813,1,1,cluster2
409,8a8a0724dd253a9391a1f8bd5ecf80fe,196,?,0,0,?,5,1,4,0,?,?,?,?,?,2,11,22,1,826,?,?,cluster6
410,8ab7cc9fd955368b9d11c2fc2be04287,864,?,0,0,?,4,1,4,0,?,?,?,?,?,0.506329,474,240,1,3797,?,?,cluster6
411,8ad93d7880203199894febd56a34ccc4,343,1,0,1,?,7,1,3,1,0.025,0,0.025,0,0,19.814815,27,535,1,1287,1,1,cluster3
412,8b194b81bda937e8aa60973c41d444f5,11,?,0,1,?,10,1,6,1,0.001821,0,0.001821,1,191,149,2,298,1,68,1,1,cluster0
413,8b4ffd6150f13d009e60a985610cba0c,1094,1,0,1,?,12,1,1,1,0.081145,0,0.081145,0,0,2.601573,763,1985,1,1802,1,1,cluster3
414,8cd1b56a479d359e814c5e7374a0fdb3,2396,?,0,1,?,11,1,2,0,?,?,?,?,?,0.163051,1521,248,1,4857,?,?,cluster6
415,8d364751d4303531a88d5345a35aee4e,366,1,0,1,?,7,1,3,1,0.426704,0,0.426704,1,90,13.947368,38,530,1,1265,1,1,cluster1
416,8d7533dfcbe1313c9a6761fffacfd590,19,1,0,1,-1.883333,12.5,2,5,1,0.005471,0.001556,0.010941,0,0,49.428571,7,346,2,103,2,2,cluster3
417,8d8c638dbd0939fb88802df8116d030a,2701,?,0,1,2075.3,18,1,15,0,0.00125,0.00125,0.0025,0,0,0.00135,130386,176,2,42407,2,2,cluster2
418,8e70bf19c7223a54a66b6a0497e004d0,1836,?,0,0,?,26,1,20,0,?,?,?,?,?,0.803957,556,447,1,38506,?,?,cluster6
419,9032bd48b5d73c8b852c3fda17709726,19,1,0,1,46.116667,12.5,2,6,1,0.013375,0.006348,0.02675,1,191,0,18,0,2,118,2,2,cluster0
420,90cb8f4cfdc73f0cbe9d65c26b935e6e,1804,?,0,0,?,16,1,26,1,?,?,?,?,?,0.168403,5374,905,1,47731,?,?,cluster6
421,911299f3b043383ca775662f72441c65,2139,?,0,1,?,18,1,34,0,0,0,0,0,0,0.792593,135,107,1,74118,1,1,cluster2
422,925e370887573b20acd4d3850797fef6,2113,?,0,0,?,1,1,5,0,?,?,?,?,?,0.818008,522,427,1,11246,?,?,cluster6
423,928d67f50c573b01ad5c37c956190a1e,17,1,0,1,16.333333,12.5,2,6,1,0.013375,0.006348,0.02675,1,191,52.333333,6,314,2,107,2,2,cluster0
424,9302e48daf2032b2a1219d7d93fc408e,1959,?,0,0,?,12,1,18,1,?,?,?,?,?,0.111765,4930,551,1,36713,?,?,cluster6
425,9436c601c72a3a6ca8648b632fdebd73,19,1,0,1,1.266667,12.5,2,8,1,0.005471,0.001556,0.010941,0,0,45.285714,7,317,2,160,2,2,cluster3
426,943cc94539c73346abe525f981a8ef02,12,?,0,1,?,10,1,1,1,0.004293,0,0.004293,0,0,0,0,0,1,20,1,1,cluster3
427,946963b2340937f1a0901f8542c53ab0,11,1,0,1,?,10,1,1,1,0,0,0,0,0,20.4,5,102,1,16,1,1,cluster3
428,94bc596e1528316fb2f96f7748ead6aa,346,1,0,1,?,7,1,3,1,0.025,0,0.025,0,0,13.172414,58,764,1,1230,1,1,cluster3
429,955adb1baaf2347f89001e5615ea9cc3,11,1,0,1,?,10,1,2,1,0,0,0,0,0,0,0,83,1,25,1,1,cluster3
430,9576e1dbc6263fc5ab78107518a264cd,11,?,0,1,?,10,1,5,1,0.000761,0,0.000761,0,0,73.75,4,295,1,56,1,1,cluster3
431,958e1832031e3b85b02633dcf6c3b62c,2661,?,0,0,?,14,1,80,1,?,?,?,?,?,0.54955,999,549,1,214293,?,?,cluster6
432,9731947a99aa32229d784d73366f6676,20,1,0,1,44.6,12.5,2,5,1,0.009862,0.009862,0.019723,1,191,0,8,0,2,115,2,2,cluster0
433,978d374d04e638f4b00ec74384d8990b,269,1,0,1,?,12,1,1,1,0.081145,0,0.081145,0,0,0.424176,455,193,1,466,1,1,cluster3
434,97ce36370bde3b948df3deba2be89761,20,1,0,1,2.15,12.5,2,9,1,0.005471,0.001556,0.010941,0,0,33.545455,11,369,2,182,2,2,cluster3
435,98e7f90444c838cebd4e5fcf9a24d1d7,1441,?,0,1,?,11,1,5,1,?,?,?,?,?,0.039308,636,25,1,7935,?,?,cluster6
436,990023259eb3335194b9649b3f751526,1840,?,0,0,?,14,1,20,0,?,?,?,?,?,0.405575,10511,4263,1,38569,?,?,cluster6
437,995afba5736835ea97ef0b88320dd0ed,1467,?,0,0,?,12,1,5,0,?,?,?,?,?,0.361921,583,211,1,7476,?,?,cluster6
438,996a33c9ba753a7595870959b8c3fec1,19,1,0,1,67.683333,12.5,2,4,1,0.005101,0.001926,0.010202,0,0,48.571429,7,340,2,90,2,2,cluster3
439,996d85ecd5013c6dbcee2e1fd39c70f1,19,1,0,1,0.216667,12.5,2,3,1,0.001957,0.001957,0.003914,0,0,0,15,0,2,73,2,2,cluster3
440,9ad3cca7e6ca3a9584d86c1e38ab0a8e,3067,?,0,1,3521.247917,20.117647,3.4,102,0,0,0,0,0,0,1.057359,92086,97368,17,315879,14,14,cluster5
441,9af2a30516ac3810af9db6cf0b08d920,2946,?,0,2,?,15,1,1,1,?,?,?,?,?,0.381443,776,296,1,4646,?,?,cluster6
442,9b19ea2fa04b3301b2468f963e995abf,11,1,0,1,?,10,1,2,1,0,0,0,0,0,41,3,123,1,28,1,1,cluster3
443,9b956a17704538c1b26069ab3529f10d,1652,?,0,1,?,23,1,8,1,0.000712,0,0.000712,0,0,6.339921,506,3208,1,14680,1,1,cluster2
444,9be575f27e9c3cf99452bac602d3a5ed,2818,?,0,1,?,18,1,3,1,?,?,?,?,?,1.370079,889,1218,1,10479,?,?,cluster6
445,9cd2228b891734d793233e5c33ee4c4a,73,?,0,1,?,13,1,233,1,0,0,0,0,0,1.271479,3934,5002,1,17071,1,1,cluster2
446,9d0e80f9a0673a329b3261d8325d110a,180,1,0,1,?,12,1,3,1,0.081145,0,0.081145,0,0,1.184783,276,327,1,657,1,1,cluster3
447,9d41823af73e32949d2806ea9c2db55e,375,1,0,1,?,7,1,3,1,0.252852,0,0.252852,1,90,10.816327,49,530,1,1143,1,1,cluster1
448,9d5bf717e8da3dd499ef8d189f7756ed,375,1,0,1,?,7,1,6,1,0.166763,0,0.166763,1,90,13.186047,43,567,1,2295,1,1,cluster1
449,9d8b67917c7034de809fbfc1582f2f8c,422,?,0,0,2.108333,21,3,15,2,?,?,?,?,?,1.571475,3085,4848,3,6601,?,?,cluster6
450,9dfe3d55395532aebd28aab92f1e0b7d,510,1,0,1,?,7,1,2,1,0,0,0,0,0,11.5,22,253,1,1205,1,1,cluster3
451,9e5d93867adb300f9df60dc04649cf88,1503,?,0,1,54702.966667,22,1,14,2,0,0,0,0,0,0.001109,902,1,2,22151,1,1,cluster4
452,9e7afc91417f34d0a6c320ec010686d5,126,?,0,0,?,23,1,0,1,?,?,?,?,?,3.928571,28,110,1,30,?,?,cluster6
453,9ed99548c1f7301b8594036edf189843,929,1,0,1,?,7,1,1,1,0,0,0,0,0,8.130435,23,187,1,1184,1,1,cluster3
454,9f15b579c67f320aa0115070e104512b,2419,?,0,1,?,23,1,2,1,?,?,?,?,?,1.141337,1974,2253,1,6122,?,?,cluster6
455,9fe37f4629ad383cbe6bd9a175b9244c,168,1,0,1,?,12,1,3,1,0.081145,0,0.081145,0,0,0.897727,176,158,1,564,1,1,cluster3
456,a14c0606ee0a3ae491666cbe8507c023,20,1,0,1,27.416667,12.5,2,4,1,0.009862,0.009862,0.019723,1,191,0,3,0,2,85,2,2,cluster0
457,a20b12975029347eba851383530aa773,286,?,0,1,-0.133333,13,2,10,1,?,?,?,?,?,1.222222,117,143,2,2879,?,?,cluster6
458,a2152976aa2d3037995f8fcdd37ede11,184,?,0,2,?,12,1,212,0,?,?,?,?,?,0.735849,53,39,1,39074,?,?,cluster6
459,a254708cc30238d8959d2b6cce121bc2,12,?,0,1,?,10,1,4,1,0.003914,0,0.003914,0,0,101.333333,3,304,1,53,1,1,cluster3
460,a2c4e025e86330f386f5cfb74d46be35,2282,?,0,0,?,12,1,5,0,?,?,?,?,?,1.771898,548,971,1,11886,?,?,cluster6
461,a301d831b0643663b78adbb78ea5e4c7,11,?,0,1,?,10,1,5,1,0.003883,0,0.003883,1,191,60,5,300,1,63,1,1,cluster0
462,a3b52da07d17323e857c62768ae782bf,766,?,0,0,?,0,1,6,0,?,?,?,?,?,0.136986,292,40,1,4652,?,?,cluster6
463,a3df2679c3353ffcb01c7cefcbed7f40,1699,?,0,1,?,23,1,33,1,0.000712,0,0.000712,0,0,1.666425,1379,2298,1,56178,1,1,cluster2
464,a480953a61ea3d528f8d52baf5be6351,1756,?,0,0,?,17,1,18,1,?,?,?,?,?,0.880923,2427,2138,1,32980,?,?,cluster6
465,a4d062feab7930b1b17ebbf81e0fce7d,1579,1,0,1,?,12,1,0,1,0.02152,0,0.02152,0,0,1.290822,839,1083,1,1037,1,1,cluster3
466,a4e2523d49873cc69ad105b292b911d0,174,1,0,1,?,12,1,2,1,0.081145,0,0.081145,0,0,2.776316,152,422,1,418,1,1,cluster3
467,a520860d50e13eb6be6a30042a026654,18,1,0,1,41.7,12.5,2,7,1,0.009862,0.009862,0.019723,1,191,10.942857,35,383,2,129,2,2,cluster0
468,a561b6f45f1338f5aef9aceae0fb4776,866,1,0,1,?,7,1,1,1,0.025,0,0.025,0,0,5.309524,42,223,1,1521,1,1,cluster3
469,a56beb8456ed3f3899e5636ab99a5f18,20,1,0,1,-6.266667,12.5,2,5,1,0.013375,0.006348,0.02675,1,191,0,6,0,2,113,2,2,cluster0
470,a5aa75a9379d320d8e0e11481522bd42,1729,?,0,0,?,25,1,8,0,?,?,?,?,?,0.936572,741,694,1,14025,?,?,cluster6
471,a684fbc5cf953ca980c955f768e432e8,2759,?,0,1,-2.666667,10,2,0,1,?,?,?,?,?,0.081967,61,5,2,155,?,?,cluster6
472,a727d334d6d738f5b101e58c906d281c,752,1,0,1,?,7,1,1,1,0.166763,0,0.166763,1,90,12.736842,19,242,1,1125,1,1,cluster1
473,a73ef2925efe37218a25bb344d587bc8,436,1,0,1,?,7,1,2,1,0,0,0,0,0,24.388889,36,878,1,1282,1,1,cluster3
474,a7405fd7d82336438e5fedeca30e84eb,19,1,0,1,-9.2,12.5,2,6,1,0.013375,0.006348,0.02675,1,191,35.5,8,284,2,126,2,2,cluster0
475,a75df22b2734307f80fae86bd0e563b2,1500,?,0,0,?,6,1,17,0,?,?,?,?,?,0.753644,686,517,1,26728,?,?,cluster6
476,a774f91a51bc32fba2e1a4a252adbb34,83,?,0,2,?,12,1,118,0,?,?,?,?,?,3.1,10,31,1,9806,?,?,cluster6
477,a782ce45779a3c858836e028f8f79fe5,11,1,0,1,?,10,1,1,1,0,0,0,0,0,85,1,85,1,12,1,1,cluster3
478,a7ca2d3397c23a408c4ebd2bb9c0baa5,11,1,0,1,?,10,1,1,1,0,0,0,0,0,0,0,6,1,12,1,1,cluster3
479,a7d16a454075350dbe45e603c057b8de,3233,?,0,0,?,14,1,31,1,?,?,?,?,?,0.168839,3453,583,1,102838,?,?,cluster6
480,a7faae7b59873eceadef895c42ac2c41,18,1,0,1,7.266667,12.5,2,4,1,0.005471,0.001556,0.010941,0,0,0,0,0,2,73,2,2,cluster3
481,a8e39cde6e0e3d48b59987c35f387f34,17,1,0,1,-9.966667,12.5,2,3,1,0.005471,0.001556,0.010941,0,0,0,9,0,2,59,2,2,cluster3
482,a9744567e2f33095aa022d793b957492,19,1,0,1,0.166667,12.5,2,2,1,0.005471,0.001556,0.010941,0,0,86.5,4,346,2,46,2,2,cluster3
483,a97465a70e0d3d2192abc1b2bd5d6080,19,1,0,1,-4.816667,12.5,2,5,1,0.005471,0.001556,0.010941,0,0,0,8,0,2,109,2,2,cluster3
484,a9782debf7d13b7ca5267376c4c3a17a,1226,?,0,1,?,9,1,153,0,?,?,?,?,?,0.006135,163,1,1,188496,?,?,cluster6
485,a9a342b1ad8535c2bc143f615f1647f8,988,?,0,0,?,22,1,62,1,?,?,?,?,?,0.120051,1566,188,1,62237,?,?,cluster6
486,aa17aaa315323047a60b2d0a9985beea,11,?,0,1,?,10,1,6,1,0.001505,0,0.001505,0,0,54.333333,6,326,1,68,1,1,cluster3
487,aad2b5c41e243bb3bd52f85fa9c775be,1352,?,0,1,?,24,1,18,2,?,?,?,?,?,1.968692,543,1069,1,24445,?,?,cluster6
488,ab5705ddb913355cb653a14468f76930,1317,?,0,1,?,19,1,20,0,0,0,0,0,0,0.534413,247,132,1,26683,1,1,cluster2
489,ab57832992ca38fbac61b18be6c3dc45,546,?,0,1,?,14,1,12,0,0,0,0,0,0,0.974227,194,189,1,7060,1,1,cluster3
490,ab6750be2dba32e2b7e753a9b15be17b,1599,?,0,0,?,0,1,184,0,?,?,?,?,?,0.848301,2973,2522,1,295447,?,?,cluster6
491,aba1f710443b3a5997244c7031a86359,645,1,0,1,?,7,1,1,1,0,0,0,0,0,9.222222,27,249,1,999,1,1,cluster3
492,aba3595718883567a63b7d391b69e623,12,?,0,1,?,10,1,7,1,0.003175,0,0.003175,0,0,94,3,282,1,90,1,1,cluster3
493,abb95c1f371d3c09bdc24699b723cadb,2040,?,0,0,?,12,1,13,0,?,?,?,?,?,0.212047,2042,433,1,27312,?,?,cluster6
494,ac0cab63df003bd1af7b722df5392bd0,19,1,0,1,19.15,12.5,2,6,1,0.013375,0.006348,0.02675,1,191,30,11,330,2,132,2,2,cluster0
495,acb9de5a408c35cf9bec7d429efc15c8,868,1,0,1,?,7,1,1,1,0.025,0,0.025,0,0,6.419355,31,199,1,1124,1,1,cluster3
496,ad89b8a3d8d3306b957bd24f01bf0122,11,?,0,1,?,10,1,10,1,0.00098,0,0.00098,0,0,318,1,318,1,113,1,1,cluster3
497,ae43afb78b75343f811b2d055ee00a89,12,?,0,1,?,10,1,1,1,0.005209,0,0.005209,0,0,1,1,1,1,19,1,1,cluster3
498,ae8421fb3d5e3f4e84b3103d84744646,2609,?,0,1,?,10,1,94,1,0,0,0,0,0,0.000174,1204408,209,1,246533,1,1,cluster2
499,aeb1140e603c38fc925210a9a3a968cc,758,1,0,1,?,7,1,1,1,0.252852,0,0.252852,1,90,7.64,25,191,1,1264,1,1,cluster1
500,af68dac205463d688e1ed0d9c8e64101,12,1,0,1,15.433333,12.5,2,7,1,0.013375,0.006348,0.02675,1,191,29.5,2,59,2,95,2,2,cluster0
501,af771280fbd7317da70a689c28875024,12,?,0,1,?,15,1,0,1,0.003689,0,0.003689,0,0,0,0,11,1,7,1,1,cluster3
502,afd046563e7835f9997cb0c373ee0430,1937,?,0,0,?,14,1,49,3,?,?,?,?,?,0.831077,51787,43039,1,95500,?,?,cluster2
503,b00ecd8d0ed033509008f218871f5175,1036,?,0,0,?,13,1,17,1,?,?,?,?,?,0.47286,5490,2596,1,17739,?,?,cluster6
504,b047ce1c67503c849902fba0994efe25,880,1,0,1,?,7,1,1,1,0.025,0,0.025,0,0,10.142857,28,284,1,1032,1,1,cluster3
505,b0e8ffc7bf0c39bca897b790d6cafed5,2554,?,0,0,?,21,1,2,1,?,?,?,?,?,1.370213,235,322,1,7225,?,?,cluster6
506,b0f7b162a799377aa3755e7b1fe9c6fb,969,?,0,1,?,18,1,6,0,0,0,0,0,0,1.654321,567,938,1,6000,1,1,cluster3
507,b14e76bbe3503ea98466fd7fd4c01a8c,1202,?,0,1,?,17,1,0,0,0,0,0,0,0,1.478528,163,241,1,653,1,1,cluster3
508,b14f653450a931508f26871b967900e0,1216,?,0,2,?,13,1,1,0,?,?,?,?,?,0,33,0,1,2103,?,?,cluster6
509,b18afb2aa09e3ce6bf37de78499b659d,89,?,0,2,35.891667,16.8,5,122,0,?,?,?,?,?,1.904762,21,40,5,10872,?,?,cluster4
510,b1b90df45e023837b85302a77f9baddf,269,?,0,2,28079.258333,18,1,278,0,0,0,0,0,0,0.37037,108,40,3,74849,2,2,cluster4
511,b1c93d93855e37d3bf589e593c85bcc3,328,1,0,1,?,7,1,3,1,0.252852,0,0.252852,1,90,21.076923,13,274,1,1260,1,1,cluster1
512,b206235e0726364f85f343bebf4ddc11,179,?,0,2,?,15,1,199,0,?,?,?,?,?,0.392157,102,40,1,35679,?,?,cluster6
513,b249e5f1a2513eb9a725acd760862a64,1788,?,0,0,?,5,1,61,1,?,?,?,?,?,1.157143,1890,2187,1,109402,?,?,cluster6
514,b2d09e67119c39c8a253725f86f2c539,617,?,0,1,3963.029762,1,3.75,2583,0,0,0,0,0,0,0.2,1665,333,15,1593928,13,13,cluster5
515,b344e6c4a4bf35aba99a679c0d511092,1052,?,0,0,?,28,1,60,3,?,?,?,?,?,1.14028,3215,3666,1,63799,?,?,cluster6
516,b389e1ff47f73b6e948a92d7656c9e74,624,1,0,1,?,12,1,0,1,0.000268,0,0.000268,0,0,0.54878,410,225,1,149,1,1,cluster3
517,b54b587a1df83a798e8c56887bb9bc2f,18,1,0,1,3.583333,12.5,2,5,1,0.005471,0.001556,0.010941,0,0,107,3,321,2,100,2,2,cluster3
518,b567edcbd7703076975581b1f3e4b404,11,1,0,1,?,10,1,2,1,0,0,0,0,0,0,0,0,1,31,1,1,cluster3
519,b5e510de1b0b3242bb8704032667c761,11,1,0,1,?,10,1,4,1,0,0,0,0,0,0,0,301,1,49,1,1,cluster3
520,b6a53cf31ac83e17b874255ae9a2b21d,834,1,0,1,?,7,1,1,1,0.025,0,0.025,0,0,4.746667,150,712,1,1453,1,1,cluster3
521,b6bacd46963b37259c9b1501a6c6af8a,1691,?,0,0,?,4,1,7,0,?,?,?,?,?,0.971047,449,436,1,11977,?,?,cluster6
522,b6fd6eeaa0c63638ba65a95060f17e84,1796,?,0,1,?,27,1,9,0,?,?,?,?,?,2.380597,402,957,1,17089,?,?,cluster6
523,b9359efac5f43cfd8704927f90d724a9,50,?,0,0,?,2,1,16,1,?,?,?,?,?,4.884298,121,591,1,821,?,?,cluster6
524,ba390d4a60cf3082baa3a1bc6dfbf1d8,28,?,0,1,?,23,1,84,1,0.000046,0,0.000046,0,0,6.356643,143,909,1,2374,1,1,cluster3
525,ba412738858d328f85eae47de75fef7b,20,1,0,1,18.383333,12.5,2,9,1,0.013375,0.006348,0.02675,1,191,33.777778,9,304,2,181,2,2,cluster0
526,ba9b1594424d36beb89ebbee38b13aaf,432,?,0,2,777.976852,18.315068,14.6,1900,0,0.000023,0.000075,0.000627,0,0,0.070213,470,33,73,820957,27,65,cluster4
527,baf6c794f034330fbf8522e8fe39125c,19,1,0,1,-17.1,12.5,2,5,1,0.005471,0.001556,0.010941,0,0,0,4,0,2,113,2,2,cluster3
528,bb24aba2b7dd3aac80d29d33c108961a,17,1,0,1,0.183333,12.5,2,4,1,0.005471,0.001556,0.010941,0,0,312,1,312,2,70,2,2,cluster3
529,bb26a531099936b0855d1ba13d3d0c02,313,1,0,1,?,7,1,3,1,0.166763,0,0.166763,1,90,19.529412,34,664,1,1153,1,1,cluster1
530,bc1fbe802fa637fb80228be22f5dc451,2555,?,0,1,?,13,1,73,0,0,0,0,0,0,0.028827,327890,9452,1,187806,1,1,cluster2
531,bccf837d414e3218bc71740324abc570,723,?,0,2,?,12,1,4,0,?,?,?,?,?,0.132786,11206,1488,1,3375,?,?,cluster6
532,bd38483157ec31039ed10f08c19afc28,70,?,0,2,?,12,1,25,0,?,?,?,?,?,3.076923,13,40,1,1759,?,?,cluster6
533,bd446330600531269483fa7a3e992c02,61,?,0,2,?,8,1,103,0,?,?,?,?,?,1.052632,19,20,1,6301,?,?,cluster6
534,be01a0a1eafa3bc488a39e0a0495b884,1124,?,0,1,?,10,1,76,0,?,?,?,?,?,0.016475,8012,132,1,86010,?,?,cluster6
535,be0b876fec173f37b7d5cf9e4b4fe21e,83,?,0,1,?,6,1,51,0,0.000033,0,0.000033,0,0,11.933014,418,4988,1,4303,1,1,cluster3
536,be793bc69d4f3cfda6a673ba56ac32dc,322,?,0,1,?,9,1,20,1,?,?,?,?,?,1.062201,1045,1110,1,6675,?,?,cluster6
537,befac80cc5d13d4b9fe1b3cf6723cb57,18,1,0,1,18.3,12.5,2,6,1,0.005471,0.001556,0.010941,0,0,64.6,5,323,2,119,2,2,cluster3
538,bf5c89de454f322d86092ffd90a9e398,11,?,0,1,?,10,1,18,1,0.001219,0,0.001219,0,0,62,5,310,1,201,1,1,cluster3
539,bf760fc87b2f332386b0105ddf53ea77,2528,?,0,0,?,22,1,548,1,?,?,?,?,?,0.082189,189928,15610,1,1385465,?,?,cluster5
540,bfb2ca661bb4357db8c2045d60c234f5,19,1,0,1,-1.366667,12.5,2,4,1,0.005471,0.001556,0.010941,0,0,0,3,0,2,89,2,2,cluster3
541,bfbefcb2ea0838d3aa97c5dea405a891,11,1,0,1,?,10,1,1,1,0,0,0,0,0,0,0,0,1,21,1,1,cluster3
542,c025f60ee80f372585b4c6c4fe497717,808,1,0,1,?,7,1,1,1,0.252852,0,0.252852,1,90,7.535714,28,211,1,1144,1,1,cluster1
543,c0528e8b3cd1365c8e54624ff886aba0,786,1,0,1,?,7,1,1,1,0.025,0,0.025,0,0,8.826087,23,203,1,1077,1,1,cluster3
544,c0aef693e7ba3c839c9697c0af0e5481,1215,1,0,1,?,12,1,0,1,0.000977,0,0.000977,0,0,3.756098,246,924,1,1026,1,1,cluster3
545,c18a0a93e63a326796d5d3d1ed1df672,12,?,0,1,?,10,1,0,1,0.00619,0,0.00619,0,0,0,0,6,1,3,1,1,cluster3
546,c22bdb2e3871392fb90d343ca18fd14d,2656,?,0,1,?,9,1,8,0,0,0,0,0,0,0.005027,10544,53,1,22803,1,1,cluster2
547,c242226455913781a842a9d8485625e9,2717,?,0,0,?,9,1,1,0,0,0,0,0,0,0.933884,605,565,1,4875,1,1,cluster2
548,c29120fba4803222a3476e9323ca15e2,11,?,0,1,?,10,1,9,1,0.000761,0,0.000761,0,0,60,5,300,1,106,1,1,cluster3
549,c2da382f1d4636b2b5a584cff1e90e6d,244,?,0,2,25859.466667,19.333333,1.5,1263,0,0,0,0,0,0,0,302,0,3,308341,2,2,cluster4
550,c31cd7b4d8da3becb04b97630b5ad710,2730,?,0,1,?,6,1,86,0,?,?,?,?,?,3.159483,696,2199,1,235481,?,?,cluster6
551,c3ace75e6edb3324b73c6788ac3fde2a,1436,?,0,0,?,10,1,0,0,0,0,0,0,0,0.141543,7503,1062,1,705,1,1,cluster2
552,c3c569811905380f8980e378f987f0cb,19,1,0,1,9.6,12.5,2,5,1,0.005471,0.001556,0.010941,0,0,0,5,0,2,106,2,2,cluster3
553,c4778b446e7e3be2843eef7eed314bea,369,1,0,1,?,7,1,2,1,0.426704,0,0.426704,1,90,10.5,56,588,1,1047,1,1,cluster1
554,c47d1c91c4e83bc7bebb5bcb28c09628,927,1,0,1,?,7,1,1,1,0.025,0,0.025,0,0,7.478261,23,172,1,1146,1,1,cluster3
555,c4cccbb8e4ab3cabafc44e70023f160c,371,?,0,2,?,11,1,78,0,0,0,0,0,0,0.372177,1948,725,1,28985,1,1,cluster2
556,c518b9f84d233f40a2015003d5c1ac79,1622,?,0,1,?,10,1,5,0,?,?,?,?,?,1.549296,355,550,1,8292,?,?,cluster6
557,c56d36e170d63d53b8868010953e4fb0,2439,?,0,1,?,15,1,0,2,?,?,?,?,?,5.287097,310,1639,1,408,?,?,cluster6
558,c597bbcc32f73d19ae5a25b9541a285f,12,?,0,1,?,10,1,1,1,0.004837,0,0.004837,0,0,0,0,2,1,23,1,1,cluster3
559,c61b0564a4ad3d319ec1390c0167fc24,517,?,0,0,?,9,1,12,0,?,?,?,?,?,0.818182,66,54,1,6638,?,?,cluster6
560,c6f314a956c037d48d2aa9a1ac827318,391,1,0,1,?,7,1,3,1,0.025,0,0.025,0,0,11.891304,46,547,1,1411,1,1,cluster3
561,c6f626b6258a36839ecaee7ee8ac6827,1846,?,0,2,?,15,1,6,0,?,?,?,?,?,0.452055,73,33,1,12689,?,?,cluster6
562,c7bd78e8f9d3308382e2cbe822d62156,11,?,0,1,?,10,1,16,1,0.00098,0,0.00098,0,0,75.75,4,303,1,180,1,1,cluster3
563,c898bed1f06e399a8b9d635f3b115bd8,1500,?,0,2,?,13,1,136,0,?,?,?,?,?,0.834123,422,352,1,205416,?,?,cluster6
564,c8bffec4972f3de7877fd2afeab5a649,109,?,0,0,?,4,1,33,0,0,0,0,0,0,2.134,1000,2134,1,3664,1,1,cluster2
565,c8d8950ffae6379bb0692daa21f52e1e,1699,?,0,0,?,18,1,39,0,?,?,?,?,?,0.411437,717,295,1,67458,?,?,cluster6
566,c8e0c8ae3d8b3ca2b0372473d26feb01,376,1,0,1,?,7,1,3,1,0.166763,0,0.166763,1,90,12.924528,53,685,1,1433,1,1,cluster1
567,c8f8f448a4783ebd88da65b4a0aeb18d,794,1,0,1,?,7,1,1,1,0.166763,0,0.166763,1,90,11.708333,24,281,1,1106,1,1,cluster1
568,c923cf5553fc3be99933d505a791a053,109,?,0,2,?,16,1,99,0,?,?,?,?,?,1.25,16,20,1,10806,?,?,cluster6
569,c989c69e32e23d1f9866b1e78d374cd5,12,1,0,1,-3.216667,12.5,2,2,1,0.005471,0.001556,0.010941,0,0,0,0,115,2,25,2,2,cluster3
570,ca05bc9b13d630088073a9f889e8d250,2678,?,0,1,?,11,1,3,0,?,?,?,?,?,0.837754,6447,5401,1,9847,?,?,cluster6
571,ca33c0bf08883fe39a182b3e00a0bada,265,?,0,0,?,23,1,14,3,?,?,?,?,?,0.8125,32,26,1,3887,?,?,cluster6
572,ca3661503858361dbcd02cb9572e4c44,11,1,0,1,?,10,1,1,1,0,0,0,0,0,24.2,5,121,1,14,1,1,cluster3
573,caa9e0360cf53594adde1b72ab8b482c,1270,?,0,2,?,15,1,3,1,?,?,?,?,?,0.679245,265,180,1,4344,?,?,cluster6
574,caadc5af3962326e83251f9cad192bcf,2335,?,0,1,?,13,1,0,1,0.002569,0,0.002569,0,0,0.166805,1205,201,1,2272,1,1,cluster2
575,cae41da2c1c13266a06c16b9de7dd489,2364,?,0,0,?,14,1,0,0,?,?,?,?,?,1.497006,334,500,1,373,?,?,cluster6
576,cb22ee539c8c3181971f0f61be6e1a4b,2686,?,0,0,?,17,1,40,2,?,?,?,?,?,0.027248,876904,23894,1,109887,?,?,cluster2
577,cb946427f12437fbbd937019451d6804,959,?,0,0,?,22,1,17,0,?,?,?,?,?,0.436929,547,239,1,17122,?,?,cluster6
578,cba4e55015a135a1ac37ac8f044039cd,17,1,0,1,28.9,12.5,2,3,1,0.001957,0.001957,0.003914,0,0,0,2,0,2,58,2,2,cluster3
579,cc0ae0dca3b2304ea5fc0604418f5ecf,2555,?,0,1,?,13,1,9,1,?,?,?,?,?,1.211538,624,756,1,24690,?,?,cluster6
580,cc4519b522a73cf88a5979db91550c71,454,?,0,2,26835.1,16.666667,1,359,0,0,0,0,0,0,0.188679,212,40,3,163392,2,2,cluster4
581,cc55cb77209e3efa9e041130467cac6c,12,?,0,1,?,10,1,2,1,0.008115,0,0.008115,0,0,0,0,1,1,26,1,1,cluster3
582,cc7a5c65c06d3d8f980d3493d1705695,1693,?,0,0,?,21,1,1,1,?,?,?,?,?,2.198391,373,820,1,1727,?,?,cluster6
583,cd38fa004eaf375eb7b0dcd0073d643f,18,1,0,1,7.233333,12.5,2,7,1,0.001957,0.001957,0.003914,0,0,70.2,5,351,2,138,2,2,cluster3
584,cd7f098a15523f8289d946e48ef8047c,807,?,0,2,1713.001515,18.441176,6.8,648,0,0.000002,0.000005,0.00005,0,0,0.073937,541,40,34,523701,21,33,cluster4
585,cdbff938e7da381d89d6ba6f86b407d6,314,1,0,1,?,7,1,0,1,0.252852,0,0.252852,1,90,11.95,20,239,1,52,1,1,cluster1
586,cdc8259c3667361aa747d70d5e45d958,2619,?,0,0,?,7,1,70,0,0,0,0,0,0,0.979546,17454,17097,1,185671,1,1,cluster2
587,cf164decd6533983ba4eaa6b5a1cb20b,94,?,0,0,?,0,1,200,0,?,?,?,?,?,0,66,0,1,18800,?,?,cluster6
588,cfbe2edc27e4374ab6aefde2e178652d,12,?,0,1,?,10,1,0,1,0.003937,0,0.003937,0,0,0,0,0,1,5,1,1,cluster3
589,d024c0fb284e3b2baf32a50511e3f073,2612,?,0,0,?,21,1,2,1,?,?,?,?,?,0.54321,1215,660,1,7737,?,?,cluster6
590,d06a9c7374793c79926feddd23140257,332,1,0,1,?,7,1,4,1,0.252852,0,0.252852,1,90,22.75,28,637,1,1574,1,1,cluster1
591,d077b726f58c36d7a621fe3d2b5e03a0,827,?,0,0,?,15,1,0,0,?,?,?,?,?,1.468571,175,257,1,804,?,?,cluster6
592,d114afc965d83e56a68eb080aab8c401,11,1,0,1,?,10,1,2,1,0,0,0,0,0,90,1,90,1,32,1,1,cluster3
593,d1254b46903e3f29939cb8e50261bf9e,33,?,0,1,?,14,1,54,0,0,0,0,0,0,3.745763,118,442,1,1802,1,1,cluster3
594,d1d6dc5d29bf3becb5889f12817a784d,1012,?,0,2,1444.491667,11,1,28,0,?,?,?,?,?,0.646849,46238,29909,3,28837,?,?,cluster2
595,d22f9e0377ed30009fbaf2eec9b8e43a,12,?,0,1,?,10,1,1,1,0.008115,0,0.008115,0,0,0,0,5,1,15,1,1,cluster3
596,d2498a518e7831da804ab53ff152e4b2,2672,?,0,0,?,7,1,10,0,?,?,?,?,?,0.970588,476,462,1,26990,?,?,cluster6
597,d33bc5b286353aa9ae48ab5514fb9d47,2645,?,0,1,?,20,1,7,1,?,?,?,?,?,0.10904,81878,8928,1,20551,?,?,cluster6
598,d344f4b30c793323a9b4baccc16056c1,656,?,0,0,?,14,1,12,1,?,?,?,?,?,0.002807,72682,204,1,8280,?,?,cluster6
599,d3882477dd2a3f949cd1430f47ea7ec4,374,1,0,1,?,7,1,3,1,0.426704,0,0.426704,1,90,8.590164,61,524,1,1288,1,1,cluster1
600,d3884100e7ac3f5f8324fe4b6b6f6f3c,2265,?,0,0,76.666667,12.5,2,0,1,?,?,?,?,?,2.47619,21,52,2,296,?,?,cluster6
601,d3e69dc598673097a3c975c323bde037,11,1,0,1,?,10,1,6,1,0,0,0,0,0,79.75,4,319,1,76,1,1,cluster3
602,d3f1bd3f3740333c8b925e465903f9bb,84,?,0,2,?,18,1,44,0,?,?,?,?,?,2.727273,11,30,1,3696,?,?,cluster6
603,d3f87caf357231089b2a7ffb0ec78fc7,1735,?,0,0.5,27.866667,19,2,0,2,0.00049,0,0.00049,0,0,0.433472,7200,3121,2,696,1,1,cluster2
604,d404d67f648f3d378666c580cab02bc3,1585,?,0,1,?,19,1,10,1,?,?,?,?,?,1.998532,1362,2722,1,15971,?,?,cluster6
605,d4314004daf135f29a31b2668ed04840,164,?,0,1,?,9,1,14,0,?,?,?,?,?,0,2,0,1,2381,?,?,cluster6
606,d461f406e94f31c980bf927266ce0e79,1894,?,0,0,?,25,1,65,1,?,?,?,?,?,0.208167,33819,7040,1,123933,?,?,cluster6
607,d53614011ee43943a08357382f0bf03c,1837,?,0,0,?,27,1,0,1,?,?,?,?,?,1.854545,55,102,1,509,?,?,cluster6
608,d5864ee0543931d0ba10c9977b7fc9ee,1915,?,0,1,?,4,1,26,0,0,0,0,0,0,0.855218,2597,2221,1,50389,1,1,cluster2
609,d591ebe1929a374585c813efb58ce851,861,1,0,1,?,7,1,1,1,0.166763,0,0.166763,1,90,12.083333,24,290,1,1086,1,1,cluster1
610,d5927bcfd5983e58923bda377e625194,11,1,0,1,?,10,1,7,1,0,0,0,0,0,31.636364,11,348,1,78,1,1,cluster3
611,d617ad56a63e3ca281122456cbe548e2,1651,?,0,1,?,16,1,3,0,?,?,?,?,?,2.323572,683,1587,1,5230,?,?,cluster6
612,d628853b89c938cda5520d9afc6c2518,12,1,0,1,-6.95,12.5,2,5,1,0.013375,0.006348,0.02675,1,191,12.285714,7,86,2,64,2,2,cluster0
613,d65bacba66473736b924fae08318db23,2557,?,0,0,?,27,1,0,1,?,?,?,?,?,0.789855,138,109,1,1944,?,?,cluster6
614,d68a8d1191e230f493b00c752a2d09a9,11,?,0,1,?,10,1,8,1,0.000761,0,0.000761,0,0,73,4,292,1,94,1,1,cluster3
615,d750272086c5307f830add1d5343ef0f,452,1,0,1,?,7,1,3,1,0.166763,0,0.166763,1,90,23.03125,32,737,1,1486,1,1,cluster1
616,d75b3806e9ad3a08adc4ea0782f6fe44,1048,1,0,1,?,7,1,3,1,0.166763,0,0.166763,1,90,8.42268,97,817,1,3554,1,1,cluster1
617,d793dd4adbb532eaa0f9a6ae12b77554,322,?,0,0.3,2942.322807,2.75,5,152,0,0,0,0,0,0,0,55,0,20,48969,19,19,cluster4
618,d7d3f1ee94a93bdbb586624b44f5cca0,19,1,0,1,18.133333,12.5,2,7,1,0.013375,0.006348,0.02675,1,191,22.071429,14,309,2,144,2,2,cluster0
619,d824bc16866a34dba2dea7667c560e1e,1860,?,0,0,?,23,1,14,1,?,?,?,?,?,0.856621,6849,5867,1,26972,?,?,cluster6
620,d85e0c328c2c32329fc62fc2b3155c1f,2547,?,0,0,?,9,1,89,1,0,0,0,0,0,0.948657,43784,41536,1,227647,1,1,cluster2
621,d877c55149663a1d969fcdbcfbca7fc7,2558,?,0,1,?,23,1,30,1,0.000513,0,0.000513,1,16,3.025552,1448,4381,1,78108,1,1,cluster2
622,d92fc92768e73934a7b1883a901ab4e6,617,?,0,0.5,0.327778,17.5,4,11,1,?,?,?,?,?,0.538767,503,271,4,7119,?,?,cluster6
623,d99ba373296135d8b589982734e0dd6d,992,?,0,1,?,18,1,4,0,?,?,?,?,?,1.010293,1263,1276,1,4090,?,?,cluster6
624,da1d9ec333813f7d9d1cc667b73052a4,437,1,0,1,?,7,1,4,1,0.252852,0,0.252852,1,90,10.666667,87,928,1,1957,1,1,cluster1
625,da22cc56bae63de0b21427a1a5ef0043,71,?,0,1,?,6,1,12,0,?,?,?,?,?,0.877395,261,229,1,907,?,?,cluster6
626,da613e9db563390d8257061471327e88,12,?,0,1,?,10,1,1,1,0.019723,0,0.019723,1,191,0,0,0,1,16,1,1,cluster0
627,dc927ceb23dd3d1b9b6d25599bc40eb1,11,1,0,1,?,10,1,3,1,0,0,0,0,0,35.666667,3,107,1,33,1,1,cluster3
628,dccdd90c10bb3eb5971e74d40731bc02,1866,?,0,0,?,20,1,0,0,?,?,?,?,?,1.785882,425,759,1,1623,?,?,cluster6
629,de5ebe3ae5473ecb908f9f9e8be18650,2456,?,0,1,?,23,1,163,1,0.000186,0,0.000186,0,0,1.314736,3047,4006,1,401147,1,1,cluster2
630,de8af2ce15433ef697518f95631151bf,938,?,0,0,?,24,1,0,1,?,?,?,?,?,4.95,40,198,1,191,?,?,cluster6
631,deae62d483fa3f4794db5924a112ffd4,764,1,0,1,?,7,1,1,1,0,0,0,0,0,10.740741,27,290,1,1084,1,1,cluster3
632,debc324cab663941af13afd9f331098b,11,?,0,1,?,10,1,8,1,0.001219,0,0.001219,0,0,143.5,2,287,1,98,1,1,cluster3
633,defd2702adfb3bc396b0aec834ca45d2,995,?,0,0,?,20,1,18,1,?,?,?,?,?,0.931538,891,830,1,18506,?,?,cluster6
634,df3915ac355537429ba57a064503556d,2141,?,0,0,?,12,1,4,1,?,?,?,?,?,0.67509,277,187,1,9450,?,?,cluster6
635,df67e2498bfa34ec8626e438e92eda0b,1967,?,0,0,32.983333,0,2,347,0,?,?,?,?,?,0.757219,5264,3986,2,682955,?,?,cluster5
636,dfa2c44338e0326589ccb857cdb417da,12,?,0,1,?,10,1,10,1,0.003914,0,0.003914,0,0,42.142857,7,295,1,120,1,1,cluster3
637,dfee6ea1458936ca8f45a04a529eea26,285,?,0,1,?,18,1,0,1,?,?,?,?,?,0,0,1,1,1,?,?,cluster6
638,dff756cf3c7e3210887e816bdb1d7db9,2693,?,0,1,?,9,1,0,0,?,?,?,?,?,0.022099,181,4,1,1336,?,?,cluster6
639,e0d3d46dc4aa307599a6135ce31bb196,2288,?,0,0,?,9,1,32,1,0,0,0,0,0,0.521816,3942,2057,1,74751,1,1,cluster2
640,e123b1ad52693570bdfdbb4758ea7045,2638,?,0,0,?,7,1,5,0,0.000003,0,0.000003,0,0,0.752818,4968,3740,1,13709,1,1,cluster2
641,e152bdd78c1a3f928418e8ed81e1ae29,430,1,0,1,?,7,1,2,1,0.025,0,0.025,0,0,9,54,486,1,1002,1,1,cluster3
642,e1cd5d9516703f9aa42c23e642e77092,1389,?,0,1,?,5,1,1,0,?,?,?,?,?,1.377049,122,168,1,1764,?,?,cluster6
643,e2704efdea5e36d8bdec61d99459c5f0,12,1,0,1,-10.9,12.5,2,5,1,0.005471,0.001556,0.010941,0,0,21.666667,3,65,2,68,2,2,cluster3
644,e2c16e42adbb3d6ab9da7e2b46e99f28,1389,?,0,0,?,9,1,111,1,0,0,0,0,0,0.942756,19548,18429,1,154897,1,1,cluster2
645,e3201cc0fbaf3b30a85ecf59eeff3c43,75,?,0,0,?,23,1,497,1,?,?,?,?,?,0.991333,923,915,1,37343,?,?,cluster6
646,e3df822e41503d52bf7611f98022c2bb,109,?,0,0,?,5,1,34,0,0.015625,0,0.015625,0,0,2.092387,1353,2831,1,3716,1,1,cluster2
647,e435d68a297f3977aecb8ddbc2656b05,12,?,0,1,?,10,1,1,1,0.010492,0,0.010492,0,0,0,1,0,1,19,1,1,cluster3
648,e4586f32a7863f5791b70fb34322bf81,1681,?,0,0,?,17,1,1,0,?,?,?,?,?,1.660952,525,872,1,3201,?,?,cluster6
649,e4b1922ddb7930189c9c751a7c7d0195,17,1,0,1,2.116667,12.5,2,6,1,0.005471,0.001556,0.010941,0,0,33.727273,11,371,2,111,2,2,cluster3
650,e4ba40a1b35b3afeae09ffbbbe004673,19,1,0,1,17.483333,12.5,2,1,1,0.013375,0.006348,0.02675,1,191,0,11,0,2,37,2,2,cluster0
651,e4bb2a171b9b3e568a8efc7d65e1584b,62,?,0,0,?,23,1,334,3,?,?,?,?,?,0.858949,1503,1291,1,20711,?,?,cluster6
652,e520f16e5905345fb18b30921a655716,363,?,0,0,?,23,1,43,1,?,?,?,?,?,1.896254,347,658,1,15872,?,?,cluster6
653,e607e7f3b2f6313fac6f47b8dcdeab38,722,?,0,1,?,13,1,0,1,?,?,?,?,?,1.47191,89,131,1,296,?,?,cluster6
654,e60d59febff232128c80f5fbeb500683,841,1,0,1,?,7,1,1,1,0.166763,0,0.166763,1,90,13.405797,69,925,1,1339,1,1,cluster1
655,e6a5e6a7a60b3225ac693264fb946239,11,?,0,1,?,10,1,2,1,0.001238,0,0.001238,0,0,0,0,0,1,22,1,1,cluster3
656,e727a156fc863f2aa2bbc4bf307d6335,19,?,0,1,?,22,1,16,1,?,?,?,?,?,3.5,4,14,1,304,?,?,cluster6
657,e73c2959081b344cb5463293b73e79f9,2658,?,0,1,?,15,1,41,1,0,0,0,0,0,0.934004,71565,66842,1,110959,1,1,cluster2
658,e7a72f3abcd331e5b8dcb16c51730d3c,2230,?,0,0,?,24,1,9,1,?,?,?,?,?,0.998155,542,541,1,20491,?,?,cluster6
659,e7e0654444343918b991a0456b9e2871,156,?,0,2,14059.629167,18.4,1.25,842,0,0.000006,0.00001,0.000023,0,0,0,200,0,5,131379,4,4,cluster4
660,e7ee35be57e33a3d9984d87c7fac84c1,377,1,0,1,?,7,1,4,1,0.166763,0,0.166763,1,90,6.34,100,634,1,1619,1,1,cluster1
661,e87f1f9672db367fa3d382b34316c487,1445,?,0,1,?,14,1,1,1,0,0,0,0,0,1.837061,1252,2300,1,1910,1,1,cluster2
662,e890d85ea0f53e8a9ed7a25404a9d9a8,12,1,0,1,48.016667,12.5,2,5,1,0.005471,0.001556,0.010941,0,0,114,1,114,2,60,2,2,cluster3
663,e8ed93e172013dda8cac4f1664db339c,19,1,0,1,8.016667,12.5,2,7,1,0.005471,0.001556,0.010941,0,0,0,4,0,2,139,2,2,cluster3
664,e9a99d895574337da24cd6baef85b40d,401,1,0,1,?,7,1,3,1,0.252852,0,0.252852,1,90,12.255319,47,576,1,1552,1,1,cluster1
665,e9d8c3930ff03823bb445cd6d5f71cde,19,1,0,1,14.466667,12.5,2,7,1,0.013375,0.006348,0.02675,1,191,46,7,322,2,133,2,2,cluster0
666,e9e394d699cd3e8281e143f76d761703,12,?,0,1,?,10,1,1,1,0.010492,0,0.010492,0,0,0,0,1,1,22,1,1,cluster3
667,e9e6838084933d5f967ede876156d828,12,1,0,1,15.633333,12.5,2,2,1,0.013375,0.006348,0.02675,1,191,17.857143,7,125,2,28,2,2,cluster0
668,ea0d85bb1dcb31e9ac06b78401e3a353,2630,?,0,2,?,14,1,62,1,0,0,0,0,0,0.000323,1150118,372,1,164735,1,1,cluster2
669,eab5c48e4c00370ab4205a082c0c63a0,450,1,0,1,?,7,1,3,1,0.166763,0,0.166763,1,90,3.380952,273,923,1,1730,1,1,cluster1
670,ebd78788d328338094c779c7ad1f3db2,784,1,0,1,?,7,1,1,1,0.025,0,0.025,0,0,5.133333,30,154,1,1166,1,1,cluster3
671,ebd8f1f01aa93a21a3d1367a72f2dd1e,678,1,0,1,?,12,1,0,1,0.081145,0,0.081145,0,0,3.550926,216,767,1,279,1,1,cluster3
672,ebe41bf9038d3ef1b7676109b0341f2a,959,?,0,1,?,9,1,0,0,0,0,0,0,0,1.195402,87,104,1,347,1,1,cluster3
673,ec20e4e8d32137f68ea66d2b93c4d0df,800,?,0,0,?,21,1,7,1,0,0,0,0,0,2.087413,286,597,1,5874,1,1,cluster2
674,ec5970258d5436369ae7c52b485d161d,2514,?,0,1,53.183333,15.5,2,26,0,?,?,?,?,?,3.027174,368,1114,2,66973,?,?,cluster6
675,ec75e867302735f9a10148bf0f8f112c,367,1,0,1,?,7,1,6,1,0.025,0,0.025,0,0,13.938776,49,683,1,2294,1,1,cluster3
676,ee2356ff720e30608aa61fb44f462451,108,?,0,2,?,19,1,119,0,?,?,?,?,?,1,40,40,1,12959,?,?,cluster6
677,ef0d00fd36ed31409489fb8a8f540805,1005,?,0,1,?,18,1,0,2,?,?,?,?,?,5.881657,169,994,1,248,?,?,cluster6
678,ef367e6173153dca83c479e9ec3349b6,11,1,0,1,?,10,1,3,1,0,0,0,0,0,29.333333,3,88,1,34,1,1,cluster3
679,ef89b2611e6b3ac29af89e90a54ee76c,284,?,0,1.5,18194.338889,17.5,1.333333,1255,0,0.005208,0.007366,0.015625,0,0,0,411,0,4,356596,3,3,cluster4
680,ef8ee70e1b6936a0821a48f22af0d03d,11,?,0,1,?,10,1,6,1,0.001219,0,0.001219,0,0,0,0,0,1,66,1,1,cluster3
681,efe406e3a8f43e9b938080646c055331,12,1,0,1,90.1,12.5,2,5,1,0.005101,0.001926,0.010202,0,0,22,5,110,2,62,2,2,cluster3
682,effac9ea6325373b84791f3c24029f23,1850,?,0,2,?,15,1,1,1,?,?,?,?,?,0.417391,345,144,1,3262,?,?,cluster6
683,f014f8a81676384286383ea81770fd3d,1649,?,0,1,?,14,1,0,0,?,?,?,?,?,2.459016,61,150,1,164,?,?,cluster6
684,f04277a083523a4aa64661f2980c18dd,819,1,0,1,?,7,1,1,1,0.166763,0,0.166763,1,90,7.870968,31,244,1,1028,1,1,cluster1
685,f14d91f9da67366cb608daa8a0c62474,367,1,0,1,?,7,1,3,1,0.025,0,0.025,0,0,13.733333,45,618,1,1250,1,1,cluster3
686,f1ac4e8fa70932f380f0db44e957c07c,12,1,0,1,8.366667,12.5,2,5,1,0.001957,0.001957,0.003914,0,0,41.5,2,83,2,64,2,2,cluster3
687,f1bc2961d0df36c8b3a27c69d6eb0344,11,?,0,1,?,10,1,2,1,0.001219,0,0.001219,0,0,0,2,0,1,29,1,1,cluster3
688,f1c8a7820aa5392ca8ef43fba6df0c9b,1026,1,0,1,?,7,1,1,1,0.025,0,0.025,0,0,7.416667,24,178,1,1090,1,1,cluster3
689,f1ec678e35a934d5a7ec0631d76448fb,12,?,0,1,42.75,12.5,2,5,1,0.031372,0.011649,0.062743,2,195,74.75,4,299,2,68,2,2,cluster0
690,f347b3bce0593d6292c744d61927add7,16,1,0,1,-20.1,12.5,2,8,1,0.005471,0.001556,0.010941,0,0,21.142857,14,296,2,137,2,2,cluster3
691,f35b25353a913050b4b5eb596f5c1faf,904,?,0,1,?,19,1,1,1,?,?,?,?,?,0.543585,1021,555,1,1518,?,?,cluster6
692,f365b9e738083756a3cd75d49c8f00f8,1748,?,0,0,?,5,1,19,0,?,?,?,?,?,0.182259,2063,376,1,33814,?,?,cluster6
693,f3bc17b6c1dd30bf956461cedfd3852d,338,?,0,1.333333,27118.775,11.333333,1.5,4,1,0.000016,0,0.000016,0,0,3.311143,1382,4576,3,1618,1,2,cluster4
694,f41dc48f13e23b4eabe8327cb3ddbd58,2174,?,0,1,?,17,1,136,0,?,?,?,?,?,1.095972,5189,5687,1,297444,?,?,cluster6
695,f4c757b7b1a031888aa5c4a7b6202bc1,509,1,0,1,?,12,1,3,1,0.081145,0,0.081145,0,0,3.436807,451,1550,1,1989,1,1,cluster3
696,f4f77c2f23a930aaafe286485f289e42,2091,?,0,0,?,13,1,2,0,0,0,0,0,0,0.846835,1580,1338,1,4906,1,1,cluster2
697,f65ec0fc110839c08542dd6faecc5c55,2573,?,0,1,?,23,1,220,1,0.000828,0,0.000828,0,0,1.100249,12828,14114,1,568555,1,1,cluster2
698,f68e250edc6531788d8915d2202230fe,108,?,0,2,?,18,1,93,0,?,?,?,?,?,1.73913,23,40,1,10099,?,?,cluster6
699,f6b380359f373e4088dec28de797cdc8,507,?,0,2,3417.2725,16.714286,3.5,337,0,0,0,0,0,0,0.190476,210,40,21,171201,18,18,cluster4
700,f793892985853503ac503754d2965da7,356,?,0,0,?,12,1,0,1,?,?,?,?,?,1.15625,64,74,1,31,?,?,cluster6
701,f8218f3a5f913067b743fe43e66ddd48,440,1,0,1,?,7,1,4,1,0.166763,0,0.166763,1,90,17.543478,46,807,1,2178,1,1,cluster1
702,f8bd60b1f4763e268355dc7696a70450,358,1,0,1,?,7,1,4,1,0,0,0,0,0,14.758621,29,428,1,1624,1,1,cluster3
703,f8ee09f4848b36d3aac3a71c2f8bb44b,808,?,0,0,2357.459028,1,5,639,0,0.000461,0.001838,0.00783,0,0,0.099156,474,47,25,516606,17,24,cluster4
704,f9e8102ca0f63b00a018608d0a13f0af,119,?,0,1,?,9,1,316,0,?,?,?,?,?,1.64532,406,668,1,37681,?,?,cluster6
705,fa3114060c0f3b3fa812f886eb249e99,2646,?,0,0,?,23,1,13,1,?,?,?,?,?,0.169,18929,3199,1,36028,?,?,cluster6
706,fa5c06534e363038be6cd8448ee2462c,2371,?,0,1,?,9,1,2,0,?,?,?,?,?,0.793952,5489,4358,1,5554,?,?,cluster6
707,fa9128e7db763a908a38c4d81597eac3,1615,?,0,1,28.483333,12.5,2,25,0,0,0,0,0,0,0.751983,1387,1043,2,41150,2,2,cluster5
708,faa55b97f874368bb3d98b4fcf4cd8a6,50,?,0,2,7952.388095,18.5,4,814,0,0,0,0,0,0,0,68,0,8,40720,6,7,cluster4
709,fb1950bc71553d08b980102bcebcf0e9,305,?,0,0,?,15,1,3,0,?,?,?,?,?,6.367521,117,745,1,1114,?,?,cluster6
710,fbbd6985a1363bf4ad70d92159d98bca,1111,?,0,0,-122,0,2,239,0,?,?,?,?,?,0.071705,516,37,2,266151,?,?,cluster6
711,fc0446e6cc8a35ed8376c8775d27cbaa,12,?,0,1,?,10,1,2,1,0.008115,0,0.008115,0,0,0,0,1,1,25,1,1,cluster3
712,fcb2ad8d29b03d388b85e8c5731b0ded,11,1,0,1,?,10,1,3,1,0,0,0,0,0,107,2,214,1,36,1,1,cluster3
713,fe142fe477d637daa1dcced68b393577,11,1,0,1,?,10,1,1,1,0,0,0,0,0,0,0,78,1,14,1,1,cluster3
714,fe23da50507336ee811a6b957358e2e5,158,?,0,0,?,20,1,66,3,?,?,?,?,?,1.716376,2119,3637,1,10499,?,?,cluster6
715,ff02f109d35737c5bf2e12316ce1fdc5,62,?,0,2,?,13,1,23,0,?,?,?,?,?,5,8,40,1,1460,?,?,cluster6
716,ff78e7ff8ffb3bfe8e61c429eb8eb500,19,1,0,1,-10.05,12.5,2,7,1,0.005471,0.001556,0.010941,0,0,0,8,0,2,151,2,2,cluster3
717,ffbe2328231e368ba9a0ea263659943b,1692,?,0,0,?,0,1,188,0,?,?,?,?,?,0.386181,3734,1442,1,319172,?,?,cluster6
